timestamp, name, utilization.gpu [%], memory.used [MiB], memory.total [MiB], temperature.gpu
2026/02/05 11:12:19.757, NVIDIA Thor, 0 %, [N/A], [N/A], 37
2026/02/05 11:12:20.767, NVIDIA Thor, 50 %, [N/A], [N/A], 38
2026/02/05 11:12:21.770, NVIDIA Thor, 0 %, [N/A], [N/A], 38
2026/02/05 11:12:22.771, NVIDIA Thor, 1 %, [N/A], [N/A], 38
2026/02/05 11:12:23.774, NVIDIA Thor, 0 %, [N/A], [N/A], 38
2026/02/05 11:12:24.777, NVIDIA Thor, 0 %, [N/A], [N/A], 38
2026/02/05 11:12:25.779, NVIDIA Thor, 0 %, [N/A], [N/A], 38
2026/02/05 11:12:26.784, NVIDIA Thor, 67 %, [N/A], [N/A], 38
2026/02/05 11:12:27.785, NVIDIA Thor, 0 %, [N/A], [N/A], 38
2026/02/05 11:12:28.787, NVIDIA Thor, 1 %, [N/A], [N/A], 39
2026/02/05 11:12:29.789, NVIDIA Thor, 0 %, [N/A], [N/A], 39
2026/02/05 11:12:30.790, NVIDIA Thor, 98 %, [N/A], [N/A], 41
2026/02/05 11:12:31.794, NVIDIA Thor, 98 %, [N/A], [N/A], 41
2026/02/05 11:12:32.796, NVIDIA Thor, 3 %, [N/A], [N/A], 40
2026/02/05 11:12:33.797, NVIDIA Thor, 0 %, [N/A], [N/A], 40
2026/02/05 11:12:34.799, NVIDIA Thor, 98 %, [N/A], [N/A], 42
2026/02/05 11:12:35.803, NVIDIA Thor, 12 %, [N/A], [N/A], 41
2026/02/05 11:12:36.806, NVIDIA Thor, 9 %, [N/A], [N/A], 40
2026/02/05 11:12:37.808, NVIDIA Thor, 3 %, [N/A], [N/A], 40
2026/02/05 11:12:38.809, NVIDIA Thor, 98 %, [N/A], [N/A], 42
2026/02/05 11:12:39.813, NVIDIA Thor, 10 %, [N/A], [N/A], 41
2026/02/05 11:12:40.815, NVIDIA Thor, 85 %, [N/A], [N/A], 41
2026/02/05 11:12:41.817, NVIDIA Thor, 98 %, [N/A], [N/A], 42
2026/02/05 11:12:42.820, NVIDIA Thor, 5 %, [N/A], [N/A], 41
2026/02/05 11:12:43.822, NVIDIA Thor, 1 %, [N/A], [N/A], 41
2026/02/05 11:12:44.823, NVIDIA Thor, 1 %, [N/A], [N/A], 41
2026/02/05 11:12:45.825, NVIDIA Thor, 98 %, [N/A], [N/A], 43
2026/02/05 11:12:46.833, NVIDIA Thor, 98 %, [N/A], [N/A], 43
2026/02/05 11:12:47.835, NVIDIA Thor, 47 %, [N/A], [N/A], 43
2026/02/05 11:12:48.838, NVIDIA Thor, 13 %, [N/A], [N/A], 42
2026/02/05 11:12:49.840, NVIDIA Thor, 1 %, [N/A], [N/A], 42
2026/02/05 11:12:50.841, NVIDIA Thor, 2 %, [N/A], [N/A], 42
2026/02/05 11:12:51.843, NVIDIA Thor, 7 %, [N/A], [N/A], 42
2026/02/05 11:12:52.846, NVIDIA Thor, 6 %, [N/A], [N/A], 41
2026/02/05 11:12:53.847, NVIDIA Thor, 98 %, [N/A], [N/A], 44
2026/02/05 11:12:54.853, NVIDIA Thor, 4 %, [N/A], [N/A], 42
2026/02/05 11:12:55.855, NVIDIA Thor, 98 %, [N/A], [N/A], 43
2026/02/05 11:12:56.858, NVIDIA Thor, 1 %, [N/A], [N/A], 42
2026/02/05 11:12:57.860, NVIDIA Thor, 2 %, [N/A], [N/A], 42
2026/02/05 11:12:58.862, NVIDIA Thor, 68 %, [N/A], [N/A], 42
2026/02/05 11:12:59.865, NVIDIA Thor, 97 %, [N/A], [N/A], 43
2026/02/05 11:13:00.871, NVIDIA Thor, 97 %, [N/A], [N/A], 43
2026/02/05 11:13:01.874, NVIDIA Thor, 1 %, [N/A], [N/A], 42
2026/02/05 11:13:02.876, NVIDIA Thor, 12 %, [N/A], [N/A], 42
2026/02/05 11:13:03.888, NVIDIA Thor, 97 %, [N/A], [N/A], 43
2026/02/05 11:13:04.893, NVIDIA Thor, 7 %, [N/A], [N/A], 42
2026/02/05 11:13:05.895, NVIDIA Thor, 0 %, [N/A], [N/A], 42
2026/02/05 11:13:06.898, NVIDIA Thor, 98 %, [N/A], [N/A], 44
2026/02/05 11:13:07.900, NVIDIA Thor, 9 %, [N/A], [N/A], 42
2026/02/05 11:13:08.902, NVIDIA Thor, 78 %, [N/A], [N/A], 43
2026/02/05 11:13:09.906, NVIDIA Thor, 2 %, [N/A], [N/A], 42
2026/02/05 11:13:10.907, NVIDIA Thor, 3 %, [N/A], [N/A], 42
2026/02/05 11:13:11.910, NVIDIA Thor, 0 %, [N/A], [N/A], 42
2026/02/05 11:13:12.911, NVIDIA Thor, 76 %, [N/A], [N/A], 43
2026/02/05 11:13:13.916, NVIDIA Thor, 98 %, [N/A], [N/A], 44
2026/02/05 11:13:14.924, NVIDIA Thor, 98 %, [N/A], [N/A], 44
2026/02/05 11:13:15.927, NVIDIA Thor, 1 %, [N/A], [N/A], 43
2026/02/05 11:13:16.929, NVIDIA Thor, 2 %, [N/A], [N/A], 42
2026/02/05 11:13:17.930, NVIDIA Thor, 0 %, [N/A], [N/A], 42
2026/02/05 11:13:18.932, NVIDIA Thor, 11 %, [N/A], [N/A], 43
2026/02/05 11:13:19.933, NVIDIA Thor, 98 %, [N/A], [N/A], 44
2026/02/05 11:13:20.937, NVIDIA Thor, 8 %, [N/A], [N/A], 43
2026/02/05 11:13:21.938, NVIDIA Thor, 6 %, [N/A], [N/A], 43
2026/02/05 11:13:22.940, NVIDIA Thor, 97 %, [N/A], [N/A], 44
2026/02/05 11:13:23.945, NVIDIA Thor, 4 %, [N/A], [N/A], 43
2026/02/05 11:13:24.947, NVIDIA Thor, 4 %, [N/A], [N/A], 43
2026/02/05 11:13:25.949, NVIDIA Thor, 4 %, [N/A], [N/A], 43
2026/02/05 11:13:26.951, NVIDIA Thor, 97 %, [N/A], [N/A], 44
2026/02/05 11:13:27.954, NVIDIA Thor, 34 %, [N/A], [N/A], 44
2026/02/05 11:13:28.956, NVIDIA Thor, 7 %, [N/A], [N/A], 43
2026/02/05 11:13:29.958, NVIDIA Thor, 97 %, [N/A], [N/A], 45
2026/02/05 11:13:30.961, NVIDIA Thor, 23 %, [N/A], [N/A], 43
2026/02/05 11:13:31.962, NVIDIA Thor, 7 %, [N/A], [N/A], 43
2026/02/05 11:13:32.964, NVIDIA Thor, 98 %, [N/A], [N/A], 45
2026/02/05 11:13:33.967, NVIDIA Thor, 11 %, [N/A], [N/A], 43
2026/02/05 11:13:34.969, NVIDIA Thor, 98 %, [N/A], [N/A], 45
2026/02/05 11:13:35.975, NVIDIA Thor, 8 %, [N/A], [N/A], 43
2026/02/05 11:13:36.978, NVIDIA Thor, 91 %, [N/A], [N/A], 44
2026/02/05 11:13:37.982, NVIDIA Thor, 61 %, [N/A], [N/A], 44
2026/02/05 11:13:38.984, NVIDIA Thor, 8 %, [N/A], [N/A], 43
2026/02/05 11:13:39.985, NVIDIA Thor, 1 %, [N/A], [N/A], 43
2026/02/05 11:13:40.987, NVIDIA Thor, 5 %, [N/A], [N/A], 43
2026/02/05 11:13:41.989, NVIDIA Thor, 80 %, [N/A], [N/A], 44
2026/02/05 11:13:42.991, NVIDIA Thor, 98 %, [N/A], [N/A], 45
2026/02/05 11:13:43.998, NVIDIA Thor, 97 %, [N/A], [N/A], 45
2026/02/05 11:13:45.000, NVIDIA Thor, 1 %, [N/A], [N/A], 43
2026/02/05 11:13:46.002, NVIDIA Thor, 1 %, [N/A], [N/A], 43
2026/02/05 11:13:47.004, NVIDIA Thor, 98 %, [N/A], [N/A], 45
2026/02/05 11:13:48.006, NVIDIA Thor, 5 %, [N/A], [N/A], 43
2026/02/05 11:13:49.007, NVIDIA Thor, 98 %, [N/A], [N/A], 45
2026/02/05 11:13:50.011, NVIDIA Thor, 7 %, [N/A], [N/A], 44
2026/02/05 11:13:51.012, NVIDIA Thor, 2 %, [N/A], [N/A], 43
2026/02/05 11:13:52.014, NVIDIA Thor, 97 %, [N/A], [N/A], 45
2026/02/05 11:13:53.020, NVIDIA Thor, 98 %, [N/A], [N/A], 45
2026/02/05 11:13:54.024, NVIDIA Thor, 98 %, [N/A], [N/A], 45
2026/02/05 11:13:55.029, NVIDIA Thor, 97 %, [N/A], [N/A], 45
2026/02/05 11:13:56.031, NVIDIA Thor, 54 %, [N/A], [N/A], 45
2026/02/05 11:13:57.034, NVIDIA Thor, 8 %, [N/A], [N/A], 44
2026/02/05 11:13:58.036, NVIDIA Thor, 2 %, [N/A], [N/A], 44
2026/02/05 11:13:59.038, NVIDIA Thor, 0 %, [N/A], [N/A], 43
2026/02/05 11:14:00.040, NVIDIA Thor, 98 %, [N/A], [N/A], 45
2026/02/05 11:14:01.043, NVIDIA Thor, 0 %, [N/A], [N/A], 44
2026/02/05 11:14:02.045, NVIDIA Thor, 98 %, [N/A], [N/A], 45
2026/02/05 11:14:03.048, NVIDIA Thor, 1 %, [N/A], [N/A], 44
2026/02/05 11:14:04.049, NVIDIA Thor, 0 %, [N/A], [N/A], 44
2026/02/05 11:14:05.051, NVIDIA Thor, 3 %, [N/A], [N/A], 44
2026/02/05 11:14:06.054, NVIDIA Thor, 7 %, [N/A], [N/A], 44
2026/02/05 11:14:07.056, NVIDIA Thor, 1 %, [N/A], [N/A], 44
2026/02/05 11:14:08.058, NVIDIA Thor, 93 %, [N/A], [N/A], 45
2026/02/05 11:14:09.064, NVIDIA Thor, 97 %, [N/A], [N/A], 46
2026/02/05 11:14:10.068, NVIDIA Thor, 0 %, [N/A], [N/A], 43
2026/02/05 11:14:11.070, NVIDIA Thor, 98 %, [N/A], [N/A], 46
2026/02/05 11:14:12.075, NVIDIA Thor, 3 %, [N/A], [N/A], 44
2026/02/05 11:14:13.077, NVIDIA Thor, 98 %, [N/A], [N/A], 46
2026/02/05 11:14:14.079, NVIDIA Thor, 1 %, [N/A], [N/A], 44
2026/02/05 11:14:15.080, NVIDIA Thor, 1 %, [N/A], [N/A], 44
2026/02/05 11:14:16.082, NVIDIA Thor, 1 %, [N/A], [N/A], 44
2026/02/05 11:14:17.084, NVIDIA Thor, 2 %, [N/A], [N/A], 44
2026/02/05 11:14:18.085, NVIDIA Thor, 98 %, [N/A], [N/A], 46
2026/02/05 11:14:19.090, NVIDIA Thor, 2 %, [N/A], [N/A], 44
2026/02/05 11:14:20.092, NVIDIA Thor, 0 %, [N/A], [N/A], 44
2026/02/05 11:14:21.094, NVIDIA Thor, 96 %, [N/A], [N/A], 45
2026/02/05 11:14:22.098, NVIDIA Thor, 97 %, [N/A], [N/A], 46
2026/02/05 11:14:23.101, NVIDIA Thor, 14 %, [N/A], [N/A], 45
2026/02/05 11:14:24.102, NVIDIA Thor, 11 %, [N/A], [N/A], 44
2026/02/05 11:14:25.104, NVIDIA Thor, 0 %, [N/A], [N/A], 44
2026/02/05 11:14:26.106, NVIDIA Thor, 97 %, [N/A], [N/A], 46
2026/02/05 11:14:27.108, NVIDIA Thor, 11 %, [N/A], [N/A], 44
2026/02/05 11:14:28.110, NVIDIA Thor, 0 %, [N/A], [N/A], 44
2026/02/05 11:14:29.112, NVIDIA Thor, 97 %, [N/A], [N/A], 46
2026/02/05 11:14:30.119, NVIDIA Thor, 98 %, [N/A], [N/A], 46
2026/02/05 11:14:31.122, NVIDIA Thor, 5 %, [N/A], [N/A], 45
2026/02/05 11:14:32.123, NVIDIA Thor, 1 %, [N/A], [N/A], 45
2026/02/05 11:14:33.126, NVIDIA Thor, 0 %, [N/A], [N/A], 44
2026/02/05 11:14:34.127, NVIDIA Thor, 97 %, [N/A], [N/A], 46
2026/02/05 11:14:35.135, NVIDIA Thor, 75 %, [N/A], [N/A], 46
2026/02/05 11:14:36.137, NVIDIA Thor, 1 %, [N/A], [N/A], 44
2026/02/05 11:14:37.138, NVIDIA Thor, 98 %, [N/A], [N/A], 46
2026/02/05 11:14:38.144, NVIDIA Thor, 5 %, [N/A], [N/A], 45
2026/02/05 11:14:39.146, NVIDIA Thor, 94 %, [N/A], [N/A], 46
2026/02/05 11:14:40.150, NVIDIA Thor, 1 %, [N/A], [N/A], 44
2026/02/05 11:14:41.152, NVIDIA Thor, 98 %, [N/A], [N/A], 46
2026/02/05 11:14:42.155, NVIDIA Thor, 3 %, [N/A], [N/A], 45
2026/02/05 11:14:43.157, NVIDIA Thor, 1 %, [N/A], [N/A], 45
2026/02/05 11:14:44.159, NVIDIA Thor, 98 %, [N/A], [N/A], 46
2026/02/05 11:14:45.163, NVIDIA Thor, 8 %, [N/A], [N/A], 45
2026/02/05 11:14:46.165, NVIDIA Thor, 9 %, [N/A], [N/A], 45
2026/02/05 11:14:47.167, NVIDIA Thor, 0 %, [N/A], [N/A], 45
2026/02/05 11:14:48.170, NVIDIA Thor, 97 %, [N/A], [N/A], 46
2026/02/05 11:14:49.173, NVIDIA Thor, 98 %, [N/A], [N/A], 46
2026/02/05 11:14:50.181, NVIDIA Thor, 98 %, [N/A], [N/A], 46
2026/02/05 11:14:51.183, NVIDIA Thor, 1 %, [N/A], [N/A], 45
2026/02/05 11:14:52.184, NVIDIA Thor, 1 %, [N/A], [N/A], 45
2026/02/05 11:14:53.186, NVIDIA Thor, 5 %, [N/A], [N/A], 45
2026/02/05 11:14:54.189, NVIDIA Thor, 1 %, [N/A], [N/A], 45
2026/02/05 11:14:55.190, NVIDIA Thor, 2 %, [N/A], [N/A], 44
2026/02/05 11:14:56.192, NVIDIA Thor, 54 %, [N/A], [N/A], 45
2026/02/05 11:14:57.194, NVIDIA Thor, 98 %, [N/A], [N/A], 46
2026/02/05 11:14:58.198, NVIDIA Thor, 2 %, [N/A], [N/A], 45
2026/02/05 11:14:59.199, NVIDIA Thor, 2 %, [N/A], [N/A], 45
2026/02/05 11:15:00.202, NVIDIA Thor, 98 %, [N/A], [N/A], 47
2026/02/05 11:15:01.204, NVIDIA Thor, 7 %, [N/A], [N/A], 45
2026/02/05 11:15:02.205, NVIDIA Thor, 0 %, [N/A], [N/A], 45
2026/02/05 11:15:03.206, NVIDIA Thor, 98 %, [N/A], [N/A], 47
2026/02/05 11:15:04.209, NVIDIA Thor, 6 %, [N/A], [N/A], 45
2026/02/05 11:15:05.210, NVIDIA Thor, 26 %, [N/A], [N/A], 45
2026/02/05 11:15:06.215, NVIDIA Thor, 97 %, [N/A], [N/A], 47
2026/02/05 11:15:07.219, NVIDIA Thor, 11 %, [N/A], [N/A], 46
2026/02/05 11:15:08.220, NVIDIA Thor, 0 %, [N/A], [N/A], 45
2026/02/05 11:15:09.222, NVIDIA Thor, 25 %, [N/A], [N/A], 45
2026/02/05 11:15:10.224, NVIDIA Thor, 13 %, [N/A], [N/A], 44
2026/02/05 11:15:11.225, NVIDIA Thor, 2 %, [N/A], [N/A], 45
2026/02/05 11:15:12.226, NVIDIA Thor, 0 %, [N/A], [N/A], 45
2026/02/05 11:15:13.228, NVIDIA Thor, 64 %, [N/A], [N/A], 45
2026/02/05 11:15:14.232, NVIDIA Thor, 98 %, [N/A], [N/A], 46
2026/02/05 11:15:15.240, NVIDIA Thor, 98 %, [N/A], [N/A], 47
2026/02/05 11:15:16.244, NVIDIA Thor, 98 %, [N/A], [N/A], 46
2026/02/05 11:15:17.247, NVIDIA Thor, 7 %, [N/A], [N/A], 45
2026/02/05 11:15:18.248, NVIDIA Thor, 8 %, [N/A], [N/A], 45
2026/02/05 11:15:19.251, NVIDIA Thor, 64 %, [N/A], [N/A], 45
2026/02/05 11:15:20.256, NVIDIA Thor, 63 %, [N/A], [N/A], 46
2026/02/05 11:15:21.260, NVIDIA Thor, 82 %, [N/A], [N/A], 46
2026/02/05 11:15:22.262, NVIDIA Thor, 97 %, [N/A], [N/A], 46
2026/02/05 11:15:23.269, NVIDIA Thor, 98 %, [N/A], [N/A], 47
2026/02/05 11:15:24.274, NVIDIA Thor, 97 %, [N/A], [N/A], 47
2026/02/05 11:15:25.277, NVIDIA Thor, 8 %, [N/A], [N/A], 45
2026/02/05 11:15:26.278, NVIDIA Thor, 8 %, [N/A], [N/A], 46
2026/02/05 11:15:27.281, NVIDIA Thor, 1 %, [N/A], [N/A], 45
2026/02/05 11:15:28.282, NVIDIA Thor, 0 %, [N/A], [N/A], 45
2026/02/05 11:15:29.284, NVIDIA Thor, 95 %, [N/A], [N/A], 46
2026/02/05 11:15:30.290, NVIDIA Thor, 97 %, [N/A], [N/A], 47
2026/02/05 11:15:31.293, NVIDIA Thor, 1 %, [N/A], [N/A], 46
2026/02/05 11:15:32.294, NVIDIA Thor, 3 %, [N/A], [N/A], 46
2026/02/05 11:15:33.297, NVIDIA Thor, 9 %, [N/A], [N/A], 46
2026/02/05 11:15:34.298, NVIDIA Thor, 1 %, [N/A], [N/A], 46
2026/02/05 11:15:35.301, NVIDIA Thor, 98 %, [N/A], [N/A], 47
2026/02/05 11:15:36.304, NVIDIA Thor, 97 %, [N/A], [N/A], 47
2026/02/05 11:15:37.308, NVIDIA Thor, 97 %, [N/A], [N/A], 46
2026/02/05 11:15:38.312, NVIDIA Thor, 0 %, [N/A], [N/A], 45
2026/02/05 11:15:39.313, NVIDIA Thor, 3 %, [N/A], [N/A], 45
2026/02/05 11:15:40.315, NVIDIA Thor, 1 %, [N/A], [N/A], 45
2026/02/05 11:15:41.317, NVIDIA Thor, 1 %, [N/A], [N/A], 45
2026/02/05 11:15:42.318, NVIDIA Thor, 98 %, [N/A], [N/A], 47
2026/02/05 11:15:43.321, NVIDIA Thor, 74 %, [N/A], [N/A], 47
2026/02/05 11:15:44.323, NVIDIA Thor, 2 %, [N/A], [N/A], 46
2026/02/05 11:15:45.325, NVIDIA Thor, 4 %, [N/A], [N/A], 45
2026/02/05 11:15:46.326, NVIDIA Thor, 54 %, [N/A], [N/A], 46
2026/02/05 11:15:47.333, NVIDIA Thor, 97 %, [N/A], [N/A], 47
2026/02/05 11:15:48.338, NVIDIA Thor, 97 %, [N/A], [N/A], 47
2026/02/05 11:15:49.343, NVIDIA Thor, 98 %, [N/A], [N/A], 47
2026/02/05 11:15:50.347, NVIDIA Thor, 2 %, [N/A], [N/A], 46
2026/02/05 11:15:51.348, NVIDIA Thor, 1 %, [N/A], [N/A], 46
2026/02/05 11:15:52.350, NVIDIA Thor, 97 %, [N/A], [N/A], 47
2026/02/05 11:15:53.356, NVIDIA Thor, 98 %, [N/A], [N/A], 47
2026/02/05 11:15:54.358, NVIDIA Thor, 11 %, [N/A], [N/A], 46
2026/02/05 11:15:55.362, NVIDIA Thor, 3 %, [N/A], [N/A], 45
2026/02/05 11:15:56.363, NVIDIA Thor, 0 %, [N/A], [N/A], 45
2026/02/05 11:15:57.365, NVIDIA Thor, 98 %, [N/A], [N/A], 47
2026/02/05 11:15:58.369, NVIDIA Thor, 4 %, [N/A], [N/A], 46
2026/02/05 11:15:59.370, NVIDIA Thor, 2 %, [N/A], [N/A], 46
2026/02/05 11:16:00.375, NVIDIA Thor, 57 %, [N/A], [N/A], 46
2026/02/05 11:16:01.379, NVIDIA Thor, 0 %, [N/A], [N/A], 45
2026/02/05 11:16:02.380, NVIDIA Thor, 98 %, [N/A], [N/A], 47
2026/02/05 11:16:03.384, NVIDIA Thor, 98 %, [N/A], [N/A], 47
2026/02/05 11:16:04.386, NVIDIA Thor, 0 %, [N/A], [N/A], 46
2026/02/05 11:16:05.387, NVIDIA Thor, 97 %, [N/A], [N/A], 47
2026/02/05 11:16:06.392, NVIDIA Thor, 42 %, [N/A], [N/A], 47
2026/02/05 11:16:07.393, NVIDIA Thor, 2 %, [N/A], [N/A], 46
2026/02/05 11:16:08.395, NVIDIA Thor, 4 %, [N/A], [N/A], 46
2026/02/05 11:16:09.397, NVIDIA Thor, 2 %, [N/A], [N/A], 46
2026/02/05 11:16:10.398, NVIDIA Thor, 11 %, [N/A], [N/A], 46
2026/02/05 11:16:11.401, NVIDIA Thor, 4 %, [N/A], [N/A], 45
2026/02/05 11:16:12.402, NVIDIA Thor, 97 %, [N/A], [N/A], 47
2026/02/05 11:16:13.406, NVIDIA Thor, 9 %, [N/A], [N/A], 47
2026/02/05 11:16:14.408, NVIDIA Thor, 0 %, [N/A], [N/A], 46
2026/02/05 11:16:15.419, NVIDIA Thor, 98 %, [N/A], [N/A], 47
2026/02/05 11:16:16.425, NVIDIA Thor, 33 %, [N/A], [N/A], 47
2026/02/05 11:16:17.426, NVIDIA Thor, 8 %, [N/A], [N/A], 46
2026/02/05 11:16:18.428, NVIDIA Thor, 2 %, [N/A], [N/A], 46
2026/02/05 11:16:19.430, NVIDIA Thor, 2 %, [N/A], [N/A], 46
2026/02/05 11:16:20.432, NVIDIA Thor, 76 %, [N/A], [N/A], 47
2026/02/05 11:16:21.434, NVIDIA Thor, 97 %, [N/A], [N/A], 48
2026/02/05 11:16:22.436, NVIDIA Thor, 98 %, [N/A], [N/A], 47
2026/02/05 11:16:23.439, NVIDIA Thor, 97 %, [N/A], [N/A], 47
2026/02/05 11:16:24.442, NVIDIA Thor, 97 %, [N/A], [N/A], 47
2026/02/05 11:16:25.445, NVIDIA Thor, 0 %, [N/A], [N/A], 46
2026/02/05 11:16:26.446, NVIDIA Thor, 98 %, [N/A], [N/A], 47
2026/02/05 11:16:27.450, NVIDIA Thor, 1 %, [N/A], [N/A], 46
2026/02/05 11:16:28.452, NVIDIA Thor, 74 %, [N/A], [N/A], 46
2026/02/05 11:16:29.454, NVIDIA Thor, 97 %, [N/A], [N/A], 48
2026/02/05 11:16:30.456, NVIDIA Thor, 97 %, [N/A], [N/A], 47
2026/02/05 11:16:31.462, NVIDIA Thor, 97 %, [N/A], [N/A], 47
2026/02/05 11:16:32.465, NVIDIA Thor, 8 %, [N/A], [N/A], 46
2026/02/05 11:16:33.466, NVIDIA Thor, 96 %, [N/A], [N/A], 47
2026/02/05 11:16:34.469, NVIDIA Thor, 98 %, [N/A], [N/A], 48
2026/02/05 11:16:35.471, NVIDIA Thor, 10 %, [N/A], [N/A], 46
2026/02/05 11:16:36.473, NVIDIA Thor, 62 %, [N/A], [N/A], 47
2026/02/05 11:16:37.478, NVIDIA Thor, 0 %, [N/A], [N/A], 46
2026/02/05 11:16:38.480, NVIDIA Thor, 1 %, [N/A], [N/A], 46
2026/02/05 11:16:39.482, NVIDIA Thor, 2 %, [N/A], [N/A], 46
2026/02/05 11:16:40.484, NVIDIA Thor, 0 %, [N/A], [N/A], 46
2026/02/05 11:16:41.485, NVIDIA Thor, 21 %, [N/A], [N/A], 46
2026/02/05 11:16:42.487, NVIDIA Thor, 1 %, [N/A], [N/A], 46
2026/02/05 11:16:43.488, NVIDIA Thor, 96 %, [N/A], [N/A], 47
2026/02/05 11:16:44.494, NVIDIA Thor, 98 %, [N/A], [N/A], 47
2026/02/05 11:16:45.496, NVIDIA Thor, 1 %, [N/A], [N/A], 46
2026/02/05 11:16:46.498, NVIDIA Thor, 98 %, [N/A], [N/A], 48
2026/02/05 11:16:47.502, NVIDIA Thor, 4 %, [N/A], [N/A], 47
2026/02/05 11:16:48.504, NVIDIA Thor, 1 %, [N/A], [N/A], 46
2026/02/05 11:16:49.506, NVIDIA Thor, 98 %, [N/A], [N/A], 48
2026/02/05 11:16:50.509, NVIDIA Thor, 1 %, [N/A], [N/A], 46
2026/02/05 11:16:51.510, NVIDIA Thor, 98 %, [N/A], [N/A], 48
2026/02/05 11:16:52.512, NVIDIA Thor, 2 %, [N/A], [N/A], 46
2026/02/05 11:16:53.514, NVIDIA Thor, 98 %, [N/A], [N/A], 48
2026/02/05 11:16:54.519, NVIDIA Thor, 37 %, [N/A], [N/A], 48
2026/02/05 11:16:55.521, NVIDIA Thor, 30 %, [N/A], [N/A], 46
2026/02/05 11:16:56.522, NVIDIA Thor, 3 %, [N/A], [N/A], 46
2026/02/05 11:16:57.524, NVIDIA Thor, 98 %, [N/A], [N/A], 48
2026/02/05 11:16:58.527, NVIDIA Thor, 4 %, [N/A], [N/A], 47
2026/02/05 11:16:59.528, NVIDIA Thor, 87 %, [N/A], [N/A], 47
2026/02/05 11:17:00.530, NVIDIA Thor, 98 %, [N/A], [N/A], 48
2026/02/05 11:17:01.533, NVIDIA Thor, 1 %, [N/A], [N/A], 46
2026/02/05 11:17:02.535, NVIDIA Thor, 98 %, [N/A], [N/A], 48
2026/02/05 11:17:03.537, NVIDIA Thor, 11 %, [N/A], [N/A], 47
2026/02/05 11:17:04.539, NVIDIA Thor, 2 %, [N/A], [N/A], 47
2026/02/05 11:17:05.541, NVIDIA Thor, 98 %, [N/A], [N/A], 48
2026/02/05 11:17:06.545, NVIDIA Thor, 9 %, [N/A], [N/A], 47
2026/02/05 11:17:07.547, NVIDIA Thor, 96 %, [N/A], [N/A], 48
2026/02/05 11:17:08.553, NVIDIA Thor, 77 %, [N/A], [N/A], 48
2026/02/05 11:17:09.555, NVIDIA Thor, 32 %, [N/A], [N/A], 46
2026/02/05 11:17:10.557, NVIDIA Thor, 1 %, [N/A], [N/A], 47
2026/02/05 11:17:11.558, NVIDIA Thor, 98 %, [N/A], [N/A], 48
2026/02/05 11:17:12.561, NVIDIA Thor, 1 %, [N/A], [N/A], 47
2026/02/05 11:17:13.562, NVIDIA Thor, 98 %, [N/A], [N/A], 48
2026/02/05 11:17:14.565, NVIDIA Thor, 2 %, [N/A], [N/A], 47
2026/02/05 11:17:15.567, NVIDIA Thor, 97 %, [N/A], [N/A], 48
2026/02/05 11:17:16.569, NVIDIA Thor, 0 %, [N/A], [N/A], 47
2026/02/05 11:17:17.571, NVIDIA Thor, 67 %, [N/A], [N/A], 47
2026/02/05 11:17:18.574, NVIDIA Thor, 98 %, [N/A], [N/A], 48
2026/02/05 11:17:19.577, NVIDIA Thor, 5 %, [N/A], [N/A], 47
2026/02/05 11:17:20.578, NVIDIA Thor, 0 %, [N/A], [N/A], 47
2026/02/05 11:17:21.580, NVIDIA Thor, 97 %, [N/A], [N/A], 48
2026/02/05 11:17:22.585, NVIDIA Thor, 37 %, [N/A], [N/A], 48
2026/02/05 11:17:23.586, NVIDIA Thor, 25 %, [N/A], [N/A], 47
2026/02/05 11:17:24.588, NVIDIA Thor, 21 %, [N/A], [N/A], 46
2026/02/05 11:17:25.590, NVIDIA Thor, 98 %, [N/A], [N/A], 48
2026/02/05 11:17:26.593, NVIDIA Thor, 5 %, [N/A], [N/A], 47
2026/02/05 11:17:27.595, NVIDIA Thor, 0 %, [N/A], [N/A], 47
2026/02/05 11:17:28.597, NVIDIA Thor, 1 %, [N/A], [N/A], 46
2026/02/05 11:17:29.599, NVIDIA Thor, 97 %, [N/A], [N/A], 48
2026/02/05 11:17:30.602, NVIDIA Thor, 97 %, [N/A], [N/A], 48
2026/02/05 11:17:31.607, NVIDIA Thor, 4 %, [N/A], [N/A], 47
2026/02/05 11:17:32.609, NVIDIA Thor, 92 %, [N/A], [N/A], 48
2026/02/05 11:17:33.613, NVIDIA Thor, 98 %, [N/A], [N/A], 48
2026/02/05 11:17:34.615, NVIDIA Thor, 2 %, [N/A], [N/A], 47
2026/02/05 11:17:35.616, NVIDIA Thor, 86 %, [N/A], [N/A], 47
2026/02/05 11:17:36.618, NVIDIA Thor, 98 %, [N/A], [N/A], 48
2026/02/05 11:17:37.624, NVIDIA Thor, 97 %, [N/A], [N/A], 48
2026/02/05 11:17:38.626, NVIDIA Thor, 0 %, [N/A], [N/A], 46
2026/02/05 11:17:39.628, NVIDIA Thor, 6 %, [N/A], [N/A], 47
2026/02/05 11:17:40.629, NVIDIA Thor, 71 %, [N/A], [N/A], 47
2026/02/05 11:17:41.633, NVIDIA Thor, 98 %, [N/A], [N/A], 48
2026/02/05 11:17:42.636, NVIDIA Thor, 98 %, [N/A], [N/A], 48
2026/02/05 11:17:43.640, NVIDIA Thor, 63 %, [N/A], [N/A], 47
2026/02/05 11:17:44.647, NVIDIA Thor, 1 %, [N/A], [N/A], 47
2026/02/05 11:17:45.651, NVIDIA Thor, 1 %, [N/A], [N/A], 47
2026/02/05 11:17:46.653, NVIDIA Thor, 98 %, [N/A], [N/A], 48
2026/02/05 11:17:47.655, NVIDIA Thor, 62 %, [N/A], [N/A], 48
2026/02/05 11:17:48.657, NVIDIA Thor, 8 %, [N/A], [N/A], 47
2026/02/05 11:17:49.658, NVIDIA Thor, 98 %, [N/A], [N/A], 49
2026/02/05 11:17:50.661, NVIDIA Thor, 4 %, [N/A], [N/A], 47
2026/02/05 11:17:51.662, NVIDIA Thor, 97 %, [N/A], [N/A], 48
2026/02/05 11:17:52.665, NVIDIA Thor, 27 %, [N/A], [N/A], 48
2026/02/05 11:17:53.666, NVIDIA Thor, 0 %, [N/A], [N/A], 46
2026/02/05 11:17:54.667, NVIDIA Thor, 97 %, [N/A], [N/A], 49
2026/02/05 11:17:55.669, NVIDIA Thor, 2 %, [N/A], [N/A], 47
2026/02/05 11:17:56.670, NVIDIA Thor, 98 %, [N/A], [N/A], 48
2026/02/05 11:17:57.674, NVIDIA Thor, 1 %, [N/A], [N/A], 47
2026/02/05 11:17:58.675, NVIDIA Thor, 98 %, [N/A], [N/A], 49
2026/02/05 11:17:59.682, NVIDIA Thor, 2 %, [N/A], [N/A], 47
2026/02/05 11:18:00.683, NVIDIA Thor, 97 %, [N/A], [N/A], 48
2026/02/05 11:18:01.686, NVIDIA Thor, 3 %, [N/A], [N/A], 47
2026/02/05 11:18:02.687, NVIDIA Thor, 97 %, [N/A], [N/A], 48
2026/02/05 11:18:03.695, NVIDIA Thor, 6 %, [N/A], [N/A], 48
2026/02/05 11:18:04.697, NVIDIA Thor, 2 %, [N/A], [N/A], 47
2026/02/05 11:18:05.698, NVIDIA Thor, 97 %, [N/A], [N/A], 49
2026/02/05 11:18:06.701, NVIDIA Thor, 5 %, [N/A], [N/A], 47
2026/02/05 11:18:07.702, NVIDIA Thor, 2 %, [N/A], [N/A], 47
2026/02/05 11:18:08.704, NVIDIA Thor, 14 %, [N/A], [N/A], 46
2026/02/05 11:18:09.705, NVIDIA Thor, 0 %, [N/A], [N/A], 47
2026/02/05 11:18:10.706, NVIDIA Thor, 98 %, [N/A], [N/A], 49
2026/02/05 11:18:11.710, NVIDIA Thor, 1 %, [N/A], [N/A], 47
2026/02/05 11:18:12.711, NVIDIA Thor, 97 %, [N/A], [N/A], 48
2026/02/05 11:18:13.718, NVIDIA Thor, 70 %, [N/A], [N/A], 48
2026/02/05 11:18:14.719, NVIDIA Thor, 2 %, [N/A], [N/A], 47
2026/02/05 11:18:15.721, NVIDIA Thor, 97 %, [N/A], [N/A], 48
2026/02/05 11:18:16.728, NVIDIA Thor, 9 %, [N/A], [N/A], 48
2026/02/05 11:18:17.730, NVIDIA Thor, 97 %, [N/A], [N/A], 48
2026/02/05 11:18:18.733, NVIDIA Thor, 3 %, [N/A], [N/A], 48
2026/02/05 11:18:19.734, NVIDIA Thor, 98 %, [N/A], [N/A], 49
2026/02/05 11:18:20.740, NVIDIA Thor, 2 %, [N/A], [N/A], 47
2026/02/05 11:18:21.741, NVIDIA Thor, 15 %, [N/A], [N/A], 47
2026/02/05 11:18:22.751, NVIDIA Thor, 96 %, [N/A], [N/A], 48
2026/02/05 11:18:23.755, NVIDIA Thor, 7 %, [N/A], [N/A], 48
2026/02/05 11:18:24.756, NVIDIA Thor, 1 %, [N/A], [N/A], 47
2026/02/05 11:18:25.757, NVIDIA Thor, 98 %, [N/A], [N/A], 49
2026/02/05 11:18:26.759, NVIDIA Thor, 6 %, [N/A], [N/A], 47
2026/02/05 11:18:27.761, NVIDIA Thor, 97 %, [N/A], [N/A], 49
2026/02/05 11:18:28.764, NVIDIA Thor, 98 %, [N/A], [N/A], 49
2026/02/05 11:18:29.769, NVIDIA Thor, 98 %, [N/A], [N/A], 49
2026/02/05 11:18:30.771, NVIDIA Thor, 1 %, [N/A], [N/A], 48
2026/02/05 11:18:31.773, NVIDIA Thor, 1 %, [N/A], [N/A], 47
2026/02/05 11:18:32.774, NVIDIA Thor, 94 %, [N/A], [N/A], 48
2026/02/05 11:18:33.780, NVIDIA Thor, 98 %, [N/A], [N/A], 49
2026/02/05 11:18:34.782, NVIDIA Thor, 2 %, [N/A], [N/A], 47
2026/02/05 11:18:35.783, NVIDIA Thor, 96 %, [N/A], [N/A], 48
2026/02/05 11:18:36.786, NVIDIA Thor, 1 %, [N/A], [N/A], 47
2026/02/05 11:18:37.787, NVIDIA Thor, 20 %, [N/A], [N/A], 48
2026/02/05 11:18:38.789, NVIDIA Thor, 87 %, [N/A], [N/A], 48
2026/02/05 11:18:39.791, NVIDIA Thor, 98 %, [N/A], [N/A], 49
2026/02/05 11:18:40.794, NVIDIA Thor, 3 %, [N/A], [N/A], 47
2026/02/05 11:18:41.796, NVIDIA Thor, 97 %, [N/A], [N/A], 49
2026/02/05 11:18:42.798, NVIDIA Thor, 9 %, [N/A], [N/A], 48
2026/02/05 11:18:43.799, NVIDIA Thor, 0 %, [N/A], [N/A], 47
2026/02/05 11:18:44.800, NVIDIA Thor, 97 %, [N/A], [N/A], 49
2026/02/05 11:18:45.803, NVIDIA Thor, 6 %, [N/A], [N/A], 48
2026/02/05 11:18:46.805, NVIDIA Thor, 0 %, [N/A], [N/A], 47
2026/02/05 11:18:47.807, NVIDIA Thor, 98 %, [N/A], [N/A], 49
2026/02/05 11:18:48.809, NVIDIA Thor, 1 %, [N/A], [N/A], 47
2026/02/05 11:18:49.810, NVIDIA Thor, 0 %, [N/A], [N/A], 47
2026/02/05 11:18:50.812, NVIDIA Thor, 97 %, [N/A], [N/A], 49
2026/02/05 11:18:51.814, NVIDIA Thor, 3 %, [N/A], [N/A], 47
2026/02/05 11:18:52.816, NVIDIA Thor, 91 %, [N/A], [N/A], 48
2026/02/05 11:18:53.819, NVIDIA Thor, 98 %, [N/A], [N/A], 49
2026/02/05 11:18:54.821, NVIDIA Thor, 7 %, [N/A], [N/A], 47
2026/02/05 11:18:55.822, NVIDIA Thor, 98 %, [N/A], [N/A], 49
2026/02/05 11:18:56.825, NVIDIA Thor, 1 %, [N/A], [N/A], 48
2026/02/05 11:18:57.827, NVIDIA Thor, 97 %, [N/A], [N/A], 49
2026/02/05 11:18:58.829, NVIDIA Thor, 10 %, [N/A], [N/A], 48
2026/02/05 11:18:59.831, NVIDIA Thor, 0 %, [N/A], [N/A], 47
2026/02/05 11:19:00.832, NVIDIA Thor, 98 %, [N/A], [N/A], 49
2026/02/05 11:19:01.838, NVIDIA Thor, 3 %, [N/A], [N/A], 48
2026/02/05 11:19:02.839, NVIDIA Thor, 1 %, [N/A], [N/A], 48
2026/02/05 11:19:03.840, NVIDIA Thor, 3 %, [N/A], [N/A], 47
2026/02/05 11:19:04.842, NVIDIA Thor, 98 %, [N/A], [N/A], 49
2026/02/05 11:19:05.845, NVIDIA Thor, 3 %, [N/A], [N/A], 48
2026/02/05 11:19:06.846, NVIDIA Thor, 97 %, [N/A], [N/A], 49
2026/02/05 11:19:07.852, NVIDIA Thor, 15 %, [N/A], [N/A], 48
2026/02/05 11:19:08.854, NVIDIA Thor, 0 %, [N/A], [N/A], 47
2026/02/05 11:19:09.855, NVIDIA Thor, 97 %, [N/A], [N/A], 49
2026/02/05 11:19:10.858, NVIDIA Thor, 3 %, [N/A], [N/A], 48
2026/02/05 11:19:11.860, NVIDIA Thor, 97 %, [N/A], [N/A], 49
2026/02/05 11:19:12.863, NVIDIA Thor, 7 %, [N/A], [N/A], 48
2026/02/05 11:19:13.865, NVIDIA Thor, 96 %, [N/A], [N/A], 49
2026/02/05 11:19:14.868, NVIDIA Thor, 9 %, [N/A], [N/A], 48
2026/02/05 11:19:15.870, NVIDIA Thor, 56 %, [N/A], [N/A], 48
2026/02/05 11:19:16.875, NVIDIA Thor, 97 %, [N/A], [N/A], 49
2026/02/05 11:19:17.877, NVIDIA Thor, 33 %, [N/A], [N/A], 47
2026/02/05 11:19:18.880, NVIDIA Thor, 2 %, [N/A], [N/A], 48
2026/02/05 11:19:19.882, NVIDIA Thor, 98 %, [N/A], [N/A], 49
2026/02/05 11:19:20.888, NVIDIA Thor, 4 %, [N/A], [N/A], 48
2026/02/05 11:19:21.890, NVIDIA Thor, 0 %, [N/A], [N/A], 48
2026/02/05 11:19:22.892, NVIDIA Thor, 98 %, [N/A], [N/A], 49
2026/02/05 11:19:23.897, NVIDIA Thor, 5 %, [N/A], [N/A], 48
2026/02/05 11:19:24.899, NVIDIA Thor, 97 %, [N/A], [N/A], 49
2026/02/05 11:19:25.903, NVIDIA Thor, 1 %, [N/A], [N/A], 48
2026/02/05 11:19:26.905, NVIDIA Thor, 94 %, [N/A], [N/A], 49
2026/02/05 11:19:27.911, NVIDIA Thor, 6 %, [N/A], [N/A], 48
2026/02/05 11:19:28.912, NVIDIA Thor, 66 %, [N/A], [N/A], 48
2026/02/05 11:19:29.916, NVIDIA Thor, 98 %, [N/A], [N/A], 49
2026/02/05 11:19:30.919, NVIDIA Thor, 1 %, [N/A], [N/A], 48
2026/02/05 11:19:31.921, NVIDIA Thor, 0 %, [N/A], [N/A], 47
2026/02/05 11:19:32.923, NVIDIA Thor, 0 %, [N/A], [N/A], 47
2026/02/05 11:19:33.925, NVIDIA Thor, 0 %, [N/A], [N/A], 46
2026/02/05 11:19:34.931, NVIDIA Thor, 0 %, [N/A], [N/A], 46
2026/02/05 11:19:35.939, NVIDIA Thor, 0 %, [N/A], [N/A], 46
2026/02/05 11:19:36.944, NVIDIA Thor, 2 %, [N/A], [N/A], 46
2026/02/05 11:19:37.947, NVIDIA Thor, 0 %, [N/A], [N/A], 46
2026/02/05 11:19:38.952, NVIDIA Thor, 0 %, [N/A], [N/A], 46
2026/02/05 11:19:39.955, NVIDIA Thor, 0 %, [N/A], [N/A], 46
2026/02/05 11:19:40.957, NVIDIA Thor, 5 %, [N/A], [N/A], 46
2026/02/05 11:19:41.958, NVIDIA Thor, 97 %, [N/A], [N/A], 48
2026/02/05 11:19:42.962, NVIDIA Thor, 96 %, [N/A], [N/A], 48
2026/02/05 11:19:43.965, NVIDIA Thor, 0 %, [N/A], [N/A], 47
2026/02/05 11:19:44.966, NVIDIA Thor, 6 %, [N/A], [N/A], 47
2026/02/05 11:19:45.968, NVIDIA Thor, 61 %, [N/A], [N/A], 47
2026/02/05 11:19:46.971, NVIDIA Thor, 97 %, [N/A], [N/A], 48
2026/02/05 11:19:47.978, NVIDIA Thor, 97 %, [N/A], [N/A], 48
2026/02/05 11:19:48.981, NVIDIA Thor, 97 %, [N/A], [N/A], 49
2026/02/05 11:19:49.987, NVIDIA Thor, 5 %, [N/A], [N/A], 48
2026/02/05 11:19:50.989, NVIDIA Thor, 4 %, [N/A], [N/A], 47
2026/02/05 11:19:51.990, NVIDIA Thor, 96 %, [N/A], [N/A], 49
2026/02/05 11:19:52.993, NVIDIA Thor, 57 %, [N/A], [N/A], 48
2026/02/05 11:19:53.999, NVIDIA Thor, 6 %, [N/A], [N/A], 48
2026/02/05 11:19:55.001, NVIDIA Thor, 98 %, [N/A], [N/A], 49
2026/02/05 11:19:56.003, NVIDIA Thor, 97 %, [N/A], [N/A], 49
2026/02/05 11:19:57.009, NVIDIA Thor, 16 %, [N/A], [N/A], 48
2026/02/05 11:19:58.011, NVIDIA Thor, 95 %, [N/A], [N/A], 48
2026/02/05 11:19:59.016, NVIDIA Thor, 0 %, [N/A], [N/A], 47
2026/02/05 11:20:00.017, NVIDIA Thor, 2 %, [N/A], [N/A], 48
2026/02/05 11:20:01.018, NVIDIA Thor, 10 %, [N/A], [N/A], 48
2026/02/05 11:20:02.020, NVIDIA Thor, 98 %, [N/A], [N/A], 49
2026/02/05 11:20:03.022, NVIDIA Thor, 67 %, [N/A], [N/A], 48
2026/02/05 11:20:04.024, NVIDIA Thor, 97 %, [N/A], [N/A], 49
2026/02/05 11:20:05.029, NVIDIA Thor, 97 %, [N/A], [N/A], 49
2026/02/05 11:20:06.031, NVIDIA Thor, 13 %, [N/A], [N/A], 48
2026/02/05 11:20:07.035, NVIDIA Thor, 9 %, [N/A], [N/A], 48
2026/02/05 11:20:08.037, NVIDIA Thor, 4 %, [N/A], [N/A], 48
2026/02/05 11:20:09.038, NVIDIA Thor, 98 %, [N/A], [N/A], 49
2026/02/05 11:20:10.041, NVIDIA Thor, 2 %, [N/A], [N/A], 48
2026/02/05 11:20:11.043, NVIDIA Thor, 97 %, [N/A], [N/A], 50
2026/02/05 11:20:12.048, NVIDIA Thor, 1 %, [N/A], [N/A], 48
2026/02/05 11:20:13.050, NVIDIA Thor, 1 %, [N/A], [N/A], 48
2026/02/05 11:20:14.051, NVIDIA Thor, 0 %, [N/A], [N/A], 47
2026/02/05 11:20:15.053, NVIDIA Thor, 4 %, [N/A], [N/A], 48
2026/02/05 11:20:16.055, NVIDIA Thor, 4 %, [N/A], [N/A], 48
2026/02/05 11:20:17.056, NVIDIA Thor, 5 %, [N/A], [N/A], 48
2026/02/05 11:20:18.057, NVIDIA Thor, 25 %, [N/A], [N/A], 49
2026/02/05 11:20:19.058, NVIDIA Thor, 98 %, [N/A], [N/A], 49
2026/02/05 11:20:20.062, NVIDIA Thor, 4 %, [N/A], [N/A], 48
2026/02/05 11:20:21.063, NVIDIA Thor, 1 %, [N/A], [N/A], 48
2026/02/05 11:20:22.064, NVIDIA Thor, 0 %, [N/A], [N/A], 48
2026/02/05 11:20:23.066, NVIDIA Thor, 97 %, [N/A], [N/A], 49
2026/02/05 11:20:24.069, NVIDIA Thor, 98 %, [N/A], [N/A], 49
2026/02/05 11:20:25.070, NVIDIA Thor, 2 %, [N/A], [N/A], 48
2026/02/05 11:20:26.072, NVIDIA Thor, 12 %, [N/A], [N/A], 49
2026/02/05 11:20:27.073, NVIDIA Thor, 95 %, [N/A], [N/A], 49
2026/02/05 11:20:28.076, NVIDIA Thor, 1 %, [N/A], [N/A], 48
2026/02/05 11:20:29.078, NVIDIA Thor, 98 %, [N/A], [N/A], 50
2026/02/05 11:20:30.081, NVIDIA Thor, 89 %, [N/A], [N/A], 49
2026/02/05 11:20:31.083, NVIDIA Thor, 0 %, [N/A], [N/A], 47
2026/02/05 11:20:32.085, NVIDIA Thor, 0 %, [N/A], [N/A], 47
2026/02/05 11:20:33.087, NVIDIA Thor, 98 %, [N/A], [N/A], 50
2026/02/05 11:20:34.089, NVIDIA Thor, 97 %, [N/A], [N/A], 49
2026/02/05 11:20:35.092, NVIDIA Thor, 3 %, [N/A], [N/A], 48
2026/02/05 11:20:36.093, NVIDIA Thor, 8 %, [N/A], [N/A], 49
2026/02/05 11:20:37.094, NVIDIA Thor, 54 %, [N/A], [N/A], 49
2026/02/05 11:20:38.096, NVIDIA Thor, 98 %, [N/A], [N/A], 50
2026/02/05 11:20:39.097, NVIDIA Thor, 97 %, [N/A], [N/A], 49
2026/02/05 11:20:40.102, NVIDIA Thor, 0 %, [N/A], [N/A], 48
2026/02/05 11:20:41.105, NVIDIA Thor, 7 %, [N/A], [N/A], 49
2026/02/05 11:20:42.106, NVIDIA Thor, 97 %, [N/A], [N/A], 50
2026/02/05 11:20:43.109, NVIDIA Thor, 98 %, [N/A], [N/A], 50
2026/02/05 11:20:44.113, NVIDIA Thor, 0 %, [N/A], [N/A], 48
2026/02/05 11:20:45.114, NVIDIA Thor, 2 %, [N/A], [N/A], 49
2026/02/05 11:20:46.115, NVIDIA Thor, 26 %, [N/A], [N/A], 49
2026/02/05 11:20:47.117, NVIDIA Thor, 98 %, [N/A], [N/A], 50
2026/02/05 11:20:48.119, NVIDIA Thor, 9 %, [N/A], [N/A], 48
2026/02/05 11:20:49.120, NVIDIA Thor, 98 %, [N/A], [N/A], 50
2026/02/05 11:20:50.122, NVIDIA Thor, 98 %, [N/A], [N/A], 49
2026/02/05 11:20:51.125, NVIDIA Thor, 0 %, [N/A], [N/A], 48
2026/02/05 11:20:52.127, NVIDIA Thor, 3 %, [N/A], [N/A], 49
2026/02/05 11:20:53.128, NVIDIA Thor, 98 %, [N/A], [N/A], 50
2026/02/05 11:20:54.130, NVIDIA Thor, 97 %, [N/A], [N/A], 50
2026/02/05 11:20:55.132, NVIDIA Thor, 5 %, [N/A], [N/A], 48
2026/02/05 11:20:56.135, NVIDIA Thor, 6 %, [N/A], [N/A], 49
2026/02/05 11:20:57.136, NVIDIA Thor, 19 %, [N/A], [N/A], 49
2026/02/05 11:20:58.137, NVIDIA Thor, 98 %, [N/A], [N/A], 50
2026/02/05 11:20:59.149, NVIDIA Thor, 98 %, [N/A], [N/A], 50
2026/02/05 11:21:00.152, NVIDIA Thor, 69 %, [N/A], [N/A], 49
2026/02/05 11:21:01.154, NVIDIA Thor, 2 %, [N/A], [N/A], 49
2026/02/05 11:21:02.155, NVIDIA Thor, 21 %, [N/A], [N/A], 49
2026/02/05 11:21:03.157, NVIDIA Thor, 2 %, [N/A], [N/A], 48
2026/02/05 11:21:04.158, NVIDIA Thor, 43 %, [N/A], [N/A], 49
2026/02/05 11:21:05.160, NVIDIA Thor, 43 %, [N/A], [N/A], 50
2026/02/05 11:21:06.162, NVIDIA Thor, 98 %, [N/A], [N/A], 50
2026/02/05 11:21:07.164, NVIDIA Thor, 98 %, [N/A], [N/A], 50
2026/02/05 11:21:08.166, NVIDIA Thor, 98 %, [N/A], [N/A], 50
2026/02/05 11:21:09.167, NVIDIA Thor, 98 %, [N/A], [N/A], 50
2026/02/05 11:21:10.170, NVIDIA Thor, 98 %, [N/A], [N/A], 50
2026/02/05 11:21:11.174, NVIDIA Thor, 98 %, [N/A], [N/A], 50
2026/02/05 11:21:12.179, NVIDIA Thor, 97 %, [N/A], [N/A], 50
2026/02/05 11:21:13.184, NVIDIA Thor, 98 %, [N/A], [N/A], 50
2026/02/05 11:21:14.187, NVIDIA Thor, 0 %, [N/A], [N/A], 49
2026/02/05 11:21:15.189, NVIDIA Thor, 4 %, [N/A], [N/A], 49
2026/02/05 11:21:16.190, NVIDIA Thor, 98 %, [N/A], [N/A], 50
2026/02/05 11:21:17.192, NVIDIA Thor, 97 %, [N/A], [N/A], 50
2026/02/05 11:21:18.195, NVIDIA Thor, 98 %, [N/A], [N/A], 50
2026/02/05 11:21:19.197, NVIDIA Thor, 0 %, [N/A], [N/A], 48
2026/02/05 11:21:20.199, NVIDIA Thor, 1 %, [N/A], [N/A], 48
2026/02/05 11:21:21.201, NVIDIA Thor, 2 %, [N/A], [N/A], 49
2026/02/05 11:21:22.202, NVIDIA Thor, 45 %, [N/A], [N/A], 50
2026/02/05 11:21:23.204, NVIDIA Thor, 97 %, [N/A], [N/A], 50
2026/02/05 11:21:24.206, NVIDIA Thor, 97 %, [N/A], [N/A], 50
2026/02/05 11:21:25.209, NVIDIA Thor, 60 %, [N/A], [N/A], 49
2026/02/05 11:21:26.212, NVIDIA Thor, 3 %, [N/A], [N/A], 49
2026/02/05 11:21:27.214, NVIDIA Thor, 4 %, [N/A], [N/A], 49
2026/02/05 11:21:28.215, NVIDIA Thor, 98 %, [N/A], [N/A], 50
2026/02/05 11:21:29.217, NVIDIA Thor, 97 %, [N/A], [N/A], 50
2026/02/05 11:21:30.220, NVIDIA Thor, 0 %, [N/A], [N/A], 49
2026/02/05 11:21:31.222, NVIDIA Thor, 6 %, [N/A], [N/A], 49
2026/02/05 11:21:32.223, NVIDIA Thor, 97 %, [N/A], [N/A], 50
2026/02/05 11:21:33.226, NVIDIA Thor, 97 %, [N/A], [N/A], 50
2026/02/05 11:21:34.229, NVIDIA Thor, 79 %, [N/A], [N/A], 49
2026/02/05 11:21:35.231, NVIDIA Thor, 1 %, [N/A], [N/A], 48
2026/02/05 11:21:36.232, NVIDIA Thor, 55 %, [N/A], [N/A], 49
2026/02/05 11:21:37.236, NVIDIA Thor, 0 %, [N/A], [N/A], 49
2026/02/05 11:21:38.238, NVIDIA Thor, 8 %, [N/A], [N/A], 49
2026/02/05 11:21:39.239, NVIDIA Thor, 40 %, [N/A], [N/A], 50
2026/02/05 11:21:40.242, NVIDIA Thor, 98 %, [N/A], [N/A], 50
2026/02/05 11:21:41.244, NVIDIA Thor, 97 %, [N/A], [N/A], 50
2026/02/05 11:21:42.248, NVIDIA Thor, 0 %, [N/A], [N/A], 49
2026/02/05 11:21:43.250, NVIDIA Thor, 2 %, [N/A], [N/A], 49
2026/02/05 11:21:44.251, NVIDIA Thor, 9 %, [N/A], [N/A], 49
2026/02/05 11:21:45.253, NVIDIA Thor, 26 %, [N/A], [N/A], 50
2026/02/05 11:21:46.254, NVIDIA Thor, 98 %, [N/A], [N/A], 50
2026/02/05 11:21:47.257, NVIDIA Thor, 98 %, [N/A], [N/A], 50
2026/02/05 11:21:48.260, NVIDIA Thor, 97 %, [N/A], [N/A], 51
2026/02/05 11:21:49.263, NVIDIA Thor, 97 %, [N/A], [N/A], 50
2026/02/05 11:21:50.267, NVIDIA Thor, 97 %, [N/A], [N/A], 50
2026/02/05 11:21:51.275, NVIDIA Thor, 4 %, [N/A], [N/A], 48
2026/02/05 11:21:52.277, NVIDIA Thor, 98 %, [N/A], [N/A], 51
2026/02/05 11:21:53.282, NVIDIA Thor, 98 %, [N/A], [N/A], 51
2026/02/05 11:21:54.289, NVIDIA Thor, 98 %, [N/A], [N/A], 51
2026/02/05 11:21:55.293, NVIDIA Thor, 98 %, [N/A], [N/A], 51
2026/02/05 11:21:56.299, NVIDIA Thor, 98 %, [N/A], [N/A], 50
2026/02/05 11:21:57.303, NVIDIA Thor, 97 %, [N/A], [N/A], 50
2026/02/05 11:21:58.309, NVIDIA Thor, 94 %, [N/A], [N/A], 50
2026/02/05 11:21:59.311, NVIDIA Thor, 84 %, [N/A], [N/A], 50
2026/02/05 11:22:00.315, NVIDIA Thor, 0 %, [N/A], [N/A], 49
2026/02/05 11:22:01.318, NVIDIA Thor, 1 %, [N/A], [N/A], 49
2026/02/05 11:22:02.320, NVIDIA Thor, 97 %, [N/A], [N/A], 51
2026/02/05 11:22:03.323, NVIDIA Thor, 98 %, [N/A], [N/A], 51
2026/02/05 11:22:04.325, NVIDIA Thor, 98 %, [N/A], [N/A], 51
2026/02/05 11:22:05.331, NVIDIA Thor, 97 %, [N/A], [N/A], 51
2026/02/05 11:22:06.337, NVIDIA Thor, 1 %, [N/A], [N/A], 48
2026/02/05 11:22:07.340, NVIDIA Thor, 0 %, [N/A], [N/A], 48
2026/02/05 11:22:08.341, NVIDIA Thor, 2 %, [N/A], [N/A], 49
2026/02/05 11:22:09.343, NVIDIA Thor, 3 %, [N/A], [N/A], 49
2026/02/05 11:22:10.346, NVIDIA Thor, 6 %, [N/A], [N/A], 49
2026/02/05 11:22:11.347, NVIDIA Thor, 4 %, [N/A], [N/A], 49
2026/02/05 11:22:12.349, NVIDIA Thor, 97 %, [N/A], [N/A], 50
2026/02/05 11:22:13.351, NVIDIA Thor, 97 %, [N/A], [N/A], 51
2026/02/05 11:22:14.353, NVIDIA Thor, 97 %, [N/A], [N/A], 51
2026/02/05 11:22:15.356, NVIDIA Thor, 98 %, [N/A], [N/A], 51
2026/02/05 11:22:16.359, NVIDIA Thor, 98 %, [N/A], [N/A], 51
2026/02/05 11:22:17.366, NVIDIA Thor, 87 %, [N/A], [N/A], 50
2026/02/05 11:22:18.368, NVIDIA Thor, 1 %, [N/A], [N/A], 49
2026/02/05 11:22:19.370, NVIDIA Thor, 3 %, [N/A], [N/A], 50
2026/02/05 11:22:20.372, NVIDIA Thor, 28 %, [N/A], [N/A], 50
2026/02/05 11:22:21.374, NVIDIA Thor, 98 %, [N/A], [N/A], 51
2026/02/05 11:22:22.377, NVIDIA Thor, 0 %, [N/A], [N/A], 49
2026/02/05 11:22:23.379, NVIDIA Thor, 54 %, [N/A], [N/A], 50
2026/02/05 11:22:24.380, NVIDIA Thor, 97 %, [N/A], [N/A], 51
2026/02/05 11:22:25.382, NVIDIA Thor, 98 %, [N/A], [N/A], 51
2026/02/05 11:22:26.389, NVIDIA Thor, 96 %, [N/A], [N/A], 50
2026/02/05 11:22:27.395, NVIDIA Thor, 0 %, [N/A], [N/A], 49
2026/02/05 11:22:28.397, NVIDIA Thor, 1 %, [N/A], [N/A], 49
2026/02/05 11:22:29.399, NVIDIA Thor, 6 %, [N/A], [N/A], 50
2026/02/05 11:22:30.400, NVIDIA Thor, 7 %, [N/A], [N/A], 50
2026/02/05 11:22:31.403, NVIDIA Thor, 4 %, [N/A], [N/A], 50
2026/02/05 11:22:32.405, NVIDIA Thor, 98 %, [N/A], [N/A], 51
2026/02/05 11:22:33.407, NVIDIA Thor, 98 %, [N/A], [N/A], 51
2026/02/05 11:22:34.409, NVIDIA Thor, 98 %, [N/A], [N/A], 51
2026/02/05 11:22:35.414, NVIDIA Thor, 97 %, [N/A], [N/A], 51
2026/02/05 11:22:36.419, NVIDIA Thor, 36 %, [N/A], [N/A], 50
2026/02/05 11:22:37.426, NVIDIA Thor, 13 %, [N/A], [N/A], 49
2026/02/05 11:22:38.438, NVIDIA Thor, 98 %, [N/A], [N/A], 51
2026/02/05 11:22:39.442, NVIDIA Thor, 97 %, [N/A], [N/A], 51
2026/02/05 11:22:40.447, NVIDIA Thor, 23 %, [N/A], [N/A], 50
2026/02/05 11:22:41.455, NVIDIA Thor, 8 %, [N/A], [N/A], 49
2026/02/05 11:22:42.457, NVIDIA Thor, 17 %, [N/A], [N/A], 50
2026/02/05 11:22:43.459, NVIDIA Thor, 98 %, [N/A], [N/A], 51
2026/02/05 11:22:44.460, NVIDIA Thor, 98 %, [N/A], [N/A], 51
2026/02/05 11:22:45.462, NVIDIA Thor, 98 %, [N/A], [N/A], 51
2026/02/05 11:22:46.466, NVIDIA Thor, 98 %, [N/A], [N/A], 51
2026/02/05 11:22:47.470, NVIDIA Thor, 98 %, [N/A], [N/A], 51
2026/02/05 11:22:48.474, NVIDIA Thor, 97 %, [N/A], [N/A], 51
2026/02/05 11:22:49.478, NVIDIA Thor, 97 %, [N/A], [N/A], 51
2026/02/05 11:22:50.484, NVIDIA Thor, 97 %, [N/A], [N/A], 51
2026/02/05 11:22:51.487, NVIDIA Thor, 90 %, [N/A], [N/A], 50
2026/02/05 11:22:52.489, NVIDIA Thor, 2 %, [N/A], [N/A], 49
2026/02/05 11:22:53.491, NVIDIA Thor, 26 %, [N/A], [N/A], 49
2026/02/05 11:22:54.493, NVIDIA Thor, 95 %, [N/A], [N/A], 50
2026/02/05 11:22:55.495, NVIDIA Thor, 0 %, [N/A], [N/A], 49
2026/02/05 11:22:56.498, NVIDIA Thor, 38 %, [N/A], [N/A], 50
2026/02/05 11:22:57.500, NVIDIA Thor, 98 %, [N/A], [N/A], 51
2026/02/05 11:22:58.503, NVIDIA Thor, 97 %, [N/A], [N/A], 51
2026/02/05 11:22:59.508, NVIDIA Thor, 43 %, [N/A], [N/A], 50
2026/02/05 11:23:00.514, NVIDIA Thor, 2 %, [N/A], [N/A], 49
2026/02/05 11:23:01.516, NVIDIA Thor, 98 %, [N/A], [N/A], 51
2026/02/05 11:23:02.518, NVIDIA Thor, 90 %, [N/A], [N/A], 50
2026/02/05 11:23:03.520, NVIDIA Thor, 0 %, [N/A], [N/A], 49
2026/02/05 11:23:04.522, NVIDIA Thor, 1 %, [N/A], [N/A], 50
2026/02/05 11:23:05.523, NVIDIA Thor, 83 %, [N/A], [N/A], 51
2026/02/05 11:23:06.525, NVIDIA Thor, 98 %, [N/A], [N/A], 51
2026/02/05 11:23:07.528, NVIDIA Thor, 97 %, [N/A], [N/A], 51
2026/02/05 11:23:08.533, NVIDIA Thor, 83 %, [N/A], [N/A], 50
2026/02/05 11:23:09.535, NVIDIA Thor, 3 %, [N/A], [N/A], 49
2026/02/05 11:23:10.537, NVIDIA Thor, 98 %, [N/A], [N/A], 51
2026/02/05 11:23:11.541, NVIDIA Thor, 94 %, [N/A], [N/A], 51
2026/02/05 11:23:12.547, NVIDIA Thor, 0 %, [N/A], [N/A], 49
2026/02/05 11:23:13.549, NVIDIA Thor, 6 %, [N/A], [N/A], 50
2026/02/05 11:23:14.550, NVIDIA Thor, 5 %, [N/A], [N/A], 50
2026/02/05 11:23:15.552, NVIDIA Thor, 98 %, [N/A], [N/A], 51
2026/02/05 11:23:16.554, NVIDIA Thor, 55 %, [N/A], [N/A], 50
2026/02/05 11:23:17.560, NVIDIA Thor, 4 %, [N/A], [N/A], 50
2026/02/05 11:23:18.561, NVIDIA Thor, 98 %, [N/A], [N/A], 51
2026/02/05 11:23:19.563, NVIDIA Thor, 98 %, [N/A], [N/A], 51
2026/02/05 11:23:20.569, NVIDIA Thor, 97 %, [N/A], [N/A], 51
2026/02/05 11:23:21.572, NVIDIA Thor, 78 %, [N/A], [N/A], 50
2026/02/05 11:23:22.575, NVIDIA Thor, 5 %, [N/A], [N/A], 50
2026/02/05 11:23:23.577, NVIDIA Thor, 98 %, [N/A], [N/A], 51
2026/02/05 11:23:24.579, NVIDIA Thor, 98 %, [N/A], [N/A], 51
2026/02/05 11:23:25.581, NVIDIA Thor, 29 %, [N/A], [N/A], 49
2026/02/05 11:23:26.582, NVIDIA Thor, 97 %, [N/A], [N/A], 51
2026/02/05 11:23:27.584, NVIDIA Thor, 98 %, [N/A], [N/A], 51
2026/02/05 11:23:28.592, NVIDIA Thor, 97 %, [N/A], [N/A], 51
2026/02/05 11:23:29.598, NVIDIA Thor, 86 %, [N/A], [N/A], 50
2026/02/05 11:23:30.602, NVIDIA Thor, 2 %, [N/A], [N/A], 50
2026/02/05 11:23:31.604, NVIDIA Thor, 3 %, [N/A], [N/A], 50
2026/02/05 11:23:32.606, NVIDIA Thor, 98 %, [N/A], [N/A], 51
2026/02/05 11:23:33.608, NVIDIA Thor, 98 %, [N/A], [N/A], 51
2026/02/05 11:23:34.613, NVIDIA Thor, 96 %, [N/A], [N/A], 51
2026/02/05 11:23:35.616, NVIDIA Thor, 0 %, [N/A], [N/A], 50
2026/02/05 11:23:36.617, NVIDIA Thor, 1 %, [N/A], [N/A], 50
2026/02/05 11:23:37.619, NVIDIA Thor, 98 %, [N/A], [N/A], 51
2026/02/05 11:23:38.623, NVIDIA Thor, 97 %, [N/A], [N/A], 51
2026/02/05 11:23:39.629, NVIDIA Thor, 91 %, [N/A], [N/A], 51
2026/02/05 11:23:40.634, NVIDIA Thor, 13 %, [N/A], [N/A], 50
2026/02/05 11:23:41.644, NVIDIA Thor, 0 %, [N/A], [N/A], 49
2026/02/05 11:23:42.646, NVIDIA Thor, 73 %, [N/A], [N/A], 50
2026/02/05 11:23:43.648, NVIDIA Thor, 9 %, [N/A], [N/A], 49
2026/02/05 11:23:44.650, NVIDIA Thor, 97 %, [N/A], [N/A], 51
2026/02/05 11:23:45.654, NVIDIA Thor, 98 %, [N/A], [N/A], 51
2026/02/05 11:23:46.656, NVIDIA Thor, 97 %, [N/A], [N/A], 51
2026/02/05 11:23:47.664, NVIDIA Thor, 25 %, [N/A], [N/A], 50
2026/02/05 11:23:48.669, NVIDIA Thor, 97 %, [N/A], [N/A], 51
2026/02/05 11:23:49.672, NVIDIA Thor, 98 %, [N/A], [N/A], 51
2026/02/05 11:23:50.676, NVIDIA Thor, 95 %, [N/A], [N/A], 51
2026/02/05 11:23:51.681, NVIDIA Thor, 69 %, [N/A], [N/A], 50
2026/02/05 11:23:52.683, NVIDIA Thor, 1 %, [N/A], [N/A], 50
2026/02/05 11:23:53.685, NVIDIA Thor, 3 %, [N/A], [N/A], 50
2026/02/05 11:23:54.687, NVIDIA Thor, 6 %, [N/A], [N/A], 50
2026/02/05 11:23:55.690, NVIDIA Thor, 4 %, [N/A], [N/A], 50
2026/02/05 11:23:56.692, NVIDIA Thor, 7 %, [N/A], [N/A], 50
2026/02/05 11:23:57.694, NVIDIA Thor, 0 %, [N/A], [N/A], 49
2026/02/05 11:23:58.696, NVIDIA Thor, 77 %, [N/A], [N/A], 50
2026/02/05 11:23:59.698, NVIDIA Thor, 84 %, [N/A], [N/A], 50
2026/02/05 11:24:00.701, NVIDIA Thor, 75 %, [N/A], [N/A], 50
2026/02/05 11:24:01.703, NVIDIA Thor, 77 %, [N/A], [N/A], 50
2026/02/05 11:24:02.706, NVIDIA Thor, 97 %, [N/A], [N/A], 51
2026/02/05 11:24:03.709, NVIDIA Thor, 97 %, [N/A], [N/A], 51
2026/02/05 11:24:04.712, NVIDIA Thor, 97 %, [N/A], [N/A], 51
2026/02/05 11:24:05.715, NVIDIA Thor, 98 %, [N/A], [N/A], 51
2026/02/05 11:24:06.720, NVIDIA Thor, 97 %, [N/A], [N/A], 51
2026/02/05 11:24:07.724, NVIDIA Thor, 97 %, [N/A], [N/A], 51
2026/02/05 11:24:08.727, NVIDIA Thor, 97 %, [N/A], [N/A], 51
2026/02/05 11:24:09.731, NVIDIA Thor, 1 %, [N/A], [N/A], 50
2026/02/05 11:24:10.734, NVIDIA Thor, 0 %, [N/A], [N/A], 49
2026/02/05 11:24:11.735, NVIDIA Thor, 98 %, [N/A], [N/A], 51
2026/02/05 11:24:12.738, NVIDIA Thor, 60 %, [N/A], [N/A], 50
2026/02/05 11:24:13.740, NVIDIA Thor, 4 %, [N/A], [N/A], 50
2026/02/05 11:24:14.742, NVIDIA Thor, 1 %, [N/A], [N/A], 49
2026/02/05 11:24:15.743, NVIDIA Thor, 44 %, [N/A], [N/A], 51
2026/02/05 11:24:16.747, NVIDIA Thor, 25 %, [N/A], [N/A], 51
2026/02/05 11:24:17.749, NVIDIA Thor, 85 %, [N/A], [N/A], 51
2026/02/05 11:24:18.751, NVIDIA Thor, 97 %, [N/A], [N/A], 51
2026/02/05 11:24:19.755, NVIDIA Thor, 98 %, [N/A], [N/A], 51
2026/02/05 11:24:20.757, NVIDIA Thor, 97 %, [N/A], [N/A], 51
2026/02/05 11:24:21.762, NVIDIA Thor, 2 %, [N/A], [N/A], 49
2026/02/05 11:24:22.767, NVIDIA Thor, 1 %, [N/A], [N/A], 50
2026/02/05 11:24:23.769, NVIDIA Thor, 98 %, [N/A], [N/A], 51
2026/02/05 11:24:24.771, NVIDIA Thor, 98 %, [N/A], [N/A], 51
2026/02/05 11:24:25.781, NVIDIA Thor, 1 %, [N/A], [N/A], 49
2026/02/05 11:24:26.782, NVIDIA Thor, 2 %, [N/A], [N/A], 49
2026/02/05 11:24:27.784, NVIDIA Thor, 97 %, [N/A], [N/A], 51
2026/02/05 11:24:28.786, NVIDIA Thor, 98 %, [N/A], [N/A], 51
2026/02/05 11:24:29.790, NVIDIA Thor, 1 %, [N/A], [N/A], 49
2026/02/05 11:24:30.792, NVIDIA Thor, 1 %, [N/A], [N/A], 49
2026/02/05 11:24:31.794, NVIDIA Thor, 2 %, [N/A], [N/A], 49
2026/02/05 11:24:32.795, NVIDIA Thor, 86 %, [N/A], [N/A], 50
2026/02/05 11:24:33.799, NVIDIA Thor, 0 %, [N/A], [N/A], 49
2026/02/05 11:24:34.800, NVIDIA Thor, 1 %, [N/A], [N/A], 49
2026/02/05 11:24:35.802, NVIDIA Thor, 8 %, [N/A], [N/A], 50
2026/02/05 11:24:36.803, NVIDIA Thor, 98 %, [N/A], [N/A], 51
2026/02/05 11:24:37.806, NVIDIA Thor, 98 %, [N/A], [N/A], 51
2026/02/05 11:24:38.810, NVIDIA Thor, 98 %, [N/A], [N/A], 51
2026/02/05 11:24:39.812, NVIDIA Thor, 97 %, [N/A], [N/A], 51
2026/02/05 11:24:40.815, NVIDIA Thor, 94 %, [N/A], [N/A], 51
2026/02/05 11:24:41.821, NVIDIA Thor, 1 %, [N/A], [N/A], 49
2026/02/05 11:24:42.822, NVIDIA Thor, 12 %, [N/A], [N/A], 50
2026/02/05 11:24:43.824, NVIDIA Thor, 97 %, [N/A], [N/A], 51
2026/02/05 11:24:44.827, NVIDIA Thor, 61 %, [N/A], [N/A], 50
2026/02/05 11:24:45.830, NVIDIA Thor, 3 %, [N/A], [N/A], 50
2026/02/05 11:24:46.832, NVIDIA Thor, 15 %, [N/A], [N/A], 50
2026/02/05 11:24:47.833, NVIDIA Thor, 98 %, [N/A], [N/A], 51
2026/02/05 11:24:48.835, NVIDIA Thor, 98 %, [N/A], [N/A], 51
2026/02/05 11:24:49.842, NVIDIA Thor, 13 %, [N/A], [N/A], 50
2026/02/05 11:24:50.850, NVIDIA Thor, 98 %, [N/A], [N/A], 51
2026/02/05 11:24:51.853, NVIDIA Thor, 97 %, [N/A], [N/A], 51
2026/02/05 11:24:52.858, NVIDIA Thor, 96 %, [N/A], [N/A], 51
2026/02/05 11:24:53.864, NVIDIA Thor, 0 %, [N/A], [N/A], 50
2026/02/05 11:24:54.865, NVIDIA Thor, 7 %, [N/A], [N/A], 50
2026/02/05 11:24:55.867, NVIDIA Thor, 7 %, [N/A], [N/A], 50
2026/02/05 11:24:56.869, NVIDIA Thor, 98 %, [N/A], [N/A], 51
2026/02/05 11:24:57.874, NVIDIA Thor, 95 %, [N/A], [N/A], 51
2026/02/05 11:24:58.876, NVIDIA Thor, 0 %, [N/A], [N/A], 50
2026/02/05 11:24:59.878, NVIDIA Thor, 3 %, [N/A], [N/A], 50
2026/02/05 11:25:00.879, NVIDIA Thor, 23 %, [N/A], [N/A], 51
2026/02/05 11:25:01.880, NVIDIA Thor, 97 %, [N/A], [N/A], 51
2026/02/05 11:25:02.882, NVIDIA Thor, 97 %, [N/A], [N/A], 51
2026/02/05 11:25:03.888, NVIDIA Thor, 70 %, [N/A], [N/A], 50
2026/02/05 11:25:04.891, NVIDIA Thor, 5 %, [N/A], [N/A], 50
2026/02/05 11:25:05.893, NVIDIA Thor, 1 %, [N/A], [N/A], 49
2026/02/05 11:25:06.898, NVIDIA Thor, 1 %, [N/A], [N/A], 50
2026/02/05 11:25:07.900, NVIDIA Thor, 7 %, [N/A], [N/A], 50
2026/02/05 11:25:08.901, NVIDIA Thor, 9 %, [N/A], [N/A], 50
2026/02/05 11:25:09.902, NVIDIA Thor, 97 %, [N/A], [N/A], 51
2026/02/05 11:25:10.905, NVIDIA Thor, 97 %, [N/A], [N/A], 51
2026/02/05 11:25:11.907, NVIDIA Thor, 97 %, [N/A], [N/A], 51
2026/02/05 11:25:12.912, NVIDIA Thor, 96 %, [N/A], [N/A], 51
2026/02/05 11:25:13.919, NVIDIA Thor, 0 %, [N/A], [N/A], 50
2026/02/05 11:25:14.921, NVIDIA Thor, 6 %, [N/A], [N/A], 50
2026/02/05 11:25:15.922, NVIDIA Thor, 6 %, [N/A], [N/A], 50
2026/02/05 11:25:16.924, NVIDIA Thor, 97 %, [N/A], [N/A], 51
2026/02/05 11:25:17.926, NVIDIA Thor, 98 %, [N/A], [N/A], 52
2026/02/05 11:25:18.928, NVIDIA Thor, 97 %, [N/A], [N/A], 51
2026/02/05 11:25:19.933, NVIDIA Thor, 95 %, [N/A], [N/A], 51
2026/02/05 11:25:20.939, NVIDIA Thor, 13 %, [N/A], [N/A], 50
2026/02/05 11:25:21.948, NVIDIA Thor, 2 %, [N/A], [N/A], 49
2026/02/05 11:25:22.950, NVIDIA Thor, 98 %, [N/A], [N/A], 51
2026/02/05 11:25:23.956, NVIDIA Thor, 64 %, [N/A], [N/A], 50
2026/02/05 11:25:24.958, NVIDIA Thor, 0 %, [N/A], [N/A], 50
2026/02/05 11:25:25.960, NVIDIA Thor, 0 %, [N/A], [N/A], 50
2026/02/05 11:25:26.962, NVIDIA Thor, 4 %, [N/A], [N/A], 50
2026/02/05 11:25:27.963, NVIDIA Thor, 32 %, [N/A], [N/A], 51
2026/02/05 11:25:28.965, NVIDIA Thor, 97 %, [N/A], [N/A], 52
2026/02/05 11:25:29.968, NVIDIA Thor, 95 %, [N/A], [N/A], 51
2026/02/05 11:25:30.973, NVIDIA Thor, 2 %, [N/A], [N/A], 50
2026/02/05 11:25:31.974, NVIDIA Thor, 14 %, [N/A], [N/A], 51
2026/02/05 11:25:32.977, NVIDIA Thor, 98 %, [N/A], [N/A], 51
2026/02/05 11:25:33.979, NVIDIA Thor, 97 %, [N/A], [N/A], 51
2026/02/05 11:25:34.985, NVIDIA Thor, 0 %, [N/A], [N/A], 50
2026/02/05 11:25:35.987, NVIDIA Thor, 6 %, [N/A], [N/A], 50
2026/02/05 11:25:36.988, NVIDIA Thor, 3 %, [N/A], [N/A], 50
2026/02/05 11:25:37.990, NVIDIA Thor, 2 %, [N/A], [N/A], 49
2026/02/05 11:25:38.992, NVIDIA Thor, 6 %, [N/A], [N/A], 50
2026/02/05 11:25:39.993, NVIDIA Thor, 7 %, [N/A], [N/A], 50
2026/02/05 11:25:40.995, NVIDIA Thor, 2 %, [N/A], [N/A], 50
2026/02/05 11:25:41.997, NVIDIA Thor, 3 %, [N/A], [N/A], 50
2026/02/05 11:25:42.999, NVIDIA Thor, 9 %, [N/A], [N/A], 51
2026/02/05 11:25:44.001, NVIDIA Thor, 97 %, [N/A], [N/A], 52
2026/02/05 11:25:45.003, NVIDIA Thor, 98 %, [N/A], [N/A], 52
2026/02/05 11:25:46.010, NVIDIA Thor, 98 %, [N/A], [N/A], 52
2026/02/05 11:25:47.014, NVIDIA Thor, 98 %, [N/A], [N/A], 52
2026/02/05 11:25:48.017, NVIDIA Thor, 98 %, [N/A], [N/A], 52
2026/02/05 11:25:49.020, NVIDIA Thor, 97 %, [N/A], [N/A], 52
2026/02/05 11:25:50.026, NVIDIA Thor, 98 %, [N/A], [N/A], 52
2026/02/05 11:25:51.029, NVIDIA Thor, 91 %, [N/A], [N/A], 51
2026/02/05 11:25:52.032, NVIDIA Thor, 0 %, [N/A], [N/A], 50
2026/02/05 11:25:53.034, NVIDIA Thor, 16 %, [N/A], [N/A], 50
2026/02/05 11:25:54.035, NVIDIA Thor, 61 %, [N/A], [N/A], 51
2026/02/05 11:25:55.037, NVIDIA Thor, 0 %, [N/A], [N/A], 50
2026/02/05 11:25:56.038, NVIDIA Thor, 3 %, [N/A], [N/A], 50
2026/02/05 11:25:57.040, NVIDIA Thor, 3 %, [N/A], [N/A], 50
2026/02/05 11:25:58.042, NVIDIA Thor, 6 %, [N/A], [N/A], 50
2026/02/05 11:25:59.044, NVIDIA Thor, 4 %, [N/A], [N/A], 51
2026/02/05 11:26:00.046, NVIDIA Thor, 97 %, [N/A], [N/A], 52
2026/02/05 11:26:01.048, NVIDIA Thor, 98 %, [N/A], [N/A], 52
2026/02/05 11:26:02.052, NVIDIA Thor, 96 %, [N/A], [N/A], 51
2026/02/05 11:26:03.057, NVIDIA Thor, 98 %, [N/A], [N/A], 52
2026/02/05 11:26:04.059, NVIDIA Thor, 1 %, [N/A], [N/A], 50
2026/02/05 11:26:05.060, NVIDIA Thor, 98 %, [N/A], [N/A], 52
2026/02/05 11:26:06.064, NVIDIA Thor, 1 %, [N/A], [N/A], 50
2026/02/05 11:26:07.065, NVIDIA Thor, 71 %, [N/A], [N/A], 51
2026/02/05 11:26:08.066, NVIDIA Thor, 85 %, [N/A], [N/A], 51
2026/02/05 11:26:09.068, NVIDIA Thor, 0 %, [N/A], [N/A], 49
2026/02/05 11:26:10.074, NVIDIA Thor, 1 %, [N/A], [N/A], 49
2026/02/05 11:26:11.075, NVIDIA Thor, 2 %, [N/A], [N/A], 50
2026/02/05 11:26:12.077, NVIDIA Thor, 67 %, [N/A], [N/A], 51
2026/02/05 11:26:13.079, NVIDIA Thor, 98 %, [N/A], [N/A], 52
2026/02/05 11:26:14.081, NVIDIA Thor, 98 %, [N/A], [N/A], 52
2026/02/05 11:26:15.087, NVIDIA Thor, 97 %, [N/A], [N/A], 52
2026/02/05 11:26:16.091, NVIDIA Thor, 73 %, [N/A], [N/A], 51
2026/02/05 11:26:17.094, NVIDIA Thor, 5 %, [N/A], [N/A], 50
2026/02/05 11:26:18.095, NVIDIA Thor, 97 %, [N/A], [N/A], 51
2026/02/05 11:26:19.098, NVIDIA Thor, 98 %, [N/A], [N/A], 52
2026/02/05 11:26:20.104, NVIDIA Thor, 2 %, [N/A], [N/A], 50
2026/02/05 11:26:21.106, NVIDIA Thor, 1 %, [N/A], [N/A], 50
2026/02/05 11:26:22.108, NVIDIA Thor, 97 %, [N/A], [N/A], 52
2026/02/05 11:26:23.111, NVIDIA Thor, 98 %, [N/A], [N/A], 52
2026/02/05 11:26:24.115, NVIDIA Thor, 97 %, [N/A], [N/A], 51
2026/02/05 11:26:25.122, NVIDIA Thor, 13 %, [N/A], [N/A], 50
2026/02/05 11:26:26.130, NVIDIA Thor, 97 %, [N/A], [N/A], 51
2026/02/05 11:26:27.136, NVIDIA Thor, 94 %, [N/A], [N/A], 51
2026/02/05 11:26:28.142, NVIDIA Thor, 0 %, [N/A], [N/A], 50
2026/02/05 11:26:29.145, NVIDIA Thor, 3 %, [N/A], [N/A], 51
2026/02/05 11:26:30.147, NVIDIA Thor, 60 %, [N/A], [N/A], 51
2026/02/05 11:26:31.148, NVIDIA Thor, 97 %, [N/A], [N/A], 52
2026/02/05 11:26:32.151, NVIDIA Thor, 97 %, [N/A], [N/A], 51
2026/02/05 11:26:33.154, NVIDIA Thor, 0 %, [N/A], [N/A], 50
2026/02/05 11:26:34.156, NVIDIA Thor, 13 %, [N/A], [N/A], 51
2026/02/05 11:26:35.158, NVIDIA Thor, 97 %, [N/A], [N/A], 52
2026/02/05 11:26:36.162, NVIDIA Thor, 94 %, [N/A], [N/A], 51
2026/02/05 11:26:37.164, NVIDIA Thor, 1 %, [N/A], [N/A], 50
2026/02/05 11:26:38.166, NVIDIA Thor, 98 %, [N/A], [N/A], 52
2026/02/05 11:26:39.170, NVIDIA Thor, 98 %, [N/A], [N/A], 52
2026/02/05 11:26:40.177, NVIDIA Thor, 2 %, [N/A], [N/A], 50
2026/02/05 11:26:41.179, NVIDIA Thor, 0 %, [N/A], [N/A], 50
2026/02/05 11:26:42.180, NVIDIA Thor, 0 %, [N/A], [N/A], 50
2026/02/05 11:26:43.182, NVIDIA Thor, 0 %, [N/A], [N/A], 50
2026/02/05 11:26:44.184, NVIDIA Thor, 1 %, [N/A], [N/A], 50
2026/02/05 11:26:45.185, NVIDIA Thor, 9 %, [N/A], [N/A], 51
2026/02/05 11:26:46.187, NVIDIA Thor, 98 %, [N/A], [N/A], 52
2026/02/05 11:26:47.190, NVIDIA Thor, 97 %, [N/A], [N/A], 52
2026/02/05 11:26:48.194, NVIDIA Thor, 6 %, [N/A], [N/A], 50
2026/02/05 11:26:49.195, NVIDIA Thor, 70 %, [N/A], [N/A], 52
2026/02/05 11:26:50.196, NVIDIA Thor, 97 %, [N/A], [N/A], 52
2026/02/05 11:26:51.203, NVIDIA Thor, 0 %, [N/A], [N/A], 50
2026/02/05 11:26:52.204, NVIDIA Thor, 3 %, [N/A], [N/A], 51
2026/02/05 11:26:53.205, NVIDIA Thor, 98 %, [N/A], [N/A], 52
2026/02/05 11:26:54.210, NVIDIA Thor, 97 %, [N/A], [N/A], 52
2026/02/05 11:26:55.213, NVIDIA Thor, 96 %, [N/A], [N/A], 52
2026/02/05 11:26:56.217, NVIDIA Thor, 1 %, [N/A], [N/A], 50
2026/02/05 11:26:57.218, NVIDIA Thor, 1 %, [N/A], [N/A], 50
2026/02/05 11:26:58.221, NVIDIA Thor, 0 %, [N/A], [N/A], 50
2026/02/05 11:26:59.223, NVIDIA Thor, 6 %, [N/A], [N/A], 50
2026/02/05 11:27:00.224, NVIDIA Thor, 25 %, [N/A], [N/A], 51
2026/02/05 11:27:01.226, NVIDIA Thor, 98 %, [N/A], [N/A], 52
2026/02/05 11:27:02.228, NVIDIA Thor, 98 %, [N/A], [N/A], 52
2026/02/05 11:27:03.232, NVIDIA Thor, 97 %, [N/A], [N/A], 51
2026/02/05 11:27:04.237, NVIDIA Thor, 0 %, [N/A], [N/A], 50
2026/02/05 11:27:05.238, NVIDIA Thor, 2 %, [N/A], [N/A], 50
2026/02/05 11:27:06.240, NVIDIA Thor, 6 %, [N/A], [N/A], 51
2026/02/05 11:27:07.241, NVIDIA Thor, 98 %, [N/A], [N/A], 52
2026/02/05 11:27:08.243, NVIDIA Thor, 98 %, [N/A], [N/A], 52
2026/02/05 11:27:09.245, NVIDIA Thor, 98 %, [N/A], [N/A], 52
2026/02/05 11:27:10.250, NVIDIA Thor, 97 %, [N/A], [N/A], 51
2026/02/05 11:27:11.253, NVIDIA Thor, 1 %, [N/A], [N/A], 50
2026/02/05 11:27:12.255, NVIDIA Thor, 5 %, [N/A], [N/A], 51
2026/02/05 11:27:13.256, NVIDIA Thor, 2 %, [N/A], [N/A], 50
2026/02/05 11:27:14.258, NVIDIA Thor, 1 %, [N/A], [N/A], 50
2026/02/05 11:27:15.259, NVIDIA Thor, 3 %, [N/A], [N/A], 51
2026/02/05 11:27:16.261, NVIDIA Thor, 5 %, [N/A], [N/A], 51
2026/02/05 11:27:17.262, NVIDIA Thor, 9 %, [N/A], [N/A], 51
2026/02/05 11:27:18.264, NVIDIA Thor, 4 %, [N/A], [N/A], 51
2026/02/05 11:27:19.265, NVIDIA Thor, 98 %, [N/A], [N/A], 52
2026/02/05 11:27:20.267, NVIDIA Thor, 98 %, [N/A], [N/A], 52
2026/02/05 11:27:21.270, NVIDIA Thor, 77 %, [N/A], [N/A], 51
2026/02/05 11:27:22.273, NVIDIA Thor, 2 %, [N/A], [N/A], 51
2026/02/05 11:27:23.275, NVIDIA Thor, 9 %, [N/A], [N/A], 51
2026/02/05 11:27:24.276, NVIDIA Thor, 15 %, [N/A], [N/A], 51
2026/02/05 11:27:25.277, NVIDIA Thor, 22 %, [N/A], [N/A], 51
2026/02/05 11:27:26.279, NVIDIA Thor, 97 %, [N/A], [N/A], 52
2026/02/05 11:27:27.282, NVIDIA Thor, 98 %, [N/A], [N/A], 52
2026/02/05 11:27:28.288, NVIDIA Thor, 97 %, [N/A], [N/A], 52
2026/02/05 11:27:29.293, NVIDIA Thor, 4 %, [N/A], [N/A], 50
2026/02/05 11:27:30.294, NVIDIA Thor, 98 %, [N/A], [N/A], 52
2026/02/05 11:27:31.297, NVIDIA Thor, 98 %, [N/A], [N/A], 52
2026/02/05 11:27:32.299, NVIDIA Thor, 98 %, [N/A], [N/A], 52
2026/02/05 11:27:33.302, NVIDIA Thor, 97 %, [N/A], [N/A], 52
2026/02/05 11:27:34.305, NVIDIA Thor, 0 %, [N/A], [N/A], 50
2026/02/05 11:27:35.307, NVIDIA Thor, 8 %, [N/A], [N/A], 51
2026/02/05 11:27:36.309, NVIDIA Thor, 98 %, [N/A], [N/A], 52
2026/02/05 11:27:37.311, NVIDIA Thor, 98 %, [N/A], [N/A], 52
2026/02/05 11:27:38.315, NVIDIA Thor, 97 %, [N/A], [N/A], 52
2026/02/05 11:27:39.318, NVIDIA Thor, 92 %, [N/A], [N/A], 52
2026/02/05 11:27:40.324, NVIDIA Thor, 95 %, [N/A], [N/A], 52
2026/02/05 11:27:41.328, NVIDIA Thor, 81 %, [N/A], [N/A], 51
2026/02/05 11:27:42.330, NVIDIA Thor, 0 %, [N/A], [N/A], 50
2026/02/05 11:27:43.332, NVIDIA Thor, 1 %, [N/A], [N/A], 51
2026/02/05 11:27:44.333, NVIDIA Thor, 0 %, [N/A], [N/A], 50
2026/02/05 11:27:45.335, NVIDIA Thor, 1 %, [N/A], [N/A], 49
2026/02/05 11:27:46.339, NVIDIA Thor, 3 %, [N/A], [N/A], 49
2026/02/05 11:27:47.342, NVIDIA Thor, 2 %, [N/A], [N/A], 49
2026/02/05 11:27:48.345, NVIDIA Thor, 0 %, [N/A], [N/A], 48
2026/02/05 11:27:49.348, NVIDIA Thor, 0 %, [N/A], [N/A], 48
2026/02/05 11:27:50.351, NVIDIA Thor, 0 %, [N/A], [N/A], 48
2026/02/05 11:27:51.355, NVIDIA Thor, 0 %, [N/A], [N/A], 48
2026/02/05 11:27:52.361, NVIDIA Thor, 65 %, [N/A], [N/A], 49
2026/02/05 11:27:53.363, NVIDIA Thor, 36 %, [N/A], [N/A], 48
2026/02/05 11:27:54.366, NVIDIA Thor, 74 %, [N/A], [N/A], 49
2026/02/05 11:27:55.368, NVIDIA Thor, 8 %, [N/A], [N/A], 50
2026/02/05 11:27:56.370, NVIDIA Thor, 98 %, [N/A], [N/A], 51
2026/02/05 11:27:57.372, NVIDIA Thor, 98 %, [N/A], [N/A], 51
2026/02/05 11:27:58.375, NVIDIA Thor, 0 %, [N/A], [N/A], 49
2026/02/05 11:27:59.377, NVIDIA Thor, 2 %, [N/A], [N/A], 50
2026/02/05 11:28:00.378, NVIDIA Thor, 97 %, [N/A], [N/A], 51
2026/02/05 11:28:01.380, NVIDIA Thor, 98 %, [N/A], [N/A], 51
2026/02/05 11:28:02.382, NVIDIA Thor, 98 %, [N/A], [N/A], 51
2026/02/05 11:28:03.387, NVIDIA Thor, 97 %, [N/A], [N/A], 51
2026/02/05 11:28:04.394, NVIDIA Thor, 94 %, [N/A], [N/A], 51
2026/02/05 11:28:05.400, NVIDIA Thor, 5 %, [N/A], [N/A], 50
2026/02/05 11:28:06.401, NVIDIA Thor, 97 %, [N/A], [N/A], 51
2026/02/05 11:28:07.403, NVIDIA Thor, 97 %, [N/A], [N/A], 52
2026/02/05 11:28:08.410, NVIDIA Thor, 98 %, [N/A], [N/A], 51
2026/02/05 11:28:09.413, NVIDIA Thor, 12 %, [N/A], [N/A], 50
2026/02/05 11:28:10.416, NVIDIA Thor, 98 %, [N/A], [N/A], 51
2026/02/05 11:28:11.418, NVIDIA Thor, 98 %, [N/A], [N/A], 52
2026/02/05 11:28:12.422, NVIDIA Thor, 98 %, [N/A], [N/A], 52
2026/02/05 11:28:13.424, NVIDIA Thor, 97 %, [N/A], [N/A], 51
2026/02/05 11:28:14.430, NVIDIA Thor, 68 %, [N/A], [N/A], 51
2026/02/05 11:28:15.433, NVIDIA Thor, 2 %, [N/A], [N/A], 50
2026/02/05 11:28:16.435, NVIDIA Thor, 2 %, [N/A], [N/A], 50
2026/02/05 11:28:17.438, NVIDIA Thor, 52 %, [N/A], [N/A], 51
2026/02/05 11:28:18.439, NVIDIA Thor, 98 %, [N/A], [N/A], 52
2026/02/05 11:28:19.442, NVIDIA Thor, 98 %, [N/A], [N/A], 52
2026/02/05 11:28:20.447, NVIDIA Thor, 77 %, [N/A], [N/A], 51
2026/02/05 11:28:21.449, NVIDIA Thor, 4 %, [N/A], [N/A], 51
2026/02/05 11:28:22.450, NVIDIA Thor, 98 %, [N/A], [N/A], 52
2026/02/05 11:28:23.454, NVIDIA Thor, 92 %, [N/A], [N/A], 51
2026/02/05 11:28:24.460, NVIDIA Thor, 2 %, [N/A], [N/A], 50
2026/02/05 11:28:25.462, NVIDIA Thor, 98 %, [N/A], [N/A], 52
2026/02/05 11:28:26.464, NVIDIA Thor, 3 %, [N/A], [N/A], 50
2026/02/05 11:28:27.465, NVIDIA Thor, 7 %, [N/A], [N/A], 51
2026/02/05 11:28:28.466, NVIDIA Thor, 9 %, [N/A], [N/A], 51
2026/02/05 11:28:29.468, NVIDIA Thor, 98 %, [N/A], [N/A], 52
2026/02/05 11:28:30.470, NVIDIA Thor, 97 %, [N/A], [N/A], 52
2026/02/05 11:28:31.476, NVIDIA Thor, 95 %, [N/A], [N/A], 51
2026/02/05 11:28:32.480, NVIDIA Thor, 1 %, [N/A], [N/A], 50
2026/02/05 11:28:33.482, NVIDIA Thor, 10 %, [N/A], [N/A], 51
2026/02/05 11:28:34.483, NVIDIA Thor, 97 %, [N/A], [N/A], 52
2026/02/05 11:28:35.485, NVIDIA Thor, 98 %, [N/A], [N/A], 52
2026/02/05 11:28:36.489, NVIDIA Thor, 49 %, [N/A], [N/A], 51
2026/02/05 11:28:37.494, NVIDIA Thor, 6 %, [N/A], [N/A], 51
2026/02/05 11:28:38.496, NVIDIA Thor, 41 %, [N/A], [N/A], 52
2026/02/05 11:28:39.497, NVIDIA Thor, 97 %, [N/A], [N/A], 52
2026/02/05 11:28:40.503, NVIDIA Thor, 9 %, [N/A], [N/A], 50
2026/02/05 11:28:41.504, NVIDIA Thor, 98 %, [N/A], [N/A], 52
2026/02/05 11:28:42.506, NVIDIA Thor, 98 %, [N/A], [N/A], 52
2026/02/05 11:28:43.508, NVIDIA Thor, 20 %, [N/A], [N/A], 50
2026/02/05 11:28:44.510, NVIDIA Thor, 11 %, [N/A], [N/A], 50
2026/02/05 11:28:45.511, NVIDIA Thor, 10 %, [N/A], [N/A], 51
2026/02/05 11:28:46.514, NVIDIA Thor, 98 %, [N/A], [N/A], 52
2026/02/05 11:28:47.519, NVIDIA Thor, 0 %, [N/A], [N/A], 50
2026/02/05 11:28:48.521, NVIDIA Thor, 4 %, [N/A], [N/A], 50
2026/02/05 11:28:49.522, NVIDIA Thor, 95 %, [N/A], [N/A], 51
2026/02/05 11:28:50.527, NVIDIA Thor, 10 %, [N/A], [N/A], 50
2026/02/05 11:28:51.529, NVIDIA Thor, 91 %, [N/A], [N/A], 52
2026/02/05 11:28:52.531, NVIDIA Thor, 98 %, [N/A], [N/A], 52
2026/02/05 11:28:53.533, NVIDIA Thor, 1 %, [N/A], [N/A], 50
2026/02/05 11:28:54.535, NVIDIA Thor, 18 %, [N/A], [N/A], 51
2026/02/05 11:28:55.539, NVIDIA Thor, 97 %, [N/A], [N/A], 52
2026/02/05 11:28:56.547, NVIDIA Thor, 2 %, [N/A], [N/A], 50
2026/02/05 11:28:57.549, NVIDIA Thor, 9 %, [N/A], [N/A], 51
2026/02/05 11:28:58.550, NVIDIA Thor, 98 %, [N/A], [N/A], 52
2026/02/05 11:28:59.553, NVIDIA Thor, 98 %, [N/A], [N/A], 52
2026/02/05 11:29:00.556, NVIDIA Thor, 95 %, [N/A], [N/A], 51
2026/02/05 11:29:01.559, NVIDIA Thor, 4 %, [N/A], [N/A], 50
2026/02/05 11:29:02.561, NVIDIA Thor, 98 %, [N/A], [N/A], 52
2026/02/05 11:29:03.563, NVIDIA Thor, 98 %, [N/A], [N/A], 52
2026/02/05 11:29:04.566, NVIDIA Thor, 70 %, [N/A], [N/A], 51
2026/02/05 11:29:05.569, NVIDIA Thor, 5 %, [N/A], [N/A], 51
2026/02/05 11:29:06.570, NVIDIA Thor, 97 %, [N/A], [N/A], 52
2026/02/05 11:29:07.576, NVIDIA Thor, 6 %, [N/A], [N/A], 51
2026/02/05 11:29:08.577, NVIDIA Thor, 24 %, [N/A], [N/A], 51
2026/02/05 11:29:09.579, NVIDIA Thor, 98 %, [N/A], [N/A], 52
2026/02/05 11:29:10.582, NVIDIA Thor, 0 %, [N/A], [N/A], 50
2026/02/05 11:29:11.584, NVIDIA Thor, 11 %, [N/A], [N/A], 51
2026/02/05 11:29:12.585, NVIDIA Thor, 98 %, [N/A], [N/A], 52
2026/02/05 11:29:13.587, NVIDIA Thor, 97 %, [N/A], [N/A], 52
2026/02/05 11:29:14.591, NVIDIA Thor, 1 %, [N/A], [N/A], 50
2026/02/05 11:29:15.593, NVIDIA Thor, 7 %, [N/A], [N/A], 51
2026/02/05 11:29:16.594, NVIDIA Thor, 15 %, [N/A], [N/A], 51
2026/02/05 11:29:17.596, NVIDIA Thor, 98 %, [N/A], [N/A], 52
2026/02/05 11:29:18.600, NVIDIA Thor, 8 %, [N/A], [N/A], 50
2026/02/05 11:29:19.601, NVIDIA Thor, 2 %, [N/A], [N/A], 51
2026/02/05 11:29:20.603, NVIDIA Thor, 97 %, [N/A], [N/A], 52
2026/02/05 11:29:21.606, NVIDIA Thor, 97 %, [N/A], [N/A], 52
2026/02/05 11:29:22.608, NVIDIA Thor, 56 %, [N/A], [N/A], 51
2026/02/05 11:29:23.610, NVIDIA Thor, 2 %, [N/A], [N/A], 51
2026/02/05 11:29:24.611, NVIDIA Thor, 98 %, [N/A], [N/A], 52
2026/02/05 11:29:25.613, NVIDIA Thor, 97 %, [N/A], [N/A], 52
2026/02/05 11:29:26.616, NVIDIA Thor, 97 %, [N/A], [N/A], 52
2026/02/05 11:29:27.621, NVIDIA Thor, 65 %, [N/A], [N/A], 51
2026/02/05 11:29:28.623, NVIDIA Thor, 9 %, [N/A], [N/A], 51
2026/02/05 11:29:29.624, NVIDIA Thor, 5 %, [N/A], [N/A], 51
2026/02/05 11:29:30.626, NVIDIA Thor, 20 %, [N/A], [N/A], 52
2026/02/05 11:29:31.627, NVIDIA Thor, 98 %, [N/A], [N/A], 52
2026/02/05 11:29:32.630, NVIDIA Thor, 97 %, [N/A], [N/A], 52
2026/02/05 11:29:33.633, NVIDIA Thor, 98 %, [N/A], [N/A], 52
2026/02/05 11:29:34.638, NVIDIA Thor, 1 %, [N/A], [N/A], 50
2026/02/05 11:29:35.639, NVIDIA Thor, 2 %, [N/A], [N/A], 50
2026/02/05 11:29:36.641, NVIDIA Thor, 2 %, [N/A], [N/A], 51
2026/02/05 11:29:37.644, NVIDIA Thor, 32 %, [N/A], [N/A], 51
2026/02/05 11:29:38.646, NVIDIA Thor, 82 %, [N/A], [N/A], 51
2026/02/05 11:29:39.650, NVIDIA Thor, 7 %, [N/A], [N/A], 51
2026/02/05 11:29:40.652, NVIDIA Thor, 98 %, [N/A], [N/A], 52
2026/02/05 11:29:41.654, NVIDIA Thor, 87 %, [N/A], [N/A], 51
2026/02/05 11:29:42.656, NVIDIA Thor, 0 %, [N/A], [N/A], 51
2026/02/05 11:29:43.658, NVIDIA Thor, 8 %, [N/A], [N/A], 51
2026/02/05 11:29:44.659, NVIDIA Thor, 11 %, [N/A], [N/A], 51
2026/02/05 11:29:45.663, NVIDIA Thor, 5 %, [N/A], [N/A], 51
2026/02/05 11:29:46.665, NVIDIA Thor, 3 %, [N/A], [N/A], 51
2026/02/05 11:29:47.667, NVIDIA Thor, 14 %, [N/A], [N/A], 51
2026/02/05 11:29:48.668, NVIDIA Thor, 98 %, [N/A], [N/A], 52
2026/02/05 11:29:49.670, NVIDIA Thor, 97 %, [N/A], [N/A], 52
2026/02/05 11:29:50.672, NVIDIA Thor, 98 %, [N/A], [N/A], 52
2026/02/05 11:29:51.678, NVIDIA Thor, 15 %, [N/A], [N/A], 51
2026/02/05 11:29:52.687, NVIDIA Thor, 69 %, [N/A], [N/A], 52
2026/02/05 11:29:53.689, NVIDIA Thor, 97 %, [N/A], [N/A], 52
2026/02/05 11:29:54.691, NVIDIA Thor, 97 %, [N/A], [N/A], 52
2026/02/05 11:29:55.693, NVIDIA Thor, 58 %, [N/A], [N/A], 51
2026/02/05 11:29:56.696, NVIDIA Thor, 2 %, [N/A], [N/A], 51
2026/02/05 11:29:57.697, NVIDIA Thor, 98 %, [N/A], [N/A], 52
2026/02/05 11:29:58.701, NVIDIA Thor, 0 %, [N/A], [N/A], 50
2026/02/05 11:29:59.702, NVIDIA Thor, 98 %, [N/A], [N/A], 52
2026/02/05 11:30:00.705, NVIDIA Thor, 98 %, [N/A], [N/A], 52
2026/02/05 11:30:01.712, NVIDIA Thor, 81 %, [N/A], [N/A], 51
2026/02/05 11:30:02.715, NVIDIA Thor, 3 %, [N/A], [N/A], 51
2026/02/05 11:30:03.717, NVIDIA Thor, 6 %, [N/A], [N/A], 51
2026/02/05 11:30:04.718, NVIDIA Thor, 98 %, [N/A], [N/A], 52
2026/02/05 11:30:05.720, NVIDIA Thor, 97 %, [N/A], [N/A], 52
2026/02/05 11:30:06.723, NVIDIA Thor, 0 %, [N/A], [N/A], 51
2026/02/05 11:30:07.726, NVIDIA Thor, 3 %, [N/A], [N/A], 51
2026/02/05 11:30:08.727, NVIDIA Thor, 0 %, [N/A], [N/A], 50
2026/02/05 11:30:09.729, NVIDIA Thor, 49 %, [N/A], [N/A], 51
2026/02/05 11:30:10.734, NVIDIA Thor, 0 %, [N/A], [N/A], 51
2026/02/05 11:30:11.735, NVIDIA Thor, 7 %, [N/A], [N/A], 51
2026/02/05 11:30:12.737, NVIDIA Thor, 98 %, [N/A], [N/A], 52
2026/02/05 11:30:13.739, NVIDIA Thor, 98 %, [N/A], [N/A], 52
2026/02/05 11:30:14.744, NVIDIA Thor, 95 %, [N/A], [N/A], 52
2026/02/05 11:30:15.749, NVIDIA Thor, 2 %, [N/A], [N/A], 51
2026/02/05 11:30:16.751, NVIDIA Thor, 7 %, [N/A], [N/A], 51
2026/02/05 11:30:17.752, NVIDIA Thor, 96 %, [N/A], [N/A], 52
2026/02/05 11:30:18.755, NVIDIA Thor, 98 %, [N/A], [N/A], 52
2026/02/05 11:30:19.760, NVIDIA Thor, 96 %, [N/A], [N/A], 52
2026/02/05 11:30:20.763, NVIDIA Thor, 0 %, [N/A], [N/A], 51
2026/02/05 11:30:21.764, NVIDIA Thor, 3 %, [N/A], [N/A], 51
2026/02/05 11:30:22.765, NVIDIA Thor, 13 %, [N/A], [N/A], 52
2026/02/05 11:30:23.767, NVIDIA Thor, 98 %, [N/A], [N/A], 52
2026/02/05 11:30:24.771, NVIDIA Thor, 98 %, [N/A], [N/A], 52
2026/02/05 11:30:25.773, NVIDIA Thor, 44 %, [N/A], [N/A], 51
2026/02/05 11:30:26.775, NVIDIA Thor, 4 %, [N/A], [N/A], 50
2026/02/05 11:30:27.777, NVIDIA Thor, 4 %, [N/A], [N/A], 51
2026/02/05 11:30:28.778, NVIDIA Thor, 89 %, [N/A], [N/A], 52
2026/02/05 11:30:29.780, NVIDIA Thor, 97 %, [N/A], [N/A], 52
2026/02/05 11:30:30.782, NVIDIA Thor, 97 %, [N/A], [N/A], 52
2026/02/05 11:30:31.787, NVIDIA Thor, 0 %, [N/A], [N/A], 51
2026/02/05 11:30:32.790, NVIDIA Thor, 9 %, [N/A], [N/A], 51
2026/02/05 11:30:33.791, NVIDIA Thor, 97 %, [N/A], [N/A], 52
2026/02/05 11:30:34.794, NVIDIA Thor, 94 %, [N/A], [N/A], 52
2026/02/05 11:30:35.799, NVIDIA Thor, 9 %, [N/A], [N/A], 51
2026/02/05 11:30:36.802, NVIDIA Thor, 98 %, [N/A], [N/A], 52
2026/02/05 11:30:37.805, NVIDIA Thor, 98 %, [N/A], [N/A], 52
2026/02/05 11:30:38.808, NVIDIA Thor, 95 %, [N/A], [N/A], 52
2026/02/05 11:30:39.812, NVIDIA Thor, 0 %, [N/A], [N/A], 51
2026/02/05 11:30:40.813, NVIDIA Thor, 8 %, [N/A], [N/A], 51
2026/02/05 11:30:41.815, NVIDIA Thor, 98 %, [N/A], [N/A], 52
2026/02/05 11:30:42.817, NVIDIA Thor, 1 %, [N/A], [N/A], 51
2026/02/05 11:30:43.819, NVIDIA Thor, 0 %, [N/A], [N/A], 51
2026/02/05 11:30:44.821, NVIDIA Thor, 2 %, [N/A], [N/A], 51
2026/02/05 11:30:45.822, NVIDIA Thor, 7 %, [N/A], [N/A], 51
2026/02/05 11:30:46.824, NVIDIA Thor, 5 %, [N/A], [N/A], 51
2026/02/05 11:30:47.826, NVIDIA Thor, 16 %, [N/A], [N/A], 51
2026/02/05 11:30:48.827, NVIDIA Thor, 98 %, [N/A], [N/A], 52
2026/02/05 11:30:49.831, NVIDIA Thor, 97 %, [N/A], [N/A], 53
2026/02/05 11:30:50.837, NVIDIA Thor, 97 %, [N/A], [N/A], 52
2026/02/05 11:30:51.840, NVIDIA Thor, 1 %, [N/A], [N/A], 51
2026/02/05 11:30:52.841, NVIDIA Thor, 42 %, [N/A], [N/A], 52
2026/02/05 11:30:53.843, NVIDIA Thor, 96 %, [N/A], [N/A], 52
2026/02/05 11:30:54.850, NVIDIA Thor, 0 %, [N/A], [N/A], 51
2026/02/05 11:30:55.852, NVIDIA Thor, 5 %, [N/A], [N/A], 51
2026/02/05 11:30:56.854, NVIDIA Thor, 98 %, [N/A], [N/A], 52
2026/02/05 11:30:57.856, NVIDIA Thor, 94 %, [N/A], [N/A], 52
2026/02/05 11:30:58.861, NVIDIA Thor, 9 %, [N/A], [N/A], 51
2026/02/05 11:30:59.862, NVIDIA Thor, 2 %, [N/A], [N/A], 50
2026/02/05 11:31:00.864, NVIDIA Thor, 94 %, [N/A], [N/A], 52
2026/02/05 11:31:01.868, NVIDIA Thor, 51 %, [N/A], [N/A], 51
2026/02/05 11:31:02.871, NVIDIA Thor, 1 %, [N/A], [N/A], 51
2026/02/05 11:31:03.872, NVIDIA Thor, 2 %, [N/A], [N/A], 51
2026/02/05 11:31:04.874, NVIDIA Thor, 15 %, [N/A], [N/A], 52
2026/02/05 11:31:05.876, NVIDIA Thor, 98 %, [N/A], [N/A], 53
2026/02/05 11:31:06.879, NVIDIA Thor, 98 %, [N/A], [N/A], 52
2026/02/05 11:31:07.886, NVIDIA Thor, 2 %, [N/A], [N/A], 51
2026/02/05 11:31:08.888, NVIDIA Thor, 2 %, [N/A], [N/A], 51
2026/02/05 11:31:09.890, NVIDIA Thor, 94 %, [N/A], [N/A], 52
2026/02/05 11:31:10.891, NVIDIA Thor, 91 %, [N/A], [N/A], 52
2026/02/05 11:31:11.896, NVIDIA Thor, 10 %, [N/A], [N/A], 51
2026/02/05 11:31:12.897, NVIDIA Thor, 98 %, [N/A], [N/A], 52
2026/02/05 11:31:13.899, NVIDIA Thor, 96 %, [N/A], [N/A], 52
2026/02/05 11:31:14.903, NVIDIA Thor, 0 %, [N/A], [N/A], 51
2026/02/05 11:31:15.904, NVIDIA Thor, 10 %, [N/A], [N/A], 51
2026/02/05 11:31:16.906, NVIDIA Thor, 16 %, [N/A], [N/A], 51
2026/02/05 11:31:17.908, NVIDIA Thor, 98 %, [N/A], [N/A], 52
2026/02/05 11:31:18.910, NVIDIA Thor, 98 %, [N/A], [N/A], 52
2026/02/05 11:31:19.914, NVIDIA Thor, 97 %, [N/A], [N/A], 52
2026/02/05 11:31:20.919, NVIDIA Thor, 3 %, [N/A], [N/A], 51
2026/02/05 11:31:21.921, NVIDIA Thor, 97 %, [N/A], [N/A], 52
2026/02/05 11:31:22.923, NVIDIA Thor, 0 %, [N/A], [N/A], 51
2026/02/05 11:31:23.926, NVIDIA Thor, 6 %, [N/A], [N/A], 51
2026/02/05 11:31:24.927, NVIDIA Thor, 98 %, [N/A], [N/A], 52
2026/02/05 11:31:25.930, NVIDIA Thor, 98 %, [N/A], [N/A], 52
2026/02/05 11:31:26.935, NVIDIA Thor, 97 %, [N/A], [N/A], 52
2026/02/05 11:31:27.940, NVIDIA Thor, 93 %, [N/A], [N/A], 52
2026/02/05 11:31:28.942, NVIDIA Thor, 0 %, [N/A], [N/A], 51
2026/02/05 11:31:29.945, NVIDIA Thor, 1 %, [N/A], [N/A], 51
2026/02/05 11:31:30.951, NVIDIA Thor, 98 %, [N/A], [N/A], 53
2026/02/05 11:31:31.955, NVIDIA Thor, 98 %, [N/A], [N/A], 52
2026/02/05 11:31:32.958, NVIDIA Thor, 0 %, [N/A], [N/A], 51
2026/02/05 11:31:33.960, NVIDIA Thor, 10 %, [N/A], [N/A], 51
2026/02/05 11:31:34.962, NVIDIA Thor, 18 %, [N/A], [N/A], 52
2026/02/05 11:31:35.964, NVIDIA Thor, 91 %, [N/A], [N/A], 52
2026/02/05 11:31:36.965, NVIDIA Thor, 98 %, [N/A], [N/A], 52
2026/02/05 11:31:37.968, NVIDIA Thor, 98 %, [N/A], [N/A], 52
2026/02/05 11:31:38.974, NVIDIA Thor, 98 %, [N/A], [N/A], 52
2026/02/05 11:31:39.978, NVIDIA Thor, 93 %, [N/A], [N/A], 52
2026/02/05 11:31:40.981, NVIDIA Thor, 2 %, [N/A], [N/A], 51
2026/02/05 11:31:41.983, NVIDIA Thor, 9 %, [N/A], [N/A], 51
2026/02/05 11:31:42.984, NVIDIA Thor, 97 %, [N/A], [N/A], 52
2026/02/05 11:31:43.986, NVIDIA Thor, 98 %, [N/A], [N/A], 52
2026/02/05 11:31:44.990, NVIDIA Thor, 79 %, [N/A], [N/A], 51
2026/02/05 11:31:45.994, NVIDIA Thor, 14 %, [N/A], [N/A], 51
2026/02/05 11:31:47.005, NVIDIA Thor, 98 %, [N/A], [N/A], 52
2026/02/05 11:31:48.007, NVIDIA Thor, 98 %, [N/A], [N/A], 53
2026/02/05 11:31:49.011, NVIDIA Thor, 98 %, [N/A], [N/A], 52
2026/02/05 11:31:50.015, NVIDIA Thor, 4 %, [N/A], [N/A], 51
2026/02/05 11:31:51.016, NVIDIA Thor, 98 %, [N/A], [N/A], 52
2026/02/05 11:31:52.019, NVIDIA Thor, 87 %, [N/A], [N/A], 51
2026/02/05 11:31:53.021, NVIDIA Thor, 6 %, [N/A], [N/A], 51
2026/02/05 11:31:54.022, NVIDIA Thor, 12 %, [N/A], [N/A], 51
2026/02/05 11:31:55.024, NVIDIA Thor, 97 %, [N/A], [N/A], 52
2026/02/05 11:31:56.026, NVIDIA Thor, 17 %, [N/A], [N/A], 51
2026/02/05 11:31:57.030, NVIDIA Thor, 66 %, [N/A], [N/A], 52
2026/02/05 11:31:58.031, NVIDIA Thor, 98 %, [N/A], [N/A], 52
2026/02/05 11:31:59.035, NVIDIA Thor, 2 %, [N/A], [N/A], 51
2026/02/05 11:32:00.042, NVIDIA Thor, 7 %, [N/A], [N/A], 51
2026/02/05 11:32:01.043, NVIDIA Thor, 6 %, [N/A], [N/A], 51
2026/02/05 11:32:02.045, NVIDIA Thor, 3 %, [N/A], [N/A], 51
2026/02/05 11:32:03.046, NVIDIA Thor, 1 %, [N/A], [N/A], 51
2026/02/05 11:32:04.047, NVIDIA Thor, 33 %, [N/A], [N/A], 50
2026/02/05 11:32:05.049, NVIDIA Thor, 27 %, [N/A], [N/A], 52
2026/02/05 11:32:06.051, NVIDIA Thor, 98 %, [N/A], [N/A], 52
2026/02/05 11:32:07.053, NVIDIA Thor, 98 %, [N/A], [N/A], 52
2026/02/05 11:32:08.055, NVIDIA Thor, 98 %, [N/A], [N/A], 52
2026/02/05 11:32:09.057, NVIDIA Thor, 0 %, [N/A], [N/A], 51
2026/02/05 11:32:10.058, NVIDIA Thor, 9 %, [N/A], [N/A], 51
2026/02/05 11:32:11.060, NVIDIA Thor, 98 %, [N/A], [N/A], 52
2026/02/05 11:32:12.062, NVIDIA Thor, 95 %, [N/A], [N/A], 52
2026/02/05 11:32:13.064, NVIDIA Thor, 1 %, [N/A], [N/A], 51
2026/02/05 11:32:14.065, NVIDIA Thor, 0 %, [N/A], [N/A], 51
2026/02/05 11:32:15.067, NVIDIA Thor, 98 %, [N/A], [N/A], 52
2026/02/05 11:32:16.069, NVIDIA Thor, 56 %, [N/A], [N/A], 51
2026/02/05 11:32:17.072, NVIDIA Thor, 14 %, [N/A], [N/A], 51
2026/02/05 11:32:18.073, NVIDIA Thor, 97 %, [N/A], [N/A], 52
2026/02/05 11:32:19.076, NVIDIA Thor, 1 %, [N/A], [N/A], 51
2026/02/05 11:32:20.078, NVIDIA Thor, 97 %, [N/A], [N/A], 52
2026/02/05 11:32:21.080, NVIDIA Thor, 1 %, [N/A], [N/A], 50
2026/02/05 11:32:22.081, NVIDIA Thor, 3 %, [N/A], [N/A], 51
2026/02/05 11:32:23.082, NVIDIA Thor, 17 %, [N/A], [N/A], 52
2026/02/05 11:32:24.084, NVIDIA Thor, 98 %, [N/A], [N/A], 52
2026/02/05 11:32:25.086, NVIDIA Thor, 98 %, [N/A], [N/A], 52
2026/02/05 11:32:26.090, NVIDIA Thor, 0 %, [N/A], [N/A], 51
2026/02/05 11:32:27.092, NVIDIA Thor, 4 %, [N/A], [N/A], 51
2026/02/05 11:32:28.094, NVIDIA Thor, 97 %, [N/A], [N/A], 53
2026/02/05 11:32:29.098, NVIDIA Thor, 53 %, [N/A], [N/A], 51
2026/02/05 11:32:30.102, NVIDIA Thor, 6 %, [N/A], [N/A], 51
2026/02/05 11:32:31.104, NVIDIA Thor, 42 %, [N/A], [N/A], 51
2026/02/05 11:32:32.111, NVIDIA Thor, 97 %, [N/A], [N/A], 52
2026/02/05 11:32:33.113, NVIDIA Thor, 1 %, [N/A], [N/A], 51
2026/02/05 11:32:34.115, NVIDIA Thor, 8 %, [N/A], [N/A], 51
2026/02/05 11:32:35.118, NVIDIA Thor, 17 %, [N/A], [N/A], 52
2026/02/05 11:32:36.119, NVIDIA Thor, 98 %, [N/A], [N/A], 52
2026/02/05 11:32:37.122, NVIDIA Thor, 72 %, [N/A], [N/A], 51
2026/02/05 11:32:38.125, NVIDIA Thor, 1 %, [N/A], [N/A], 50
2026/02/05 11:32:39.127, NVIDIA Thor, 97 %, [N/A], [N/A], 52
2026/02/05 11:32:40.130, NVIDIA Thor, 98 %, [N/A], [N/A], 53
2026/02/05 11:32:41.133, NVIDIA Thor, 97 %, [N/A], [N/A], 52
2026/02/05 11:32:42.136, NVIDIA Thor, 0 %, [N/A], [N/A], 51
2026/02/05 11:32:43.137, NVIDIA Thor, 2 %, [N/A], [N/A], 51
2026/02/05 11:32:44.139, NVIDIA Thor, 12 %, [N/A], [N/A], 51
2026/02/05 11:32:45.140, NVIDIA Thor, 98 %, [N/A], [N/A], 52
2026/02/05 11:32:46.142, NVIDIA Thor, 98 %, [N/A], [N/A], 52
2026/02/05 11:32:47.146, NVIDIA Thor, 94 %, [N/A], [N/A], 52
2026/02/05 11:32:48.152, NVIDIA Thor, 0 %, [N/A], [N/A], 51
2026/02/05 11:32:49.153, NVIDIA Thor, 4 %, [N/A], [N/A], 51
2026/02/05 11:32:50.154, NVIDIA Thor, 3 %, [N/A], [N/A], 51
2026/02/05 11:32:51.156, NVIDIA Thor, 97 %, [N/A], [N/A], 52
2026/02/05 11:32:52.158, NVIDIA Thor, 98 %, [N/A], [N/A], 53
2026/02/05 11:32:53.163, NVIDIA Thor, 90 %, [N/A], [N/A], 52
2026/02/05 11:32:54.165, NVIDIA Thor, 5 %, [N/A], [N/A], 51
2026/02/05 11:32:55.167, NVIDIA Thor, 11 %, [N/A], [N/A], 51
2026/02/05 11:32:56.177, NVIDIA Thor, 98 %, [N/A], [N/A], 52
2026/02/05 11:32:57.179, NVIDIA Thor, 97 %, [N/A], [N/A], 52
2026/02/05 11:32:58.182, NVIDIA Thor, 98 %, [N/A], [N/A], 52
2026/02/05 11:32:59.185, NVIDIA Thor, 85 %, [N/A], [N/A], 51
2026/02/05 11:33:00.187, NVIDIA Thor, 5 %, [N/A], [N/A], 51
2026/02/05 11:33:01.189, NVIDIA Thor, 45 %, [N/A], [N/A], 52
2026/02/05 11:33:02.191, NVIDIA Thor, 98 %, [N/A], [N/A], 53
2026/02/05 11:33:03.195, NVIDIA Thor, 97 %, [N/A], [N/A], 52
2026/02/05 11:33:04.199, NVIDIA Thor, 0 %, [N/A], [N/A], 51
2026/02/05 11:33:05.201, NVIDIA Thor, 6 %, [N/A], [N/A], 51
2026/02/05 11:33:06.203, NVIDIA Thor, 98 %, [N/A], [N/A], 52
2026/02/05 11:33:07.205, NVIDIA Thor, 98 %, [N/A], [N/A], 53
2026/02/05 11:33:08.210, NVIDIA Thor, 98 %, [N/A], [N/A], 52
2026/02/05 11:33:09.216, NVIDIA Thor, 1 %, [N/A], [N/A], 51
2026/02/05 11:33:10.218, NVIDIA Thor, 16 %, [N/A], [N/A], 52
2026/02/05 11:33:11.220, NVIDIA Thor, 97 %, [N/A], [N/A], 53
2026/02/05 11:33:12.224, NVIDIA Thor, 0 %, [N/A], [N/A], 50
2026/02/05 11:33:13.226, NVIDIA Thor, 17 %, [N/A], [N/A], 52
2026/02/05 11:33:14.229, NVIDIA Thor, 98 %, [N/A], [N/A], 53
2026/02/05 11:33:15.231, NVIDIA Thor, 98 %, [N/A], [N/A], 52
2026/02/05 11:33:16.236, NVIDIA Thor, 94 %, [N/A], [N/A], 52
2026/02/05 11:33:17.240, NVIDIA Thor, 0 %, [N/A], [N/A], 51
2026/02/05 11:33:18.243, NVIDIA Thor, 1 %, [N/A], [N/A], 51
2026/02/05 11:33:19.245, NVIDIA Thor, 52 %, [N/A], [N/A], 52
2026/02/05 11:33:20.247, NVIDIA Thor, 97 %, [N/A], [N/A], 53
2026/02/05 11:33:21.249, NVIDIA Thor, 91 %, [N/A], [N/A], 52
2026/02/05 11:33:22.252, NVIDIA Thor, 6 %, [N/A], [N/A], 51
2026/02/05 11:33:23.253, NVIDIA Thor, 2 %, [N/A], [N/A], 51
2026/02/05 11:33:24.255, NVIDIA Thor, 97 %, [N/A], [N/A], 53
2026/02/05 11:33:25.257, NVIDIA Thor, 87 %, [N/A], [N/A], 52
2026/02/05 11:33:26.259, NVIDIA Thor, 3 %, [N/A], [N/A], 51
2026/02/05 11:33:27.261, NVIDIA Thor, 98 %, [N/A], [N/A], 52
2026/02/05 11:33:28.263, NVIDIA Thor, 97 %, [N/A], [N/A], 53
2026/02/05 11:33:29.267, NVIDIA Thor, 21 %, [N/A], [N/A], 51
2026/02/05 11:33:30.268, NVIDIA Thor, 10 %, [N/A], [N/A], 51
2026/02/05 11:33:31.270, NVIDIA Thor, 44 %, [N/A], [N/A], 52
2026/02/05 11:33:32.272, NVIDIA Thor, 98 %, [N/A], [N/A], 53
2026/02/05 11:33:33.274, NVIDIA Thor, 97 %, [N/A], [N/A], 52
2026/02/05 11:33:34.277, NVIDIA Thor, 1 %, [N/A], [N/A], 51
2026/02/05 11:33:35.278, NVIDIA Thor, 7 %, [N/A], [N/A], 51
2026/02/05 11:33:36.281, NVIDIA Thor, 98 %, [N/A], [N/A], 52
2026/02/05 11:33:37.283, NVIDIA Thor, 97 %, [N/A], [N/A], 52
2026/02/05 11:33:38.287, NVIDIA Thor, 0 %, [N/A], [N/A], 51
2026/02/05 11:33:39.290, NVIDIA Thor, 3 %, [N/A], [N/A], 51
2026/02/05 11:33:40.291, NVIDIA Thor, 8 %, [N/A], [N/A], 52
2026/02/05 11:33:41.293, NVIDIA Thor, 97 %, [N/A], [N/A], 52
2026/02/05 11:33:42.295, NVIDIA Thor, 97 %, [N/A], [N/A], 53
2026/02/05 11:33:43.306, NVIDIA Thor, 98 %, [N/A], [N/A], 53
2026/02/05 11:33:44.309, NVIDIA Thor, 73 %, [N/A], [N/A], 52
2026/02/05 11:33:45.312, NVIDIA Thor, 2 %, [N/A], [N/A], 51
2026/02/05 11:33:46.313, NVIDIA Thor, 0 %, [N/A], [N/A], 50
2026/02/05 11:33:47.315, NVIDIA Thor, 97 %, [N/A], [N/A], 52
2026/02/05 11:33:48.317, NVIDIA Thor, 98 %, [N/A], [N/A], 52
2026/02/05 11:33:49.322, NVIDIA Thor, 0 %, [N/A], [N/A], 51
2026/02/05 11:33:50.323, NVIDIA Thor, 10 %, [N/A], [N/A], 51
2026/02/05 11:33:51.324, NVIDIA Thor, 28 %, [N/A], [N/A], 52
2026/02/05 11:33:52.326, NVIDIA Thor, 97 %, [N/A], [N/A], 53
2026/02/05 11:33:53.329, NVIDIA Thor, 58 %, [N/A], [N/A], 51
2026/02/05 11:33:54.333, NVIDIA Thor, 2 %, [N/A], [N/A], 51
2026/02/05 11:33:55.335, NVIDIA Thor, 19 %, [N/A], [N/A], 52
2026/02/05 11:33:56.337, NVIDIA Thor, 98 %, [N/A], [N/A], 52
2026/02/05 11:33:57.340, NVIDIA Thor, 97 %, [N/A], [N/A], 53
2026/02/05 11:33:58.342, NVIDIA Thor, 97 %, [N/A], [N/A], 52
2026/02/05 11:33:59.349, NVIDIA Thor, 2 %, [N/A], [N/A], 51
2026/02/05 11:34:00.356, NVIDIA Thor, 5 %, [N/A], [N/A], 51
2026/02/05 11:34:01.358, NVIDIA Thor, 10 %, [N/A], [N/A], 51
2026/02/05 11:34:02.359, NVIDIA Thor, 26 %, [N/A], [N/A], 52
2026/02/05 11:34:03.361, NVIDIA Thor, 1 %, [N/A], [N/A], 51
2026/02/05 11:34:04.372, NVIDIA Thor, 98 %, [N/A], [N/A], 53
2026/02/05 11:34:05.377, NVIDIA Thor, 97 %, [N/A], [N/A], 52
2026/02/05 11:34:06.380, NVIDIA Thor, 98 %, [N/A], [N/A], 52
2026/02/05 11:34:07.385, NVIDIA Thor, 97 %, [N/A], [N/A], 52
2026/02/05 11:34:08.391, NVIDIA Thor, 95 %, [N/A], [N/A], 52
2026/02/05 11:34:09.397, NVIDIA Thor, 0 %, [N/A], [N/A], 51
2026/02/05 11:34:10.398, NVIDIA Thor, 3 %, [N/A], [N/A], 51
2026/02/05 11:34:11.400, NVIDIA Thor, 24 %, [N/A], [N/A], 52
2026/02/05 11:34:12.402, NVIDIA Thor, 98 %, [N/A], [N/A], 53
2026/02/05 11:34:13.405, NVIDIA Thor, 95 %, [N/A], [N/A], 52
2026/02/05 11:34:14.409, NVIDIA Thor, 0 %, [N/A], [N/A], 51
2026/02/05 11:34:15.411, NVIDIA Thor, 2 %, [N/A], [N/A], 51
2026/02/05 11:34:16.412, NVIDIA Thor, 98 %, [N/A], [N/A], 52
2026/02/05 11:34:17.416, NVIDIA Thor, 97 %, [N/A], [N/A], 53
2026/02/05 11:34:18.422, NVIDIA Thor, 0 %, [N/A], [N/A], 51
2026/02/05 11:34:19.424, NVIDIA Thor, 1 %, [N/A], [N/A], 51
2026/02/05 11:34:20.426, NVIDIA Thor, 98 %, [N/A], [N/A], 53
2026/02/05 11:34:21.429, NVIDIA Thor, 98 %, [N/A], [N/A], 53
2026/02/05 11:34:22.432, NVIDIA Thor, 96 %, [N/A], [N/A], 52
2026/02/05 11:34:23.437, NVIDIA Thor, 0 %, [N/A], [N/A], 51
2026/02/05 11:34:24.438, NVIDIA Thor, 7 %, [N/A], [N/A], 52
2026/02/05 11:34:25.441, NVIDIA Thor, 97 %, [N/A], [N/A], 53
2026/02/05 11:34:26.446, NVIDIA Thor, 0 %, [N/A], [N/A], 51
2026/02/05 11:34:27.449, NVIDIA Thor, 5 %, [N/A], [N/A], 51
2026/02/05 11:34:28.451, NVIDIA Thor, 9 %, [N/A], [N/A], 52
2026/02/05 11:34:29.452, NVIDIA Thor, 97 %, [N/A], [N/A], 53
2026/02/05 11:34:30.454, NVIDIA Thor, 97 %, [N/A], [N/A], 52
2026/02/05 11:34:31.458, NVIDIA Thor, 0 %, [N/A], [N/A], 51
2026/02/05 11:34:32.460, NVIDIA Thor, 7 %, [N/A], [N/A], 52
2026/02/05 11:34:33.461, NVIDIA Thor, 97 %, [N/A], [N/A], 53
2026/02/05 11:34:34.467, NVIDIA Thor, 97 %, [N/A], [N/A], 52
2026/02/05 11:34:35.472, NVIDIA Thor, 90 %, [N/A], [N/A], 52
2026/02/05 11:34:36.475, NVIDIA Thor, 19 %, [N/A], [N/A], 51
2026/02/05 11:34:37.478, NVIDIA Thor, 3 %, [N/A], [N/A], 50
2026/02/05 11:34:38.479, NVIDIA Thor, 10 %, [N/A], [N/A], 52
2026/02/05 11:34:39.481, NVIDIA Thor, 98 %, [N/A], [N/A], 52
2026/02/05 11:34:40.488, NVIDIA Thor, 91 %, [N/A], [N/A], 52
2026/02/05 11:34:41.504, NVIDIA Thor, 0 %, [N/A], [N/A], 51
2026/02/05 11:34:42.506, NVIDIA Thor, 97 %, [N/A], [N/A], 52
2026/02/05 11:34:43.509, NVIDIA Thor, 1 %, [N/A], [N/A], 51
2026/02/05 11:34:44.510, NVIDIA Thor, 11 %, [N/A], [N/A], 51
2026/02/05 11:34:45.512, NVIDIA Thor, 98 %, [N/A], [N/A], 52
2026/02/05 11:34:46.524, NVIDIA Thor, 0 %, [N/A], [N/A], 50
2026/02/05 11:34:47.525, NVIDIA Thor, 11 %, [N/A], [N/A], 51
2026/02/05 11:34:48.527, NVIDIA Thor, 2 %, [N/A], [N/A], 51
2026/02/05 11:34:49.530, NVIDIA Thor, 10 %, [N/A], [N/A], 52
2026/02/05 11:34:50.531, NVIDIA Thor, 42 %, [N/A], [N/A], 52
2026/02/05 11:34:51.534, NVIDIA Thor, 98 %, [N/A], [N/A], 53
2026/02/05 11:34:52.540, NVIDIA Thor, 0 %, [N/A], [N/A], 51
2026/02/05 11:34:53.541, NVIDIA Thor, 18 %, [N/A], [N/A], 52
2026/02/05 11:34:54.543, NVIDIA Thor, 97 %, [N/A], [N/A], 52
2026/02/05 11:34:55.549, NVIDIA Thor, 13 %, [N/A], [N/A], 51
2026/02/05 11:34:56.551, NVIDIA Thor, 97 %, [N/A], [N/A], 52
2026/02/05 11:34:57.553, NVIDIA Thor, 98 %, [N/A], [N/A], 53
2026/02/05 11:34:58.560, NVIDIA Thor, 96 %, [N/A], [N/A], 52
2026/02/05 11:34:59.564, NVIDIA Thor, 0 %, [N/A], [N/A], 51
2026/02/05 11:35:00.566, NVIDIA Thor, 2 %, [N/A], [N/A], 51
2026/02/05 11:35:01.567, NVIDIA Thor, 98 %, [N/A], [N/A], 53
2026/02/05 11:35:02.570, NVIDIA Thor, 24 %, [N/A], [N/A], 51
2026/02/05 11:35:03.575, NVIDIA Thor, 9 %, [N/A], [N/A], 51
2026/02/05 11:35:04.577, NVIDIA Thor, 98 %, [N/A], [N/A], 52
2026/02/05 11:35:05.578, NVIDIA Thor, 98 %, [N/A], [N/A], 52
2026/02/05 11:35:06.580, NVIDIA Thor, 97 %, [N/A], [N/A], 52
2026/02/05 11:35:07.586, NVIDIA Thor, 9 %, [N/A], [N/A], 51
2026/02/05 11:35:08.587, NVIDIA Thor, 55 %, [N/A], [N/A], 52
2026/02/05 11:35:09.589, NVIDIA Thor, 97 %, [N/A], [N/A], 53
2026/02/05 11:35:10.592, NVIDIA Thor, 94 %, [N/A], [N/A], 52
2026/02/05 11:35:11.596, NVIDIA Thor, 2 %, [N/A], [N/A], 51
2026/02/05 11:35:12.598, NVIDIA Thor, 12 %, [N/A], [N/A], 51
2026/02/05 11:35:13.609, NVIDIA Thor, 4 %, [N/A], [N/A], 51
2026/02/05 11:35:14.611, NVIDIA Thor, 98 %, [N/A], [N/A], 52
2026/02/05 11:35:15.613, NVIDIA Thor, 97 %, [N/A], [N/A], 52
2026/02/05 11:35:16.616, NVIDIA Thor, 0 %, [N/A], [N/A], 51
2026/02/05 11:35:17.617, NVIDIA Thor, 4 %, [N/A], [N/A], 51
2026/02/05 11:35:18.619, NVIDIA Thor, 4 %, [N/A], [N/A], 51
2026/02/05 11:35:19.620, NVIDIA Thor, 98 %, [N/A], [N/A], 52
2026/02/05 11:35:20.622, NVIDIA Thor, 98 %, [N/A], [N/A], 53
2026/02/05 11:35:21.627, NVIDIA Thor, 97 %, [N/A], [N/A], 52
2026/02/05 11:35:22.630, NVIDIA Thor, 90 %, [N/A], [N/A], 52
2026/02/05 11:35:23.633, NVIDIA Thor, 0 %, [N/A], [N/A], 51
2026/02/05 11:35:24.635, NVIDIA Thor, 1 %, [N/A], [N/A], 51
2026/02/05 11:35:25.637, NVIDIA Thor, 2 %, [N/A], [N/A], 51
2026/02/05 11:35:26.638, NVIDIA Thor, 18 %, [N/A], [N/A], 52
2026/02/05 11:35:27.640, NVIDIA Thor, 97 %, [N/A], [N/A], 52
2026/02/05 11:35:28.642, NVIDIA Thor, 98 %, [N/A], [N/A], 53
2026/02/05 11:35:29.645, NVIDIA Thor, 5 %, [N/A], [N/A], 51
2026/02/05 11:35:30.646, NVIDIA Thor, 1 %, [N/A], [N/A], 51
2026/02/05 11:35:31.647, NVIDIA Thor, 1 %, [N/A], [N/A], 51
2026/02/05 11:35:32.650, NVIDIA Thor, 9 %, [N/A], [N/A], 51
2026/02/05 11:35:33.651, NVIDIA Thor, 4 %, [N/A], [N/A], 51
2026/02/05 11:35:34.653, NVIDIA Thor, 9 %, [N/A], [N/A], 52
2026/02/05 11:35:35.655, NVIDIA Thor, 98 %, [N/A], [N/A], 52
2026/02/05 11:35:36.657, NVIDIA Thor, 98 %, [N/A], [N/A], 53
2026/02/05 11:35:37.659, NVIDIA Thor, 98 %, [N/A], [N/A], 53
2026/02/05 11:35:38.665, NVIDIA Thor, 93 %, [N/A], [N/A], 52
2026/02/05 11:35:39.671, NVIDIA Thor, 0 %, [N/A], [N/A], 51
2026/02/05 11:35:40.672, NVIDIA Thor, 4 %, [N/A], [N/A], 51
2026/02/05 11:35:41.674, NVIDIA Thor, 4 %, [N/A], [N/A], 52
2026/02/05 11:35:42.676, NVIDIA Thor, 98 %, [N/A], [N/A], 53
2026/02/05 11:35:43.678, NVIDIA Thor, 97 %, [N/A], [N/A], 53
2026/02/05 11:35:44.684, NVIDIA Thor, 71 %, [N/A], [N/A], 52
2026/02/05 11:35:45.687, NVIDIA Thor, 0 %, [N/A], [N/A], 51
2026/02/05 11:35:46.689, NVIDIA Thor, 98 %, [N/A], [N/A], 53
2026/02/05 11:35:47.691, NVIDIA Thor, 98 %, [N/A], [N/A], 53
2026/02/05 11:35:48.692, NVIDIA Thor, 97 %, [N/A], [N/A], 53
2026/02/05 11:35:49.695, NVIDIA Thor, 98 %, [N/A], [N/A], 53
2026/02/05 11:35:50.699, NVIDIA Thor, 58 %, [N/A], [N/A], 52
2026/02/05 11:35:51.703, NVIDIA Thor, 2 %, [N/A], [N/A], 51
2026/02/05 11:35:52.705, NVIDIA Thor, 5 %, [N/A], [N/A], 51
2026/02/05 11:35:53.706, NVIDIA Thor, 35 %, [N/A], [N/A], 52
2026/02/05 11:35:54.709, NVIDIA Thor, 98 %, [N/A], [N/A], 53
2026/02/05 11:35:55.712, NVIDIA Thor, 98 %, [N/A], [N/A], 53
2026/02/05 11:35:56.715, NVIDIA Thor, 97 %, [N/A], [N/A], 52
2026/02/05 11:35:57.721, NVIDIA Thor, 52 %, [N/A], [N/A], 52
2026/02/05 11:35:58.724, NVIDIA Thor, 2 %, [N/A], [N/A], 51
2026/02/05 11:35:59.726, NVIDIA Thor, 9 %, [N/A], [N/A], 51
2026/02/05 11:36:00.727, NVIDIA Thor, 3 %, [N/A], [N/A], 52
2026/02/05 11:36:01.730, NVIDIA Thor, 97 %, [N/A], [N/A], 53
2026/02/05 11:36:02.734, NVIDIA Thor, 1 %, [N/A], [N/A], 50
2026/02/05 11:36:03.735, NVIDIA Thor, 1 %, [N/A], [N/A], 50
2026/02/05 11:36:04.738, NVIDIA Thor, 0 %, [N/A], [N/A], 49
2026/02/05 11:36:05.744, NVIDIA Thor, 0 %, [N/A], [N/A], 49
2026/02/05 11:36:06.747, NVIDIA Thor, 0 %, [N/A], [N/A], 49
2026/02/05 11:36:07.753, NVIDIA Thor, 0 %, [N/A], [N/A], 49
2026/02/05 11:36:08.756, NVIDIA Thor, 0 %, [N/A], [N/A], 49
2026/02/05 11:36:09.759, NVIDIA Thor, 0 %, [N/A], [N/A], 49
2026/02/05 11:36:10.764, NVIDIA Thor, 2 %, [N/A], [N/A], 49
2026/02/05 11:36:11.765, NVIDIA Thor, 0 %, [N/A], [N/A], 49
2026/02/05 11:36:12.777, NVIDIA Thor, 94 %, [N/A], [N/A], 50
2026/02/05 11:36:13.780, NVIDIA Thor, 21 %, [N/A], [N/A], 50
2026/02/05 11:36:14.781, NVIDIA Thor, 93 %, [N/A], [N/A], 51
2026/02/05 11:36:15.786, NVIDIA Thor, 1 %, [N/A], [N/A], 50
2026/02/05 11:36:16.787, NVIDIA Thor, 97 %, [N/A], [N/A], 51
2026/02/05 11:36:17.790, NVIDIA Thor, 7 %, [N/A], [N/A], 50
2026/02/05 11:36:18.793, NVIDIA Thor, 97 %, [N/A], [N/A], 51
2026/02/05 11:36:19.797, NVIDIA Thor, 5 %, [N/A], [N/A], 50
2026/02/05 11:36:20.799, NVIDIA Thor, 8 %, [N/A], [N/A], 51
2026/02/05 11:36:21.801, NVIDIA Thor, 98 %, [N/A], [N/A], 52
2026/02/05 11:36:22.803, NVIDIA Thor, 59 %, [N/A], [N/A], 51
2026/02/05 11:36:23.809, NVIDIA Thor, 7 %, [N/A], [N/A], 51
2026/02/05 11:36:24.811, NVIDIA Thor, 97 %, [N/A], [N/A], 52
2026/02/05 11:36:25.813, NVIDIA Thor, 96 %, [N/A], [N/A], 51
2026/02/05 11:36:26.816, NVIDIA Thor, 5 %, [N/A], [N/A], 51
2026/02/05 11:36:27.817, NVIDIA Thor, 8 %, [N/A], [N/A], 51
2026/02/05 11:36:28.819, NVIDIA Thor, 98 %, [N/A], [N/A], 52
2026/02/05 11:36:29.821, NVIDIA Thor, 87 %, [N/A], [N/A], 51
2026/02/05 11:36:30.824, NVIDIA Thor, 4 %, [N/A], [N/A], 51
2026/02/05 11:36:31.825, NVIDIA Thor, 98 %, [N/A], [N/A], 52
2026/02/05 11:36:32.830, NVIDIA Thor, 4 %, [N/A], [N/A], 51
2026/02/05 11:36:33.831, NVIDIA Thor, 98 %, [N/A], [N/A], 52
2026/02/05 11:36:34.833, NVIDIA Thor, 96 %, [N/A], [N/A], 52
2026/02/05 11:36:35.837, NVIDIA Thor, 0 %, [N/A], [N/A], 51
2026/02/05 11:36:36.839, NVIDIA Thor, 98 %, [N/A], [N/A], 52
2026/02/05 11:36:37.844, NVIDIA Thor, 0 %, [N/A], [N/A], 51
2026/02/05 11:36:38.846, NVIDIA Thor, 4 %, [N/A], [N/A], 51
2026/02/05 11:36:39.847, NVIDIA Thor, 97 %, [N/A], [N/A], 52
2026/02/05 11:36:40.851, NVIDIA Thor, 15 %, [N/A], [N/A], 51
2026/02/05 11:36:41.868, NVIDIA Thor, 3 %, [N/A], [N/A], 50
2026/02/05 11:36:42.870, NVIDIA Thor, 98 %, [N/A], [N/A], 52
2026/02/05 11:36:43.872, NVIDIA Thor, 98 %, [N/A], [N/A], 52
2026/02/05 11:36:44.875, NVIDIA Thor, 0 %, [N/A], [N/A], 50
2026/02/05 11:36:45.877, NVIDIA Thor, 98 %, [N/A], [N/A], 52
2026/02/05 11:36:46.879, NVIDIA Thor, 0 %, [N/A], [N/A], 50
2026/02/05 11:36:47.881, NVIDIA Thor, 97 %, [N/A], [N/A], 52
2026/02/05 11:36:48.883, NVIDIA Thor, 2 %, [N/A], [N/A], 51
2026/02/05 11:36:49.885, NVIDIA Thor, 1 %, [N/A], [N/A], 50
2026/02/05 11:36:50.887, NVIDIA Thor, 97 %, [N/A], [N/A], 52
2026/02/05 11:36:51.889, NVIDIA Thor, 0 %, [N/A], [N/A], 50
2026/02/05 11:36:52.891, NVIDIA Thor, 2 %, [N/A], [N/A], 51
2026/02/05 11:36:53.894, NVIDIA Thor, 98 %, [N/A], [N/A], 52
2026/02/05 11:36:54.897, NVIDIA Thor, 97 %, [N/A], [N/A], 52
2026/02/05 11:36:55.902, NVIDIA Thor, 5 %, [N/A], [N/A], 51
2026/02/05 11:36:56.904, NVIDIA Thor, 98 %, [N/A], [N/A], 52
2026/02/05 11:36:57.907, NVIDIA Thor, 0 %, [N/A], [N/A], 51
2026/02/05 11:36:58.909, NVIDIA Thor, 98 %, [N/A], [N/A], 52
2026/02/05 11:36:59.912, NVIDIA Thor, 91 %, [N/A], [N/A], 51
2026/02/05 11:37:00.914, NVIDIA Thor, 1 %, [N/A], [N/A], 51
2026/02/05 11:37:01.917, NVIDIA Thor, 98 %, [N/A], [N/A], 52
2026/02/05 11:37:02.920, NVIDIA Thor, 0 %, [N/A], [N/A], 51
2026/02/05 11:37:03.922, NVIDIA Thor, 98 %, [N/A], [N/A], 52
2026/02/05 11:37:04.924, NVIDIA Thor, 79 %, [N/A], [N/A], 51
2026/02/05 11:37:05.927, NVIDIA Thor, 2 %, [N/A], [N/A], 51
2026/02/05 11:37:06.929, NVIDIA Thor, 97 %, [N/A], [N/A], 52
2026/02/05 11:37:07.933, NVIDIA Thor, 1 %, [N/A], [N/A], 51
2026/02/05 11:37:08.934, NVIDIA Thor, 98 %, [N/A], [N/A], 52
2026/02/05 11:37:09.939, NVIDIA Thor, 1 %, [N/A], [N/A], 51
2026/02/05 11:37:10.941, NVIDIA Thor, 92 %, [N/A], [N/A], 52
2026/02/05 11:37:11.943, NVIDIA Thor, 3 %, [N/A], [N/A], 50
2026/02/05 11:37:12.945, NVIDIA Thor, 98 %, [N/A], [N/A], 52
2026/02/05 11:37:13.947, NVIDIA Thor, 89 %, [N/A], [N/A], 51
2026/02/05 11:37:14.950, NVIDIA Thor, 2 %, [N/A], [N/A], 51
2026/02/05 11:37:15.952, NVIDIA Thor, 97 %, [N/A], [N/A], 52
2026/02/05 11:37:16.954, NVIDIA Thor, 1 %, [N/A], [N/A], 51
2026/02/05 11:37:17.956, NVIDIA Thor, 97 %, [N/A], [N/A], 52
2026/02/05 11:37:18.959, NVIDIA Thor, 85 %, [N/A], [N/A], 51
2026/02/05 11:37:19.961, NVIDIA Thor, 4 %, [N/A], [N/A], 51
2026/02/05 11:37:20.963, NVIDIA Thor, 96 %, [N/A], [N/A], 52
2026/02/05 11:37:21.967, NVIDIA Thor, 8 %, [N/A], [N/A], 51
2026/02/05 11:37:22.969, NVIDIA Thor, 98 %, [N/A], [N/A], 52
2026/02/05 11:37:23.975, NVIDIA Thor, 0 %, [N/A], [N/A], 51
2026/02/05 11:37:24.977, NVIDIA Thor, 96 %, [N/A], [N/A], 52
2026/02/05 11:37:25.983, NVIDIA Thor, 75 %, [N/A], [N/A], 52
2026/02/05 11:37:26.985, NVIDIA Thor, 1 %, [N/A], [N/A], 51
2026/02/05 11:37:27.987, NVIDIA Thor, 98 %, [N/A], [N/A], 52
2026/02/05 11:37:28.991, NVIDIA Thor, 2 %, [N/A], [N/A], 51
2026/02/05 11:37:29.992, NVIDIA Thor, 98 %, [N/A], [N/A], 52
2026/02/05 11:37:30.995, NVIDIA Thor, 98 %, [N/A], [N/A], 52
2026/02/05 11:37:32.001, NVIDIA Thor, 4 %, [N/A], [N/A], 51
2026/02/05 11:37:33.002, NVIDIA Thor, 98 %, [N/A], [N/A], 52
2026/02/05 11:37:34.004, NVIDIA Thor, 0 %, [N/A], [N/A], 51
2026/02/05 11:37:35.006, NVIDIA Thor, 97 %, [N/A], [N/A], 52
2026/02/05 11:37:36.010, NVIDIA Thor, 1 %, [N/A], [N/A], 51
2026/02/05 11:37:37.012, NVIDIA Thor, 97 %, [N/A], [N/A], 52
2026/02/05 11:37:38.014, NVIDIA Thor, 1 %, [N/A], [N/A], 51
2026/02/05 11:37:39.015, NVIDIA Thor, 97 %, [N/A], [N/A], 52
2026/02/05 11:37:40.019, NVIDIA Thor, 5 %, [N/A], [N/A], 51
2026/02/05 11:37:41.020, NVIDIA Thor, 0 %, [N/A], [N/A], 51
2026/02/05 11:37:42.022, NVIDIA Thor, 13 %, [N/A], [N/A], 51
2026/02/05 11:37:43.049, NVIDIA Thor, 12 %, [N/A], [N/A], 50
2026/02/05 11:37:44.057, NVIDIA Thor, 6 %, [N/A], [N/A], 50
2026/02/05 11:37:45.058, NVIDIA Thor, 98 %, [N/A], [N/A], 52
2026/02/05 11:37:46.065, NVIDIA Thor, 2 %, [N/A], [N/A], 51
2026/02/05 11:37:47.067, NVIDIA Thor, 98 %, [N/A], [N/A], 52
2026/02/05 11:37:48.070, NVIDIA Thor, 1 %, [N/A], [N/A], 50
2026/02/05 11:37:49.072, NVIDIA Thor, 97 %, [N/A], [N/A], 52
2026/02/05 11:37:50.074, NVIDIA Thor, 97 %, [N/A], [N/A], 52
2026/02/05 11:37:51.078, NVIDIA Thor, 1 %, [N/A], [N/A], 50
2026/02/05 11:37:52.079, NVIDIA Thor, 1 %, [N/A], [N/A], 51
2026/02/05 11:37:53.081, NVIDIA Thor, 97 %, [N/A], [N/A], 52
2026/02/05 11:37:54.084, NVIDIA Thor, 2 %, [N/A], [N/A], 51
2026/02/05 11:37:55.086, NVIDIA Thor, 16 %, [N/A], [N/A], 52
2026/02/05 11:37:56.087, NVIDIA Thor, 98 %, [N/A], [N/A], 52
2026/02/05 11:37:57.091, NVIDIA Thor, 0 %, [N/A], [N/A], 51
2026/02/05 11:37:58.092, NVIDIA Thor, 23 %, [N/A], [N/A], 52
2026/02/05 11:37:59.094, NVIDIA Thor, 98 %, [N/A], [N/A], 52
2026/02/05 11:38:00.098, NVIDIA Thor, 0 %, [N/A], [N/A], 51
2026/02/05 11:38:01.100, NVIDIA Thor, 7 %, [N/A], [N/A], 51
2026/02/05 11:38:02.101, NVIDIA Thor, 98 %, [N/A], [N/A], 52
2026/02/05 11:38:03.104, NVIDIA Thor, 97 %, [N/A], [N/A], 52
2026/02/05 11:38:04.109, NVIDIA Thor, 0 %, [N/A], [N/A], 51
2026/02/05 11:38:05.111, NVIDIA Thor, 32 %, [N/A], [N/A], 52
2026/02/05 11:38:06.112, NVIDIA Thor, 97 %, [N/A], [N/A], 52
2026/02/05 11:38:07.116, NVIDIA Thor, 3 %, [N/A], [N/A], 51
2026/02/05 11:38:08.117, NVIDIA Thor, 14 %, [N/A], [N/A], 52
2026/02/05 11:38:09.119, NVIDIA Thor, 98 %, [N/A], [N/A], 52
2026/02/05 11:38:10.123, NVIDIA Thor, 1 %, [N/A], [N/A], 51
2026/02/05 11:38:11.125, NVIDIA Thor, 97 %, [N/A], [N/A], 52
2026/02/05 11:38:12.129, NVIDIA Thor, 7 %, [N/A], [N/A], 51
2026/02/05 11:38:13.130, NVIDIA Thor, 3 %, [N/A], [N/A], 50
2026/02/05 11:38:14.132, NVIDIA Thor, 4 %, [N/A], [N/A], 51
2026/02/05 11:38:15.133, NVIDIA Thor, 15 %, [N/A], [N/A], 52
2026/02/05 11:38:16.134, NVIDIA Thor, 98 %, [N/A], [N/A], 52
2026/02/05 11:38:17.138, NVIDIA Thor, 97 %, [N/A], [N/A], 52
2026/02/05 11:38:18.141, NVIDIA Thor, 8 %, [N/A], [N/A], 51
2026/02/05 11:38:19.142, NVIDIA Thor, 98 %, [N/A], [N/A], 52
2026/02/05 11:38:20.146, NVIDIA Thor, 96 %, [N/A], [N/A], 52
2026/02/05 11:38:21.151, NVIDIA Thor, 6 %, [N/A], [N/A], 51
2026/02/05 11:38:22.153, NVIDIA Thor, 98 %, [N/A], [N/A], 52
2026/02/05 11:38:23.156, NVIDIA Thor, 6 %, [N/A], [N/A], 51
2026/02/05 11:38:24.157, NVIDIA Thor, 97 %, [N/A], [N/A], 52
2026/02/05 11:38:25.162, NVIDIA Thor, 7 %, [N/A], [N/A], 51
2026/02/05 11:38:26.163, NVIDIA Thor, 93 %, [N/A], [N/A], 52
2026/02/05 11:38:27.168, NVIDIA Thor, 97 %, [N/A], [N/A], 52
2026/02/05 11:38:28.172, NVIDIA Thor, 3 %, [N/A], [N/A], 51
2026/02/05 11:38:29.173, NVIDIA Thor, 98 %, [N/A], [N/A], 52
2026/02/05 11:38:30.176, NVIDIA Thor, 7 %, [N/A], [N/A], 51
2026/02/05 11:38:31.177, NVIDIA Thor, 98 %, [N/A], [N/A], 52
2026/02/05 11:38:32.181, NVIDIA Thor, 7 %, [N/A], [N/A], 51
2026/02/05 11:38:33.182, NVIDIA Thor, 2 %, [N/A], [N/A], 51
2026/02/05 11:38:34.185, NVIDIA Thor, 98 %, [N/A], [N/A], 52
2026/02/05 11:38:35.187, NVIDIA Thor, 5 %, [N/A], [N/A], 51
2026/02/05 11:38:36.188, NVIDIA Thor, 97 %, [N/A], [N/A], 52
2026/02/05 11:38:37.193, NVIDIA Thor, 9 %, [N/A], [N/A], 51
2026/02/05 11:38:38.194, NVIDIA Thor, 0 %, [N/A], [N/A], 51
2026/02/05 11:38:39.196, NVIDIA Thor, 98 %, [N/A], [N/A], 52
2026/02/05 11:38:40.203, NVIDIA Thor, 40 %, [N/A], [N/A], 52
2026/02/05 11:38:41.205, NVIDIA Thor, 5 %, [N/A], [N/A], 51
2026/02/05 11:38:42.207, NVIDIA Thor, 97 %, [N/A], [N/A], 52
2026/02/05 11:38:43.212, NVIDIA Thor, 31 %, [N/A], [N/A], 52
2026/02/05 11:38:44.214, NVIDIA Thor, 2 %, [N/A], [N/A], 50
2026/02/05 11:38:45.215, NVIDIA Thor, 98 %, [N/A], [N/A], 52
2026/02/05 11:38:46.218, NVIDIA Thor, 98 %, [N/A], [N/A], 52
2026/02/05 11:38:47.224, NVIDIA Thor, 76 %, [N/A], [N/A], 51
2026/02/05 11:38:48.226, NVIDIA Thor, 2 %, [N/A], [N/A], 51
2026/02/05 11:38:49.231, NVIDIA Thor, 98 %, [N/A], [N/A], 52
2026/02/05 11:38:50.233, NVIDIA Thor, 0 %, [N/A], [N/A], 51
2026/02/05 11:38:51.235, NVIDIA Thor, 97 %, [N/A], [N/A], 52
2026/02/05 11:38:52.239, NVIDIA Thor, 79 %, [N/A], [N/A], 51
2026/02/05 11:38:53.242, NVIDIA Thor, 46 %, [N/A], [N/A], 52
2026/02/05 11:38:54.243, NVIDIA Thor, 0 %, [N/A], [N/A], 51
2026/02/05 11:38:55.245, NVIDIA Thor, 96 %, [N/A], [N/A], 52
2026/02/05 11:38:56.251, NVIDIA Thor, 98 %, [N/A], [N/A], 52
2026/02/05 11:38:57.255, NVIDIA Thor, 10 %, [N/A], [N/A], 51
2026/02/05 11:38:58.256, NVIDIA Thor, 4 %, [N/A], [N/A], 51
2026/02/05 11:38:59.259, NVIDIA Thor, 98 %, [N/A], [N/A], 52
2026/02/05 11:39:00.263, NVIDIA Thor, 98 %, [N/A], [N/A], 52
2026/02/05 11:39:01.265, NVIDIA Thor, 3 %, [N/A], [N/A], 51
2026/02/05 11:39:02.267, NVIDIA Thor, 97 %, [N/A], [N/A], 52
2026/02/05 11:39:03.271, NVIDIA Thor, 97 %, [N/A], [N/A], 52
2026/02/05 11:39:04.273, NVIDIA Thor, 2 %, [N/A], [N/A], 51
2026/02/05 11:39:05.275, NVIDIA Thor, 2 %, [N/A], [N/A], 50
2026/02/05 11:39:06.279, NVIDIA Thor, 97 %, [N/A], [N/A], 52
2026/02/05 11:39:07.285, NVIDIA Thor, 18 %, [N/A], [N/A], 51
2026/02/05 11:39:08.286, NVIDIA Thor, 1 %, [N/A], [N/A], 50
2026/02/05 11:39:09.289, NVIDIA Thor, 97 %, [N/A], [N/A], 52
2026/02/05 11:39:10.292, NVIDIA Thor, 2 %, [N/A], [N/A], 51
2026/02/05 11:39:11.293, NVIDIA Thor, 0 %, [N/A], [N/A], 50
2026/02/05 11:39:12.296, NVIDIA Thor, 98 %, [N/A], [N/A], 52
2026/02/05 11:39:13.298, NVIDIA Thor, 1 %, [N/A], [N/A], 51
2026/02/05 11:39:14.299, NVIDIA Thor, 58 %, [N/A], [N/A], 51
2026/02/05 11:39:15.304, NVIDIA Thor, 98 %, [N/A], [N/A], 52
2026/02/05 11:39:16.307, NVIDIA Thor, 0 %, [N/A], [N/A], 50
2026/02/05 11:39:17.309, NVIDIA Thor, 16 %, [N/A], [N/A], 50
2026/02/05 11:39:18.310, NVIDIA Thor, 9 %, [N/A], [N/A], 51
2026/02/05 11:39:19.311, NVIDIA Thor, 15 %, [N/A], [N/A], 51
2026/02/05 11:39:20.312, NVIDIA Thor, 5 %, [N/A], [N/A], 51
2026/02/05 11:39:21.314, NVIDIA Thor, 10 %, [N/A], [N/A], 51
2026/02/05 11:39:22.315, NVIDIA Thor, 7 %, [N/A], [N/A], 51
2026/02/05 11:39:23.316, NVIDIA Thor, 8 %, [N/A], [N/A], 51
2026/02/05 11:39:24.317, NVIDIA Thor, 4 %, [N/A], [N/A], 51
2026/02/05 11:39:25.319, NVIDIA Thor, 6 %, [N/A], [N/A], 51
2026/02/05 11:39:26.321, NVIDIA Thor, 8 %, [N/A], [N/A], 51
2026/02/05 11:39:27.322, NVIDIA Thor, 4 %, [N/A], [N/A], 51
2026/02/05 11:39:28.323, NVIDIA Thor, 21 %, [N/A], [N/A], 52
2026/02/05 11:39:29.325, NVIDIA Thor, 98 %, [N/A], [N/A], 52
2026/02/05 11:39:30.327, NVIDIA Thor, 98 %, [N/A], [N/A], 52
2026/02/05 11:39:31.329, NVIDIA Thor, 97 %, [N/A], [N/A], 53
2026/02/05 11:39:32.331, NVIDIA Thor, 98 %, [N/A], [N/A], 53
2026/02/05 11:39:33.334, NVIDIA Thor, 97 %, [N/A], [N/A], 53
2026/02/05 11:39:34.337, NVIDIA Thor, 97 %, [N/A], [N/A], 53
2026/02/05 11:39:35.339, NVIDIA Thor, 98 %, [N/A], [N/A], 53
2026/02/05 11:39:36.343, NVIDIA Thor, 97 %, [N/A], [N/A], 53
2026/02/05 11:39:37.345, NVIDIA Thor, 97 %, [N/A], [N/A], 53
2026/02/05 11:39:38.347, NVIDIA Thor, 98 %, [N/A], [N/A], 53
2026/02/05 11:39:39.350, NVIDIA Thor, 97 %, [N/A], [N/A], 53
2026/02/05 11:39:40.354, NVIDIA Thor, 97 %, [N/A], [N/A], 53
2026/02/05 11:39:41.356, NVIDIA Thor, 97 %, [N/A], [N/A], 53
2026/02/05 11:39:42.358, NVIDIA Thor, 97 %, [N/A], [N/A], 53
2026/02/05 11:39:43.361, NVIDIA Thor, 98 %, [N/A], [N/A], 53
2026/02/05 11:39:44.363, NVIDIA Thor, 97 %, [N/A], [N/A], 52
2026/02/05 11:39:45.366, NVIDIA Thor, 18 %, [N/A], [N/A], 52
2026/02/05 11:39:46.368, NVIDIA Thor, 6 %, [N/A], [N/A], 51
2026/02/05 11:39:47.370, NVIDIA Thor, 0 %, [N/A], [N/A], 51
2026/02/05 11:39:48.371, NVIDIA Thor, 0 %, [N/A], [N/A], 51
2026/02/05 11:39:49.372, NVIDIA Thor, 0 %, [N/A], [N/A], 51
2026/02/05 11:39:50.374, NVIDIA Thor, 41 %, [N/A], [N/A], 52
2026/02/05 11:39:51.380, NVIDIA Thor, 73 %, [N/A], [N/A], 52
2026/02/05 11:39:52.383, NVIDIA Thor, 79 %, [N/A], [N/A], 52
2026/02/05 11:39:53.385, NVIDIA Thor, 58 %, [N/A], [N/A], 52
2026/02/05 11:39:54.387, NVIDIA Thor, 0 %, [N/A], [N/A], 51
2026/02/05 11:39:55.388, NVIDIA Thor, 0 %, [N/A], [N/A], 51
2026/02/05 11:39:56.390, NVIDIA Thor, 1 %, [N/A], [N/A], 51
2026/02/05 11:39:57.391, NVIDIA Thor, 0 %, [N/A], [N/A], 51
2026/02/05 11:39:58.393, NVIDIA Thor, 0 %, [N/A], [N/A], 51
2026/02/05 11:39:59.394, NVIDIA Thor, 1 %, [N/A], [N/A], 51
2026/02/05 11:40:00.396, NVIDIA Thor, 6 %, [N/A], [N/A], 51
2026/02/05 11:40:01.398, NVIDIA Thor, 12 %, [N/A], [N/A], 52
2026/02/05 11:40:02.399, NVIDIA Thor, 5 %, [N/A], [N/A], 52
2026/02/05 11:40:03.401, NVIDIA Thor, 2 %, [N/A], [N/A], 51
2026/02/05 11:40:04.402, NVIDIA Thor, 28 %, [N/A], [N/A], 52
2026/02/05 11:40:05.407, NVIDIA Thor, 97 %, [N/A], [N/A], 53
2026/02/05 11:40:06.410, NVIDIA Thor, 98 %, [N/A], [N/A], 53
2026/02/05 11:40:07.415, NVIDIA Thor, 98 %, [N/A], [N/A], 53
2026/02/05 11:40:08.418, NVIDIA Thor, 98 %, [N/A], [N/A], 53
2026/02/05 11:40:09.420, NVIDIA Thor, 98 %, [N/A], [N/A], 53
2026/02/05 11:40:10.422, NVIDIA Thor, 30 %, [N/A], [N/A], 51
2026/02/05 11:40:11.424, NVIDIA Thor, 10 %, [N/A], [N/A], 52
2026/02/05 11:40:12.425, NVIDIA Thor, 1 %, [N/A], [N/A], 51
2026/02/05 11:40:13.427, NVIDIA Thor, 0 %, [N/A], [N/A], 51
2026/02/05 11:40:14.429, NVIDIA Thor, 0 %, [N/A], [N/A], 51
2026/02/05 11:40:15.430, NVIDIA Thor, 1 %, [N/A], [N/A], 51
2026/02/05 11:40:16.431, NVIDIA Thor, 6 %, [N/A], [N/A], 51
2026/02/05 11:40:17.433, NVIDIA Thor, 9 %, [N/A], [N/A], 52
2026/02/05 11:40:18.435, NVIDIA Thor, 4 %, [N/A], [N/A], 52
2026/02/05 11:40:19.436, NVIDIA Thor, 11 %, [N/A], [N/A], 52
2026/02/05 11:40:20.438, NVIDIA Thor, 8 %, [N/A], [N/A], 52
2026/02/05 11:40:21.439, NVIDIA Thor, 13 %, [N/A], [N/A], 52
2026/02/05 11:40:22.441, NVIDIA Thor, 6 %, [N/A], [N/A], 52
2026/02/05 11:40:23.442, NVIDIA Thor, 15 %, [N/A], [N/A], 52
2026/02/05 11:40:24.444, NVIDIA Thor, 24 %, [N/A], [N/A], 52
2026/02/05 11:40:25.446, NVIDIA Thor, 22 %, [N/A], [N/A], 52
2026/02/05 11:40:26.447, NVIDIA Thor, 12 %, [N/A], [N/A], 52
2026/02/05 11:40:27.449, NVIDIA Thor, 7 %, [N/A], [N/A], 52
2026/02/05 11:40:28.451, NVIDIA Thor, 13 %, [N/A], [N/A], 52
2026/02/05 11:40:29.452, NVIDIA Thor, 13 %, [N/A], [N/A], 52
2026/02/05 11:40:30.454, NVIDIA Thor, 13 %, [N/A], [N/A], 52
2026/02/05 11:40:31.455, NVIDIA Thor, 6 %, [N/A], [N/A], 52
2026/02/05 11:40:32.457, NVIDIA Thor, 19 %, [N/A], [N/A], 52
2026/02/05 11:40:33.459, NVIDIA Thor, 47 %, [N/A], [N/A], 53
2026/02/05 11:40:34.461, NVIDIA Thor, 6 %, [N/A], [N/A], 52
2026/02/05 11:40:35.462, NVIDIA Thor, 23 %, [N/A], [N/A], 52
2026/02/05 11:40:36.464, NVIDIA Thor, 7 %, [N/A], [N/A], 52
2026/02/05 11:40:37.465, NVIDIA Thor, 2 %, [N/A], [N/A], 50
2026/02/05 11:40:38.467, NVIDIA Thor, 2 %, [N/A], [N/A], 51
2026/02/05 11:40:39.469, NVIDIA Thor, 79 %, [N/A], [N/A], 52
2026/02/05 11:40:40.471, NVIDIA Thor, 1 %, [N/A], [N/A], 51
2026/02/05 11:40:41.473, NVIDIA Thor, 91 %, [N/A], [N/A], 52
2026/02/05 11:40:42.476, NVIDIA Thor, 98 %, [N/A], [N/A], 53
2026/02/05 11:40:43.479, NVIDIA Thor, 98 %, [N/A], [N/A], 53
2026/02/05 11:40:44.481, NVIDIA Thor, 98 %, [N/A], [N/A], 53
2026/02/05 11:40:45.483, NVIDIA Thor, 7 %, [N/A], [N/A], 52
2026/02/05 11:40:46.485, NVIDIA Thor, 1 %, [N/A], [N/A], 52
2026/02/05 11:40:47.487, NVIDIA Thor, 91 %, [N/A], [N/A], 52
2026/02/05 11:40:48.491, NVIDIA Thor, 98 %, [N/A], [N/A], 53
2026/02/05 11:40:49.494, NVIDIA Thor, 98 %, [N/A], [N/A], 53
2026/02/05 11:40:50.498, NVIDIA Thor, 98 %, [N/A], [N/A], 53
2026/02/05 11:40:51.500, NVIDIA Thor, 97 %, [N/A], [N/A], 53
2026/02/05 11:40:52.502, NVIDIA Thor, 89 %, [N/A], [N/A], 53
2026/02/05 11:40:53.504, NVIDIA Thor, 9 %, [N/A], [N/A], 52
2026/02/05 11:40:54.506, NVIDIA Thor, 8 %, [N/A], [N/A], 52
2026/02/05 11:40:55.508, NVIDIA Thor, 1 %, [N/A], [N/A], 52
2026/02/05 11:40:56.510, NVIDIA Thor, 0 %, [N/A], [N/A], 51
2026/02/05 11:40:57.512, NVIDIA Thor, 90 %, [N/A], [N/A], 52
2026/02/05 11:40:58.515, NVIDIA Thor, 97 %, [N/A], [N/A], 53
2026/02/05 11:40:59.521, NVIDIA Thor, 98 %, [N/A], [N/A], 53
2026/02/05 11:41:00.526, NVIDIA Thor, 97 %, [N/A], [N/A], 53
2026/02/05 11:41:01.530, NVIDIA Thor, 98 %, [N/A], [N/A], 53
2026/02/05 11:41:02.533, NVIDIA Thor, 56 %, [N/A], [N/A], 53
2026/02/05 11:41:03.535, NVIDIA Thor, 5 %, [N/A], [N/A], 52
2026/02/05 11:41:04.537, NVIDIA Thor, 24 %, [N/A], [N/A], 51
2026/02/05 11:41:05.538, NVIDIA Thor, 7 %, [N/A], [N/A], 52
2026/02/05 11:41:06.540, NVIDIA Thor, 94 %, [N/A], [N/A], 53
2026/02/05 11:41:07.544, NVIDIA Thor, 97 %, [N/A], [N/A], 53
2026/02/05 11:41:08.547, NVIDIA Thor, 97 %, [N/A], [N/A], 53
2026/02/05 11:41:09.549, NVIDIA Thor, 3 %, [N/A], [N/A], 52
2026/02/05 11:41:10.550, NVIDIA Thor, 3 %, [N/A], [N/A], 52
2026/02/05 11:41:11.552, NVIDIA Thor, 4 %, [N/A], [N/A], 52
2026/02/05 11:41:12.553, NVIDIA Thor, 2 %, [N/A], [N/A], 52
2026/02/05 11:41:13.554, NVIDIA Thor, 4 %, [N/A], [N/A], 52
2026/02/05 11:41:14.557, NVIDIA Thor, 8 %, [N/A], [N/A], 52
2026/02/05 11:41:15.558, NVIDIA Thor, 8 %, [N/A], [N/A], 52
2026/02/05 11:41:16.561, NVIDIA Thor, 2 %, [N/A], [N/A], 52
2026/02/05 11:41:17.563, NVIDIA Thor, 4 %, [N/A], [N/A], 52
2026/02/05 11:41:18.564, NVIDIA Thor, 7 %, [N/A], [N/A], 52
2026/02/05 11:41:19.566, NVIDIA Thor, 11 %, [N/A], [N/A], 52
2026/02/05 11:41:20.568, NVIDIA Thor, 50 %, [N/A], [N/A], 53
2026/02/05 11:41:21.569, NVIDIA Thor, 13 %, [N/A], [N/A], 52
2026/02/05 11:41:22.571, NVIDIA Thor, 6 %, [N/A], [N/A], 52
2026/02/05 11:41:23.574, NVIDIA Thor, 98 %, [N/A], [N/A], 53
2026/02/05 11:41:24.576, NVIDIA Thor, 98 %, [N/A], [N/A], 53
2026/02/05 11:41:25.578, NVIDIA Thor, 98 %, [N/A], [N/A], 53
2026/02/05 11:41:26.582, NVIDIA Thor, 98 %, [N/A], [N/A], 53
2026/02/05 11:41:27.584, NVIDIA Thor, 97 %, [N/A], [N/A], 53
2026/02/05 11:41:28.588, NVIDIA Thor, 98 %, [N/A], [N/A], 53
2026/02/05 11:41:29.594, NVIDIA Thor, 96 %, [N/A], [N/A], 53
2026/02/05 11:41:30.597, NVIDIA Thor, 1 %, [N/A], [N/A], 51
2026/02/05 11:41:31.598, NVIDIA Thor, 4 %, [N/A], [N/A], 51
2026/02/05 11:41:32.601, NVIDIA Thor, 0 %, [N/A], [N/A], 52
2026/02/05 11:41:33.603, NVIDIA Thor, 96 %, [N/A], [N/A], 53
2026/02/05 11:41:34.609, NVIDIA Thor, 96 %, [N/A], [N/A], 53
2026/02/05 11:41:35.613, NVIDIA Thor, 97 %, [N/A], [N/A], 53
2026/02/05 11:41:36.619, NVIDIA Thor, 98 %, [N/A], [N/A], 53
2026/02/05 11:41:37.623, NVIDIA Thor, 21 %, [N/A], [N/A], 52
2026/02/05 11:41:38.626, NVIDIA Thor, 9 %, [N/A], [N/A], 52
2026/02/05 11:41:39.627, NVIDIA Thor, 8 %, [N/A], [N/A], 52
2026/02/05 11:41:40.629, NVIDIA Thor, 4 %, [N/A], [N/A], 52
2026/02/05 11:41:41.631, NVIDIA Thor, 2 %, [N/A], [N/A], 52
2026/02/05 11:41:42.633, NVIDIA Thor, 2 %, [N/A], [N/A], 52
2026/02/05 11:41:43.635, NVIDIA Thor, 2 %, [N/A], [N/A], 52
2026/02/05 11:41:44.636, NVIDIA Thor, 1 %, [N/A], [N/A], 52
2026/02/05 11:41:45.638, NVIDIA Thor, 0 %, [N/A], [N/A], 52
2026/02/05 11:41:46.640, NVIDIA Thor, 0 %, [N/A], [N/A], 52
2026/02/05 11:41:47.642, NVIDIA Thor, 58 %, [N/A], [N/A], 52
2026/02/05 11:41:48.645, NVIDIA Thor, 91 %, [N/A], [N/A], 52
2026/02/05 11:41:49.650, NVIDIA Thor, 97 %, [N/A], [N/A], 53
2026/02/05 11:41:50.653, NVIDIA Thor, 98 %, [N/A], [N/A], 53
2026/02/05 11:41:51.658, NVIDIA Thor, 97 %, [N/A], [N/A], 53
2026/02/05 11:41:52.662, NVIDIA Thor, 98 %, [N/A], [N/A], 53
2026/02/05 11:41:53.668, NVIDIA Thor, 98 %, [N/A], [N/A], 53
2026/02/05 11:41:54.671, NVIDIA Thor, 8 %, [N/A], [N/A], 52
2026/02/05 11:41:55.673, NVIDIA Thor, 4 %, [N/A], [N/A], 52
2026/02/05 11:41:56.674, NVIDIA Thor, 0 %, [N/A], [N/A], 52
2026/02/05 11:41:57.676, NVIDIA Thor, 3 %, [N/A], [N/A], 51
2026/02/05 11:41:58.679, NVIDIA Thor, 1 %, [N/A], [N/A], 50
2026/02/05 11:41:59.681, NVIDIA Thor, 3 %, [N/A], [N/A], 50
2026/02/05 11:42:00.683, NVIDIA Thor, 98 %, [N/A], [N/A], 52
2026/02/05 11:42:01.686, NVIDIA Thor, 97 %, [N/A], [N/A], 52
2026/02/05 11:42:02.691, NVIDIA Thor, 0 %, [N/A], [N/A], 51
2026/02/05 11:42:03.694, NVIDIA Thor, 11 %, [N/A], [N/A], 52
2026/02/05 11:42:04.695, NVIDIA Thor, 38 %, [N/A], [N/A], 52
2026/02/05 11:42:05.697, NVIDIA Thor, 98 %, [N/A], [N/A], 53
2026/02/05 11:42:06.699, NVIDIA Thor, 98 %, [N/A], [N/A], 53
2026/02/05 11:42:07.702, NVIDIA Thor, 2 %, [N/A], [N/A], 51
2026/02/05 11:42:08.704, NVIDIA Thor, 2 %, [N/A], [N/A], 51
2026/02/05 11:42:09.706, NVIDIA Thor, 98 %, [N/A], [N/A], 53
2026/02/05 11:42:10.709, NVIDIA Thor, 2 %, [N/A], [N/A], 51
2026/02/05 11:42:11.711, NVIDIA Thor, 2 %, [N/A], [N/A], 51
2026/02/05 11:42:12.713, NVIDIA Thor, 98 %, [N/A], [N/A], 53
2026/02/05 11:42:13.715, NVIDIA Thor, 63 %, [N/A], [N/A], 52
2026/02/05 11:42:14.721, NVIDIA Thor, 1 %, [N/A], [N/A], 52
2026/02/05 11:42:15.732, NVIDIA Thor, 97 %, [N/A], [N/A], 53
2026/02/05 11:42:16.734, NVIDIA Thor, 97 %, [N/A], [N/A], 53
2026/02/05 11:42:17.740, NVIDIA Thor, 0 %, [N/A], [N/A], 51
2026/02/05 11:42:18.742, NVIDIA Thor, 3 %, [N/A], [N/A], 52
2026/02/05 11:42:19.743, NVIDIA Thor, 97 %, [N/A], [N/A], 53
2026/02/05 11:42:20.745, NVIDIA Thor, 97 %, [N/A], [N/A], 53
2026/02/05 11:42:21.749, NVIDIA Thor, 92 %, [N/A], [N/A], 52
2026/02/05 11:42:22.754, NVIDIA Thor, 1 %, [N/A], [N/A], 51
2026/02/05 11:42:23.757, NVIDIA Thor, 4 %, [N/A], [N/A], 52
2026/02/05 11:42:24.759, NVIDIA Thor, 97 %, [N/A], [N/A], 53
2026/02/05 11:42:25.762, NVIDIA Thor, 97 %, [N/A], [N/A], 53
2026/02/05 11:42:26.766, NVIDIA Thor, 97 %, [N/A], [N/A], 53
2026/02/05 11:42:27.772, NVIDIA Thor, 26 %, [N/A], [N/A], 52
2026/02/05 11:42:28.780, NVIDIA Thor, 0 %, [N/A], [N/A], 51
2026/02/05 11:42:29.782, NVIDIA Thor, 97 %, [N/A], [N/A], 52
2026/02/05 11:42:30.786, NVIDIA Thor, 0 %, [N/A], [N/A], 51
2026/02/05 11:42:31.788, NVIDIA Thor, 4 %, [N/A], [N/A], 52
2026/02/05 11:42:32.789, NVIDIA Thor, 97 %, [N/A], [N/A], 53
2026/02/05 11:42:33.791, NVIDIA Thor, 97 %, [N/A], [N/A], 53
2026/02/05 11:42:34.796, NVIDIA Thor, 78 %, [N/A], [N/A], 52
2026/02/05 11:42:35.798, NVIDIA Thor, 1 %, [N/A], [N/A], 51
2026/02/05 11:42:36.800, NVIDIA Thor, 7 %, [N/A], [N/A], 52
2026/02/05 11:42:37.801, NVIDIA Thor, 16 %, [N/A], [N/A], 52
2026/02/05 11:42:38.802, NVIDIA Thor, 98 %, [N/A], [N/A], 53
2026/02/05 11:42:39.805, NVIDIA Thor, 87 %, [N/A], [N/A], 52
2026/02/05 11:42:40.807, NVIDIA Thor, 0 %, [N/A], [N/A], 51
2026/02/05 11:42:41.809, NVIDIA Thor, 9 %, [N/A], [N/A], 52
2026/02/05 11:42:42.811, NVIDIA Thor, 98 %, [N/A], [N/A], 53
2026/02/05 11:42:43.817, NVIDIA Thor, 91 %, [N/A], [N/A], 52
2026/02/05 11:42:44.822, NVIDIA Thor, 2 %, [N/A], [N/A], 51
2026/02/05 11:42:45.824, NVIDIA Thor, 97 %, [N/A], [N/A], 53
2026/02/05 11:42:46.826, NVIDIA Thor, 97 %, [N/A], [N/A], 53
2026/02/05 11:42:47.829, NVIDIA Thor, 3 %, [N/A], [N/A], 51
2026/02/05 11:42:48.831, NVIDIA Thor, 98 %, [N/A], [N/A], 53
2026/02/05 11:42:49.836, NVIDIA Thor, 3 %, [N/A], [N/A], 51
2026/02/05 11:42:50.838, NVIDIA Thor, 97 %, [N/A], [N/A], 53
2026/02/05 11:42:51.841, NVIDIA Thor, 3 %, [N/A], [N/A], 51
2026/02/05 11:42:52.842, NVIDIA Thor, 1 %, [N/A], [N/A], 52
2026/02/05 11:42:53.844, NVIDIA Thor, 98 %, [N/A], [N/A], 53
2026/02/05 11:42:54.846, NVIDIA Thor, 98 %, [N/A], [N/A], 53
2026/02/05 11:42:55.850, NVIDIA Thor, 98 %, [N/A], [N/A], 53
2026/02/05 11:42:56.856, NVIDIA Thor, 74 %, [N/A], [N/A], 52
2026/02/05 11:42:57.858, NVIDIA Thor, 3 %, [N/A], [N/A], 51
2026/02/05 11:42:58.859, NVIDIA Thor, 98 %, [N/A], [N/A], 53
2026/02/05 11:42:59.862, NVIDIA Thor, 98 %, [N/A], [N/A], 53
2026/02/05 11:43:00.865, NVIDIA Thor, 90 %, [N/A], [N/A], 52
2026/02/05 11:43:01.867, NVIDIA Thor, 2 %, [N/A], [N/A], 51
2026/02/05 11:43:02.869, NVIDIA Thor, 2 %, [N/A], [N/A], 52
2026/02/05 11:43:03.871, NVIDIA Thor, 97 %, [N/A], [N/A], 53
2026/02/05 11:43:04.873, NVIDIA Thor, 2 %, [N/A], [N/A], 51
2026/02/05 11:43:05.874, NVIDIA Thor, 5 %, [N/A], [N/A], 52
2026/02/05 11:43:06.876, NVIDIA Thor, 93 %, [N/A], [N/A], 52
2026/02/05 11:43:07.878, NVIDIA Thor, 8 %, [N/A], [N/A], 52
2026/02/05 11:43:08.880, NVIDIA Thor, 97 %, [N/A], [N/A], 52
2026/02/05 11:43:09.884, NVIDIA Thor, 1 %, [N/A], [N/A], 51
2026/02/05 11:43:10.886, NVIDIA Thor, 97 %, [N/A], [N/A], 53
2026/02/05 11:43:11.888, NVIDIA Thor, 97 %, [N/A], [N/A], 53
2026/02/05 11:43:12.892, NVIDIA Thor, 38 %, [N/A], [N/A], 52
2026/02/05 11:43:13.897, NVIDIA Thor, 4 %, [N/A], [N/A], 51
2026/02/05 11:43:14.899, NVIDIA Thor, 21 %, [N/A], [N/A], 52
2026/02/05 11:43:15.900, NVIDIA Thor, 98 %, [N/A], [N/A], 53
2026/02/05 11:43:16.903, NVIDIA Thor, 98 %, [N/A], [N/A], 53
2026/02/05 11:43:17.906, NVIDIA Thor, 0 %, [N/A], [N/A], 51
2026/02/05 11:43:18.908, NVIDIA Thor, 1 %, [N/A], [N/A], 52
2026/02/05 11:43:19.909, NVIDIA Thor, 98 %, [N/A], [N/A], 53
2026/02/05 11:43:20.912, NVIDIA Thor, 97 %, [N/A], [N/A], 53
2026/02/05 11:43:21.916, NVIDIA Thor, 21 %, [N/A], [N/A], 51
2026/02/05 11:43:22.920, NVIDIA Thor, 1 %, [N/A], [N/A], 51
2026/02/05 11:43:23.922, NVIDIA Thor, 2 %, [N/A], [N/A], 51
2026/02/05 11:43:24.924, NVIDIA Thor, 98 %, [N/A], [N/A], 53
2026/02/05 11:43:25.926, NVIDIA Thor, 97 %, [N/A], [N/A], 53
2026/02/05 11:43:26.931, NVIDIA Thor, 1 %, [N/A], [N/A], 51
2026/02/05 11:43:27.934, NVIDIA Thor, 0 %, [N/A], [N/A], 50
2026/02/05 11:43:28.935, NVIDIA Thor, 97 %, [N/A], [N/A], 52
2026/02/05 11:43:29.938, NVIDIA Thor, 0 %, [N/A], [N/A], 51
2026/02/05 11:43:30.941, NVIDIA Thor, 98 %, [N/A], [N/A], 53
2026/02/05 11:43:31.947, NVIDIA Thor, 11 %, [N/A], [N/A], 52
2026/02/05 11:43:32.949, NVIDIA Thor, 1 %, [N/A], [N/A], 51
2026/02/05 11:43:33.951, NVIDIA Thor, 97 %, [N/A], [N/A], 52
2026/02/05 11:43:34.955, NVIDIA Thor, 98 %, [N/A], [N/A], 53
2026/02/05 11:43:35.958, NVIDIA Thor, 97 %, [N/A], [N/A], 53
2026/02/05 11:43:36.960, NVIDIA Thor, 0 %, [N/A], [N/A], 51
2026/02/05 11:43:37.962, NVIDIA Thor, 98 %, [N/A], [N/A], 53
2026/02/05 11:43:38.966, NVIDIA Thor, 98 %, [N/A], [N/A], 53
2026/02/05 11:43:39.968, NVIDIA Thor, 0 %, [N/A], [N/A], 51
2026/02/05 11:43:40.970, NVIDIA Thor, 98 %, [N/A], [N/A], 53
2026/02/05 11:43:41.974, NVIDIA Thor, 25 %, [N/A], [N/A], 52
2026/02/05 11:43:42.975, NVIDIA Thor, 0 %, [N/A], [N/A], 52
2026/02/05 11:43:43.977, NVIDIA Thor, 97 %, [N/A], [N/A], 53
2026/02/05 11:43:44.983, NVIDIA Thor, 98 %, [N/A], [N/A], 53
2026/02/05 11:43:45.987, NVIDIA Thor, 98 %, [N/A], [N/A], 53
2026/02/05 11:43:46.990, NVIDIA Thor, 3 %, [N/A], [N/A], 52
2026/02/05 11:43:47.992, NVIDIA Thor, 53 %, [N/A], [N/A], 52
2026/02/05 11:43:48.996, NVIDIA Thor, 97 %, [N/A], [N/A], 53
2026/02/05 11:43:49.998, NVIDIA Thor, 2 %, [N/A], [N/A], 52
2026/02/05 11:43:51.000, NVIDIA Thor, 0 %, [N/A], [N/A], 52
2026/02/05 11:43:52.001, NVIDIA Thor, 97 %, [N/A], [N/A], 53
2026/02/05 11:43:53.005, NVIDIA Thor, 98 %, [N/A], [N/A], 53
2026/02/05 11:43:54.007, NVIDIA Thor, 37 %, [N/A], [N/A], 51
2026/02/05 11:43:55.009, NVIDIA Thor, 97 %, [N/A], [N/A], 53
2026/02/05 11:43:56.015, NVIDIA Thor, 98 %, [N/A], [N/A], 53
2026/02/05 11:43:57.017, NVIDIA Thor, 0 %, [N/A], [N/A], 52
2026/02/05 11:43:58.019, NVIDIA Thor, 97 %, [N/A], [N/A], 53
2026/02/05 11:43:59.025, NVIDIA Thor, 98 %, [N/A], [N/A], 53
2026/02/05 11:44:00.027, NVIDIA Thor, 2 %, [N/A], [N/A], 52
2026/02/05 11:44:01.028, NVIDIA Thor, 87 %, [N/A], [N/A], 52
2026/02/05 11:44:02.030, NVIDIA Thor, 97 %, [N/A], [N/A], 53
2026/02/05 11:44:03.033, NVIDIA Thor, 98 %, [N/A], [N/A], 53
2026/02/05 11:44:04.036, NVIDIA Thor, 6 %, [N/A], [N/A], 52
2026/02/05 11:44:05.037, NVIDIA Thor, 93 %, [N/A], [N/A], 53
2026/02/05 11:44:06.041, NVIDIA Thor, 98 %, [N/A], [N/A], 53
2026/02/05 11:44:07.048, NVIDIA Thor, 80 %, [N/A], [N/A], 53
2026/02/05 11:44:08.049, NVIDIA Thor, 3 %, [N/A], [N/A], 52
2026/02/05 11:44:09.051, NVIDIA Thor, 94 %, [N/A], [N/A], 53
2026/02/05 11:44:10.056, NVIDIA Thor, 97 %, [N/A], [N/A], 53
2026/02/05 11:44:11.063, NVIDIA Thor, 20 %, [N/A], [N/A], 53
2026/02/05 11:44:12.064, NVIDIA Thor, 0 %, [N/A], [N/A], 52
2026/02/05 11:44:13.065, NVIDIA Thor, 97 %, [N/A], [N/A], 53
2026/02/05 11:44:14.071, NVIDIA Thor, 97 %, [N/A], [N/A], 53
2026/02/05 11:44:15.075, NVIDIA Thor, 1 %, [N/A], [N/A], 52
2026/02/05 11:44:16.076, NVIDIA Thor, 92 %, [N/A], [N/A], 53
2026/02/05 11:44:17.080, NVIDIA Thor, 97 %, [N/A], [N/A], 53
2026/02/05 11:44:18.083, NVIDIA Thor, 97 %, [N/A], [N/A], 53
2026/02/05 11:44:19.086, NVIDIA Thor, 1 %, [N/A], [N/A], 51
2026/02/05 11:44:20.088, NVIDIA Thor, 98 %, [N/A], [N/A], 53
2026/02/05 11:44:21.091, NVIDIA Thor, 23 %, [N/A], [N/A], 53
2026/02/05 11:44:22.092, NVIDIA Thor, 83 %, [N/A], [N/A], 52
2026/02/05 11:44:23.094, NVIDIA Thor, 97 %, [N/A], [N/A], 53
2026/02/05 11:44:24.096, NVIDIA Thor, 10 %, [N/A], [N/A], 52
2026/02/05 11:44:25.098, NVIDIA Thor, 0 %, [N/A], [N/A], 52
2026/02/05 11:44:26.099, NVIDIA Thor, 97 %, [N/A], [N/A], 53
2026/02/05 11:44:27.103, NVIDIA Thor, 97 %, [N/A], [N/A], 53
2026/02/05 11:44:28.105, NVIDIA Thor, 0 %, [N/A], [N/A], 52
2026/02/05 11:44:29.107, NVIDIA Thor, 98 %, [N/A], [N/A], 53
2026/02/05 11:44:30.109, NVIDIA Thor, 10 %, [N/A], [N/A], 53
2026/02/05 11:44:31.111, NVIDIA Thor, 83 %, [N/A], [N/A], 53
2026/02/05 11:44:32.114, NVIDIA Thor, 98 %, [N/A], [N/A], 54
2026/02/05 11:44:33.117, NVIDIA Thor, 6 %, [N/A], [N/A], 52
2026/02/05 11:44:34.119, NVIDIA Thor, 97 %, [N/A], [N/A], 53
2026/02/05 11:44:35.125, NVIDIA Thor, 5 %, [N/A], [N/A], 53
2026/02/05 11:44:36.126, NVIDIA Thor, 98 %, [N/A], [N/A], 53
2026/02/05 11:44:37.132, NVIDIA Thor, 7 %, [N/A], [N/A], 53
2026/02/05 11:44:38.134, NVIDIA Thor, 97 %, [N/A], [N/A], 54
2026/02/05 11:44:39.137, NVIDIA Thor, 5 %, [N/A], [N/A], 53
2026/02/05 11:44:40.138, NVIDIA Thor, 98 %, [N/A], [N/A], 54
2026/02/05 11:44:41.145, NVIDIA Thor, 8 %, [N/A], [N/A], 52
2026/02/05 11:44:42.146, NVIDIA Thor, 98 %, [N/A], [N/A], 54
2026/02/05 11:44:43.152, NVIDIA Thor, 3 %, [N/A], [N/A], 53
2026/02/05 11:44:44.154, NVIDIA Thor, 17 %, [N/A], [N/A], 52
2026/02/05 11:44:45.155, NVIDIA Thor, 5 %, [N/A], [N/A], 51
2026/02/05 11:44:46.157, NVIDIA Thor, 18 %, [N/A], [N/A], 52
2026/02/05 11:44:47.159, NVIDIA Thor, 32 %, [N/A], [N/A], 53
2026/02/05 11:44:48.160, NVIDIA Thor, 6 %, [N/A], [N/A], 52
2026/02/05 11:44:49.162, NVIDIA Thor, 4 %, [N/A], [N/A], 52
2026/02/05 11:44:50.164, NVIDIA Thor, 0 %, [N/A], [N/A], 52
2026/02/05 11:44:51.165, NVIDIA Thor, 91 %, [N/A], [N/A], 53
2026/02/05 11:44:52.169, NVIDIA Thor, 98 %, [N/A], [N/A], 53
2026/02/05 11:44:53.175, NVIDIA Thor, 97 %, [N/A], [N/A], 53
2026/02/05 11:44:54.178, NVIDIA Thor, 98 %, [N/A], [N/A], 54
2026/02/05 11:44:55.182, NVIDIA Thor, 98 %, [N/A], [N/A], 53
2026/02/05 11:44:56.185, NVIDIA Thor, 98 %, [N/A], [N/A], 53
2026/02/05 11:44:57.188, NVIDIA Thor, 98 %, [N/A], [N/A], 53
2026/02/05 11:44:58.193, NVIDIA Thor, 0 %, [N/A], [N/A], 52
2026/02/05 11:44:59.194, NVIDIA Thor, 4 %, [N/A], [N/A], 52
2026/02/05 11:45:00.196, NVIDIA Thor, 7 %, [N/A], [N/A], 52
2026/02/05 11:45:01.197, NVIDIA Thor, 31 %, [N/A], [N/A], 53
2026/02/05 11:45:02.199, NVIDIA Thor, 98 %, [N/A], [N/A], 53
2026/02/05 11:45:03.201, NVIDIA Thor, 98 %, [N/A], [N/A], 53
2026/02/05 11:45:04.204, NVIDIA Thor, 97 %, [N/A], [N/A], 53
2026/02/05 11:45:05.209, NVIDIA Thor, 97 %, [N/A], [N/A], 53
2026/02/05 11:45:06.211, NVIDIA Thor, 97 %, [N/A], [N/A], 53
2026/02/05 11:45:07.214, NVIDIA Thor, 94 %, [N/A], [N/A], 53
2026/02/05 11:45:08.220, NVIDIA Thor, 94 %, [N/A], [N/A], 53
2026/02/05 11:45:09.224, NVIDIA Thor, 97 %, [N/A], [N/A], 53
2026/02/05 11:45:10.227, NVIDIA Thor, 98 %, [N/A], [N/A], 53
2026/02/05 11:45:11.232, NVIDIA Thor, 96 %, [N/A], [N/A], 53
2026/02/05 11:45:12.235, NVIDIA Thor, 2 %, [N/A], [N/A], 51
2026/02/05 11:45:13.237, NVIDIA Thor, 97 %, [N/A], [N/A], 53
2026/02/05 11:45:14.240, NVIDIA Thor, 97 %, [N/A], [N/A], 53
2026/02/05 11:45:15.243, NVIDIA Thor, 97 %, [N/A], [N/A], 53
2026/02/05 11:45:16.249, NVIDIA Thor, 94 %, [N/A], [N/A], 53
2026/02/05 11:45:17.252, NVIDIA Thor, 75 %, [N/A], [N/A], 52
2026/02/05 11:45:18.254, NVIDIA Thor, 92 %, [N/A], [N/A], 53
2026/02/05 11:45:19.260, NVIDIA Thor, 80 %, [N/A], [N/A], 52
2026/02/05 11:45:20.262, NVIDIA Thor, 26 %, [N/A], [N/A], 52
2026/02/05 11:45:21.269, NVIDIA Thor, 0 %, [N/A], [N/A], 52
2026/02/05 11:45:22.271, NVIDIA Thor, 4 %, [N/A], [N/A], 52
2026/02/05 11:45:23.272, NVIDIA Thor, 93 %, [N/A], [N/A], 53
2026/02/05 11:45:24.274, NVIDIA Thor, 98 %, [N/A], [N/A], 53
2026/02/05 11:45:25.276, NVIDIA Thor, 80 %, [N/A], [N/A], 52
2026/02/05 11:45:26.278, NVIDIA Thor, 1 %, [N/A], [N/A], 52
2026/02/05 11:45:27.280, NVIDIA Thor, 6 %, [N/A], [N/A], 52
2026/02/05 11:45:28.282, NVIDIA Thor, 39 %, [N/A], [N/A], 53
2026/02/05 11:45:29.283, NVIDIA Thor, 97 %, [N/A], [N/A], 53
2026/02/05 11:45:30.287, NVIDIA Thor, 97 %, [N/A], [N/A], 53
2026/02/05 11:45:31.292, NVIDIA Thor, 97 %, [N/A], [N/A], 53
2026/02/05 11:45:32.298, NVIDIA Thor, 76 %, [N/A], [N/A], 52
2026/02/05 11:45:33.300, NVIDIA Thor, 0 %, [N/A], [N/A], 52
2026/02/05 11:45:34.302, NVIDIA Thor, 0 %, [N/A], [N/A], 52
2026/02/05 11:45:35.303, NVIDIA Thor, 3 %, [N/A], [N/A], 52
2026/02/05 11:45:36.307, NVIDIA Thor, 2 %, [N/A], [N/A], 52
2026/02/05 11:45:37.309, NVIDIA Thor, 18 %, [N/A], [N/A], 53
2026/02/05 11:45:38.311, NVIDIA Thor, 98 %, [N/A], [N/A], 53
2026/02/05 11:45:39.314, NVIDIA Thor, 13 %, [N/A], [N/A], 52
2026/02/05 11:45:40.322, NVIDIA Thor, 98 %, [N/A], [N/A], 53
2026/02/05 11:45:41.324, NVIDIA Thor, 17 %, [N/A], [N/A], 53
2026/02/05 11:45:42.325, NVIDIA Thor, 21 %, [N/A], [N/A], 53
2026/02/05 11:45:43.327, NVIDIA Thor, 6 %, [N/A], [N/A], 52
2026/02/05 11:45:44.329, NVIDIA Thor, 3 %, [N/A], [N/A], 52
2026/02/05 11:45:45.330, NVIDIA Thor, 98 %, [N/A], [N/A], 53
2026/02/05 11:45:46.333, NVIDIA Thor, 98 %, [N/A], [N/A], 53
2026/02/05 11:45:47.335, NVIDIA Thor, 97 %, [N/A], [N/A], 53
2026/02/05 11:45:48.338, NVIDIA Thor, 98 %, [N/A], [N/A], 53
2026/02/05 11:45:49.340, NVIDIA Thor, 97 %, [N/A], [N/A], 53
2026/02/05 11:45:50.343, NVIDIA Thor, 98 %, [N/A], [N/A], 53
2026/02/05 11:45:51.348, NVIDIA Thor, 89 %, [N/A], [N/A], 52
2026/02/05 11:45:52.350, NVIDIA Thor, 1 %, [N/A], [N/A], 52
2026/02/05 11:45:53.352, NVIDIA Thor, 5 %, [N/A], [N/A], 52
2026/02/05 11:45:54.354, NVIDIA Thor, 14 %, [N/A], [N/A], 52
2026/02/05 11:45:55.355, NVIDIA Thor, 5 %, [N/A], [N/A], 52
2026/02/05 11:45:56.356, NVIDIA Thor, 11 %, [N/A], [N/A], 52
2026/02/05 11:45:57.358, NVIDIA Thor, 16 %, [N/A], [N/A], 52
2026/02/05 11:45:58.359, NVIDIA Thor, 4 %, [N/A], [N/A], 52
2026/02/05 11:45:59.362, NVIDIA Thor, 3 %, [N/A], [N/A], 52
2026/02/05 11:46:00.363, NVIDIA Thor, 4 %, [N/A], [N/A], 52
2026/02/05 11:46:01.365, NVIDIA Thor, 1 %, [N/A], [N/A], 52
2026/02/05 11:46:02.367, NVIDIA Thor, 2 %, [N/A], [N/A], 52
2026/02/05 11:46:03.369, NVIDIA Thor, 6 %, [N/A], [N/A], 52
2026/02/05 11:46:04.371, NVIDIA Thor, 8 %, [N/A], [N/A], 52
2026/02/05 11:46:05.373, NVIDIA Thor, 7 %, [N/A], [N/A], 52
2026/02/05 11:46:06.375, NVIDIA Thor, 9 %, [N/A], [N/A], 52
2026/02/05 11:46:07.377, NVIDIA Thor, 11 %, [N/A], [N/A], 51
2026/02/05 11:46:08.392, NVIDIA Thor, 97 %, [N/A], [N/A], 52
2026/02/05 11:46:09.397, NVIDIA Thor, 96 %, [N/A], [N/A], 52
2026/02/05 11:46:10.402, NVIDIA Thor, 0 %, [N/A], [N/A], 51
2026/02/05 11:46:11.404, NVIDIA Thor, 0 %, [N/A], [N/A], 51
2026/02/05 11:46:12.406, NVIDIA Thor, 96 %, [N/A], [N/A], 53
2026/02/05 11:46:13.412, NVIDIA Thor, 98 %, [N/A], [N/A], 53
2026/02/05 11:46:14.415, NVIDIA Thor, 97 %, [N/A], [N/A], 53
2026/02/05 11:46:15.417, NVIDIA Thor, 19 %, [N/A], [N/A], 52
2026/02/05 11:46:16.418, NVIDIA Thor, 4 %, [N/A], [N/A], 52
2026/02/05 11:46:17.420, NVIDIA Thor, 8 %, [N/A], [N/A], 52
2026/02/05 11:46:18.422, NVIDIA Thor, 7 %, [N/A], [N/A], 52
2026/02/05 11:46:19.423, NVIDIA Thor, 8 %, [N/A], [N/A], 52
2026/02/05 11:46:20.426, NVIDIA Thor, 13 %, [N/A], [N/A], 52
2026/02/05 11:46:21.427, NVIDIA Thor, 15 %, [N/A], [N/A], 52
2026/02/05 11:46:22.429, NVIDIA Thor, 98 %, [N/A], [N/A], 53
2026/02/05 11:46:23.432, NVIDIA Thor, 98 %, [N/A], [N/A], 53
2026/02/05 11:46:24.434, NVIDIA Thor, 98 %, [N/A], [N/A], 53
2026/02/05 11:46:25.436, NVIDIA Thor, 97 %, [N/A], [N/A], 53
2026/02/05 11:46:26.439, NVIDIA Thor, 97 %, [N/A], [N/A], 53
2026/02/05 11:46:27.441, NVIDIA Thor, 97 %, [N/A], [N/A], 53
2026/02/05 11:46:28.443, NVIDIA Thor, 97 %, [N/A], [N/A], 53
2026/02/05 11:46:29.448, NVIDIA Thor, 98 %, [N/A], [N/A], 53
2026/02/05 11:46:30.451, NVIDIA Thor, 97 %, [N/A], [N/A], 53
2026/02/05 11:46:31.454, NVIDIA Thor, 96 %, [N/A], [N/A], 53
2026/02/05 11:46:32.461, NVIDIA Thor, 97 %, [N/A], [N/A], 53
2026/02/05 11:46:33.463, NVIDIA Thor, 97 %, [N/A], [N/A], 53
2026/02/05 11:46:34.469, NVIDIA Thor, 14 %, [N/A], [N/A], 52
2026/02/05 11:46:35.494, NVIDIA Thor, 97 %, [N/A], [N/A], 53
2026/02/05 11:46:36.498, NVIDIA Thor, 98 %, [N/A], [N/A], 53
2026/02/05 11:46:37.500, NVIDIA Thor, 98 %, [N/A], [N/A], 53
2026/02/05 11:46:38.502, NVIDIA Thor, 70 %, [N/A], [N/A], 53
2026/02/05 11:46:39.504, NVIDIA Thor, 12 %, [N/A], [N/A], 52
2026/02/05 11:46:40.505, NVIDIA Thor, 98 %, [N/A], [N/A], 53
2026/02/05 11:46:41.508, NVIDIA Thor, 28 %, [N/A], [N/A], 53
2026/02/05 11:46:42.509, NVIDIA Thor, 7 %, [N/A], [N/A], 52
2026/02/05 11:46:43.511, NVIDIA Thor, 3 %, [N/A], [N/A], 52
2026/02/05 11:46:44.513, NVIDIA Thor, 5 %, [N/A], [N/A], 52
2026/02/05 11:46:45.515, NVIDIA Thor, 9 %, [N/A], [N/A], 52
2026/02/05 11:46:46.517, NVIDIA Thor, 0 %, [N/A], [N/A], 52
2026/02/05 11:46:47.518, NVIDIA Thor, 0 %, [N/A], [N/A], 52
2026/02/05 11:46:48.521, NVIDIA Thor, 53 %, [N/A], [N/A], 52
2026/02/05 11:46:49.527, NVIDIA Thor, 0 %, [N/A], [N/A], 52
2026/02/05 11:46:50.529, NVIDIA Thor, 0 %, [N/A], [N/A], 52
2026/02/05 11:46:51.530, NVIDIA Thor, 1 %, [N/A], [N/A], 52
2026/02/05 11:46:52.532, NVIDIA Thor, 6 %, [N/A], [N/A], 52
2026/02/05 11:46:53.534, NVIDIA Thor, 2 %, [N/A], [N/A], 52
2026/02/05 11:46:54.535, NVIDIA Thor, 5 %, [N/A], [N/A], 52
2026/02/05 11:46:55.537, NVIDIA Thor, 4 %, [N/A], [N/A], 52
2026/02/05 11:46:56.538, NVIDIA Thor, 4 %, [N/A], [N/A], 52
2026/02/05 11:46:57.540, NVIDIA Thor, 1 %, [N/A], [N/A], 52
2026/02/05 11:46:58.542, NVIDIA Thor, 2 %, [N/A], [N/A], 52
2026/02/05 11:46:59.544, NVIDIA Thor, 2 %, [N/A], [N/A], 52
2026/02/05 11:47:00.546, NVIDIA Thor, 1 %, [N/A], [N/A], 52
2026/02/05 11:47:01.548, NVIDIA Thor, 2 %, [N/A], [N/A], 51
2026/02/05 11:47:02.549, NVIDIA Thor, 1 %, [N/A], [N/A], 51
2026/02/05 11:47:03.551, NVIDIA Thor, 58 %, [N/A], [N/A], 52
2026/02/05 11:47:04.553, NVIDIA Thor, 88 %, [N/A], [N/A], 52
2026/02/05 11:47:05.556, NVIDIA Thor, 97 %, [N/A], [N/A], 53
2026/02/05 11:47:06.561, NVIDIA Thor, 2 %, [N/A], [N/A], 51
2026/02/05 11:47:07.563, NVIDIA Thor, 7 %, [N/A], [N/A], 52
2026/02/05 11:47:08.564, NVIDIA Thor, 6 %, [N/A], [N/A], 52
2026/02/05 11:47:09.566, NVIDIA Thor, 97 %, [N/A], [N/A], 53
2026/02/05 11:47:10.570, NVIDIA Thor, 97 %, [N/A], [N/A], 53
2026/02/05 11:47:11.574, NVIDIA Thor, 97 %, [N/A], [N/A], 53
2026/02/05 11:47:12.578, NVIDIA Thor, 96 %, [N/A], [N/A], 53
2026/02/05 11:47:13.582, NVIDIA Thor, 0 %, [N/A], [N/A], 52
2026/02/05 11:47:14.584, NVIDIA Thor, 4 %, [N/A], [N/A], 52
2026/02/05 11:47:15.586, NVIDIA Thor, 4 %, [N/A], [N/A], 52
2026/02/05 11:47:16.587, NVIDIA Thor, 98 %, [N/A], [N/A], 53
2026/02/05 11:47:17.590, NVIDIA Thor, 97 %, [N/A], [N/A], 53
2026/02/05 11:47:18.594, NVIDIA Thor, 98 %, [N/A], [N/A], 53
2026/02/05 11:47:19.600, NVIDIA Thor, 98 %, [N/A], [N/A], 53
2026/02/05 11:47:20.604, NVIDIA Thor, 98 %, [N/A], [N/A], 53
2026/02/05 11:47:21.609, NVIDIA Thor, 98 %, [N/A], [N/A], 53
2026/02/05 11:47:22.613, NVIDIA Thor, 97 %, [N/A], [N/A], 53
2026/02/05 11:47:23.619, NVIDIA Thor, 97 %, [N/A], [N/A], 53
2026/02/05 11:47:24.623, NVIDIA Thor, 98 %, [N/A], [N/A], 53
2026/02/05 11:47:25.627, NVIDIA Thor, 97 %, [N/A], [N/A], 53
2026/02/05 11:47:26.632, NVIDIA Thor, 97 %, [N/A], [N/A], 53
2026/02/05 11:47:27.635, NVIDIA Thor, 97 %, [N/A], [N/A], 53
2026/02/05 11:47:28.641, NVIDIA Thor, 97 %, [N/A], [N/A], 53
2026/02/05 11:47:29.644, NVIDIA Thor, 0 %, [N/A], [N/A], 51
2026/02/05 11:47:30.646, NVIDIA Thor, 13 %, [N/A], [N/A], 52
2026/02/05 11:47:31.649, NVIDIA Thor, 97 %, [N/A], [N/A], 53
2026/02/05 11:47:32.650, NVIDIA Thor, 98 %, [N/A], [N/A], 53
2026/02/05 11:47:33.652, NVIDIA Thor, 98 %, [N/A], [N/A], 53
2026/02/05 11:47:34.655, NVIDIA Thor, 97 %, [N/A], [N/A], 53
2026/02/05 11:47:35.657, NVIDIA Thor, 98 %, [N/A], [N/A], 53
2026/02/05 11:47:36.659, NVIDIA Thor, 98 %, [N/A], [N/A], 53
2026/02/05 11:47:37.661, NVIDIA Thor, 98 %, [N/A], [N/A], 53
2026/02/05 11:47:38.663, NVIDIA Thor, 97 %, [N/A], [N/A], 53
2026/02/05 11:47:39.665, NVIDIA Thor, 98 %, [N/A], [N/A], 53
2026/02/05 11:47:40.667, NVIDIA Thor, 98 %, [N/A], [N/A], 53
2026/02/05 11:47:41.669, NVIDIA Thor, 97 %, [N/A], [N/A], 53
2026/02/05 11:47:42.672, NVIDIA Thor, 98 %, [N/A], [N/A], 53
2026/02/05 11:47:43.674, NVIDIA Thor, 98 %, [N/A], [N/A], 53
2026/02/05 11:47:44.678, NVIDIA Thor, 97 %, [N/A], [N/A], 53
2026/02/05 11:47:45.681, NVIDIA Thor, 97 %, [N/A], [N/A], 53
2026/02/05 11:47:46.687, NVIDIA Thor, 97 %, [N/A], [N/A], 53
2026/02/05 11:47:47.690, NVIDIA Thor, 0 %, [N/A], [N/A], 52
2026/02/05 11:47:48.693, NVIDIA Thor, 5 %, [N/A], [N/A], 52
2026/02/05 11:47:49.695, NVIDIA Thor, 97 %, [N/A], [N/A], 53
2026/02/05 11:47:50.697, NVIDIA Thor, 98 %, [N/A], [N/A], 53
2026/02/05 11:47:51.699, NVIDIA Thor, 98 %, [N/A], [N/A], 53
2026/02/05 11:47:52.703, NVIDIA Thor, 98 %, [N/A], [N/A], 53
2026/02/05 11:47:53.706, NVIDIA Thor, 98 %, [N/A], [N/A], 53
2026/02/05 11:47:54.709, NVIDIA Thor, 97 %, [N/A], [N/A], 53
2026/02/05 11:47:55.713, NVIDIA Thor, 97 %, [N/A], [N/A], 53
2026/02/05 11:47:56.715, NVIDIA Thor, 0 %, [N/A], [N/A], 51
2026/02/05 11:47:57.717, NVIDIA Thor, 11 %, [N/A], [N/A], 52
2026/02/05 11:47:58.718, NVIDIA Thor, 4 %, [N/A], [N/A], 52
2026/02/05 11:47:59.720, NVIDIA Thor, 13 %, [N/A], [N/A], 52
2026/02/05 11:48:00.722, NVIDIA Thor, 3 %, [N/A], [N/A], 52
2026/02/05 11:48:01.723, NVIDIA Thor, 4 %, [N/A], [N/A], 52
2026/02/05 11:48:02.725, NVIDIA Thor, 9 %, [N/A], [N/A], 52
2026/02/05 11:48:03.726, NVIDIA Thor, 5 %, [N/A], [N/A], 52
2026/02/05 11:48:04.728, NVIDIA Thor, 10 %, [N/A], [N/A], 52
2026/02/05 11:48:05.730, NVIDIA Thor, 6 %, [N/A], [N/A], 52
2026/02/05 11:48:06.731, NVIDIA Thor, 16 %, [N/A], [N/A], 52
2026/02/05 11:48:07.733, NVIDIA Thor, 9 %, [N/A], [N/A], 52
2026/02/05 11:48:08.734, NVIDIA Thor, 6 %, [N/A], [N/A], 52
2026/02/05 11:48:09.736, NVIDIA Thor, 13 %, [N/A], [N/A], 53
2026/02/05 11:48:10.738, NVIDIA Thor, 16 %, [N/A], [N/A], 53
2026/02/05 11:48:11.739, NVIDIA Thor, 98 %, [N/A], [N/A], 53
2026/02/05 11:48:12.741, NVIDIA Thor, 97 %, [N/A], [N/A], 53
2026/02/05 11:48:13.743, NVIDIA Thor, 98 %, [N/A], [N/A], 53
2026/02/05 11:48:14.746, NVIDIA Thor, 98 %, [N/A], [N/A], 53
2026/02/05 11:48:15.750, NVIDIA Thor, 98 %, [N/A], [N/A], 53
2026/02/05 11:48:16.757, NVIDIA Thor, 97 %, [N/A], [N/A], 54
2026/02/05 11:48:17.761, NVIDIA Thor, 98 %, [N/A], [N/A], 53
2026/02/05 11:48:18.767, NVIDIA Thor, 98 %, [N/A], [N/A], 54
2026/02/05 11:48:19.771, NVIDIA Thor, 98 %, [N/A], [N/A], 54
2026/02/05 11:48:20.777, NVIDIA Thor, 97 %, [N/A], [N/A], 53
2026/02/05 11:48:21.780, NVIDIA Thor, 98 %, [N/A], [N/A], 53
2026/02/05 11:48:22.783, NVIDIA Thor, 98 %, [N/A], [N/A], 53
2026/02/05 11:48:23.789, NVIDIA Thor, 0 %, [N/A], [N/A], 51
2026/02/05 11:48:24.790, NVIDIA Thor, 98 %, [N/A], [N/A], 54
2026/02/05 11:48:25.794, NVIDIA Thor, 98 %, [N/A], [N/A], 54
2026/02/05 11:48:26.797, NVIDIA Thor, 98 %, [N/A], [N/A], 53
2026/02/05 11:48:27.800, NVIDIA Thor, 97 %, [N/A], [N/A], 53
2026/02/05 11:48:28.805, NVIDIA Thor, 98 %, [N/A], [N/A], 53
2026/02/05 11:48:29.807, NVIDIA Thor, 97 %, [N/A], [N/A], 53
2026/02/05 11:48:30.814, NVIDIA Thor, 97 %, [N/A], [N/A], 53
2026/02/05 11:48:31.821, NVIDIA Thor, 97 %, [N/A], [N/A], 53
2026/02/05 11:48:32.825, NVIDIA Thor, 98 %, [N/A], [N/A], 53
2026/02/05 11:48:33.827, NVIDIA Thor, 96 %, [N/A], [N/A], 53
2026/02/05 11:48:34.831, NVIDIA Thor, 96 %, [N/A], [N/A], 53
2026/02/05 11:48:35.839, NVIDIA Thor, 97 %, [N/A], [N/A], 53
2026/02/05 11:48:36.843, NVIDIA Thor, 97 %, [N/A], [N/A], 53
2026/02/05 11:48:37.848, NVIDIA Thor, 98 %, [N/A], [N/A], 54
2026/02/05 11:48:38.852, NVIDIA Thor, 98 %, [N/A], [N/A], 53
2026/02/05 11:48:39.856, NVIDIA Thor, 98 %, [N/A], [N/A], 53
2026/02/05 11:48:40.862, NVIDIA Thor, 98 %, [N/A], [N/A], 53
2026/02/05 11:48:41.866, NVIDIA Thor, 98 %, [N/A], [N/A], 53
2026/02/05 11:48:42.868, NVIDIA Thor, 97 %, [N/A], [N/A], 53
2026/02/05 11:48:43.873, NVIDIA Thor, 9 %, [N/A], [N/A], 52
2026/02/05 11:48:44.875, NVIDIA Thor, 97 %, [N/A], [N/A], 53
2026/02/05 11:48:45.877, NVIDIA Thor, 98 %, [N/A], [N/A], 53
2026/02/05 11:48:46.881, NVIDIA Thor, 98 %, [N/A], [N/A], 53
2026/02/05 11:48:47.884, NVIDIA Thor, 97 %, [N/A], [N/A], 53
2026/02/05 11:48:48.887, NVIDIA Thor, 31 %, [N/A], [N/A], 53
2026/02/05 11:48:49.889, NVIDIA Thor, 11 %, [N/A], [N/A], 53
2026/02/05 11:48:50.891, NVIDIA Thor, 17 %, [N/A], [N/A], 51
2026/02/05 11:48:51.893, NVIDIA Thor, 10 %, [N/A], [N/A], 51
2026/02/05 11:48:52.895, NVIDIA Thor, 7 %, [N/A], [N/A], 52
2026/02/05 11:48:53.897, NVIDIA Thor, 23 %, [N/A], [N/A], 52
2026/02/05 11:48:54.898, NVIDIA Thor, 14 %, [N/A], [N/A], 52
2026/02/05 11:48:55.901, NVIDIA Thor, 3 %, [N/A], [N/A], 52
2026/02/05 11:48:56.903, NVIDIA Thor, 4 %, [N/A], [N/A], 52
2026/02/05 11:48:57.906, NVIDIA Thor, 0 %, [N/A], [N/A], 52
2026/02/05 11:48:58.907, NVIDIA Thor, 4 %, [N/A], [N/A], 52
2026/02/05 11:48:59.910, NVIDIA Thor, 85 %, [N/A], [N/A], 52
2026/02/05 11:49:00.914, NVIDIA Thor, 97 %, [N/A], [N/A], 53
2026/02/05 11:49:01.917, NVIDIA Thor, 98 %, [N/A], [N/A], 53
2026/02/05 11:49:02.923, NVIDIA Thor, 97 %, [N/A], [N/A], 53
2026/02/05 11:49:03.927, NVIDIA Thor, 97 %, [N/A], [N/A], 53
2026/02/05 11:49:04.930, NVIDIA Thor, 5 %, [N/A], [N/A], 52
2026/02/05 11:49:05.931, NVIDIA Thor, 0 %, [N/A], [N/A], 52
2026/02/05 11:49:06.933, NVIDIA Thor, 96 %, [N/A], [N/A], 53
2026/02/05 11:49:07.938, NVIDIA Thor, 97 %, [N/A], [N/A], 54
2026/02/05 11:49:08.941, NVIDIA Thor, 98 %, [N/A], [N/A], 53
2026/02/05 11:49:09.943, NVIDIA Thor, 5 %, [N/A], [N/A], 52
2026/02/05 11:49:10.945, NVIDIA Thor, 2 %, [N/A], [N/A], 52
2026/02/05 11:49:11.947, NVIDIA Thor, 0 %, [N/A], [N/A], 52
2026/02/05 11:49:12.949, NVIDIA Thor, 97 %, [N/A], [N/A], 53
2026/02/05 11:49:13.952, NVIDIA Thor, 98 %, [N/A], [N/A], 54
2026/02/05 11:49:14.959, NVIDIA Thor, 98 %, [N/A], [N/A], 53
2026/02/05 11:49:15.962, NVIDIA Thor, 7 %, [N/A], [N/A], 53
2026/02/05 11:49:16.964, NVIDIA Thor, 2 %, [N/A], [N/A], 52
2026/02/05 11:49:17.966, NVIDIA Thor, 3 %, [N/A], [N/A], 51
2026/02/05 11:49:18.967, NVIDIA Thor, 7 %, [N/A], [N/A], 52
2026/02/05 11:49:19.969, NVIDIA Thor, 56 %, [N/A], [N/A], 52
2026/02/05 11:49:20.973, NVIDIA Thor, 97 %, [N/A], [N/A], 53
2026/02/05 11:49:21.979, NVIDIA Thor, 98 %, [N/A], [N/A], 54
2026/02/05 11:49:22.983, NVIDIA Thor, 98 %, [N/A], [N/A], 53
2026/02/05 11:49:23.986, NVIDIA Thor, 98 %, [N/A], [N/A], 53
2026/02/05 11:49:24.991, NVIDIA Thor, 15 %, [N/A], [N/A], 53
2026/02/05 11:49:25.992, NVIDIA Thor, 2 %, [N/A], [N/A], 52
2026/02/05 11:49:26.994, NVIDIA Thor, 6 %, [N/A], [N/A], 52
2026/02/05 11:49:27.995, NVIDIA Thor, 0 %, [N/A], [N/A], 52
2026/02/05 11:49:28.997, NVIDIA Thor, 31 %, [N/A], [N/A], 52
2026/02/05 11:49:30.002, NVIDIA Thor, 91 %, [N/A], [N/A], 53
2026/02/05 11:49:31.004, NVIDIA Thor, 91 %, [N/A], [N/A], 53
2026/02/05 11:49:32.006, NVIDIA Thor, 96 %, [N/A], [N/A], 53
2026/02/05 11:49:33.011, NVIDIA Thor, 97 %, [N/A], [N/A], 53
2026/02/05 11:49:34.014, NVIDIA Thor, 97 %, [N/A], [N/A], 54
2026/02/05 11:49:35.019, NVIDIA Thor, 98 %, [N/A], [N/A], 54
2026/02/05 11:49:36.022, NVIDIA Thor, 98 %, [N/A], [N/A], 54
2026/02/05 11:49:37.027, NVIDIA Thor, 98 %, [N/A], [N/A], 54
2026/02/05 11:49:38.033, NVIDIA Thor, 97 %, [N/A], [N/A], 54
2026/02/05 11:49:39.036, NVIDIA Thor, 97 %, [N/A], [N/A], 54
2026/02/05 11:49:40.038, NVIDIA Thor, 98 %, [N/A], [N/A], 54
2026/02/05 11:49:41.042, NVIDIA Thor, 98 %, [N/A], [N/A], 53
2026/02/05 11:49:42.046, NVIDIA Thor, 98 %, [N/A], [N/A], 53
2026/02/05 11:49:43.048, NVIDIA Thor, 37 %, [N/A], [N/A], 53
2026/02/05 11:49:44.049, NVIDIA Thor, 0 %, [N/A], [N/A], 51
2026/02/05 11:49:45.055, NVIDIA Thor, 98 %, [N/A], [N/A], 54
2026/02/05 11:49:46.059, NVIDIA Thor, 98 %, [N/A], [N/A], 53
2026/02/05 11:49:47.061, NVIDIA Thor, 98 %, [N/A], [N/A], 53
2026/02/05 11:49:48.063, NVIDIA Thor, 98 %, [N/A], [N/A], 53
2026/02/05 11:49:49.067, NVIDIA Thor, 7 %, [N/A], [N/A], 52
2026/02/05 11:49:50.069, NVIDIA Thor, 3 %, [N/A], [N/A], 52
2026/02/05 11:49:51.070, NVIDIA Thor, 89 %, [N/A], [N/A], 53
2026/02/05 11:49:52.072, NVIDIA Thor, 98 %, [N/A], [N/A], 53
2026/02/05 11:49:53.076, NVIDIA Thor, 98 %, [N/A], [N/A], 53
2026/02/05 11:49:54.078, NVIDIA Thor, 20 %, [N/A], [N/A], 53
2026/02/05 11:49:55.079, NVIDIA Thor, 8 %, [N/A], [N/A], 53
2026/02/05 11:49:56.080, NVIDIA Thor, 6 %, [N/A], [N/A], 52
2026/02/05 11:49:57.082, NVIDIA Thor, 3 %, [N/A], [N/A], 52
2026/02/05 11:49:58.083, NVIDIA Thor, 1 %, [N/A], [N/A], 52
2026/02/05 11:49:59.085, NVIDIA Thor, 57 %, [N/A], [N/A], 52
2026/02/05 11:50:00.089, NVIDIA Thor, 55 %, [N/A], [N/A], 53
2026/02/05 11:50:01.093, NVIDIA Thor, 0 %, [N/A], [N/A], 52
2026/02/05 11:50:02.094, NVIDIA Thor, 0 %, [N/A], [N/A], 52
2026/02/05 11:50:03.096, NVIDIA Thor, 0 %, [N/A], [N/A], 52
2026/02/05 11:50:04.098, NVIDIA Thor, 93 %, [N/A], [N/A], 53
2026/02/05 11:50:05.100, NVIDIA Thor, 96 %, [N/A], [N/A], 53
2026/02/05 11:50:06.107, NVIDIA Thor, 98 %, [N/A], [N/A], 53
2026/02/05 11:50:07.113, NVIDIA Thor, 97 %, [N/A], [N/A], 53
2026/02/05 11:50:08.116, NVIDIA Thor, 98 %, [N/A], [N/A], 53
2026/02/05 11:50:09.119, NVIDIA Thor, 97 %, [N/A], [N/A], 54
2026/02/05 11:50:10.123, NVIDIA Thor, 2 %, [N/A], [N/A], 52
2026/02/05 11:50:11.125, NVIDIA Thor, 0 %, [N/A], [N/A], 51
2026/02/05 11:50:12.126, NVIDIA Thor, 0 %, [N/A], [N/A], 50
2026/02/05 11:50:13.130, NVIDIA Thor, 0 %, [N/A], [N/A], 50
2026/02/05 11:50:14.132, NVIDIA Thor, 0 %, [N/A], [N/A], 50
2026/02/05 11:50:15.135, NVIDIA Thor, 0 %, [N/A], [N/A], 49
