timestamp, name, utilization.gpu [%], memory.used [MiB], memory.total [MiB], temperature.gpu
2026/02/05 03:50:49.013, NVIDIA Thor, 1 %, [N/A], [N/A], 47
2026/02/05 03:50:50.023, NVIDIA Thor, 92 %, [N/A], [N/A], 47
2026/02/05 03:50:51.027, NVIDIA Thor, 0 %, [N/A], [N/A], 47
2026/02/05 03:50:52.029, NVIDIA Thor, 2 %, [N/A], [N/A], 47
2026/02/05 03:50:53.032, NVIDIA Thor, 0 %, [N/A], [N/A], 47
2026/02/05 03:50:54.036, NVIDIA Thor, 0 %, [N/A], [N/A], 47
2026/02/05 03:50:55.039, NVIDIA Thor, 0 %, [N/A], [N/A], 47
2026/02/05 03:50:56.044, NVIDIA Thor, 1 %, [N/A], [N/A], 47
2026/02/05 03:50:57.046, NVIDIA Thor, 41 %, [N/A], [N/A], 47
2026/02/05 03:50:58.047, NVIDIA Thor, 2 %, [N/A], [N/A], 47
2026/02/05 03:50:59.049, NVIDIA Thor, 97 %, [N/A], [N/A], 49
2026/02/05 03:51:00.056, NVIDIA Thor, 96 %, [N/A], [N/A], 49
2026/02/05 03:51:01.058, NVIDIA Thor, 9 %, [N/A], [N/A], 48
2026/02/05 03:51:02.060, NVIDIA Thor, 66 %, [N/A], [N/A], 49
2026/02/05 03:51:03.062, NVIDIA Thor, 97 %, [N/A], [N/A], 50
2026/02/05 03:51:04.068, NVIDIA Thor, 97 %, [N/A], [N/A], 50
2026/02/05 03:51:05.074, NVIDIA Thor, 97 %, [N/A], [N/A], 50
2026/02/05 03:51:06.076, NVIDIA Thor, 2 %, [N/A], [N/A], 49
2026/02/05 03:51:07.077, NVIDIA Thor, 98 %, [N/A], [N/A], 50
2026/02/05 03:51:08.082, NVIDIA Thor, 41 %, [N/A], [N/A], 50
2026/02/05 03:51:09.083, NVIDIA Thor, 1 %, [N/A], [N/A], 49
2026/02/05 03:51:10.085, NVIDIA Thor, 10 %, [N/A], [N/A], 49
2026/02/05 03:51:11.087, NVIDIA Thor, 13 %, [N/A], [N/A], 49
2026/02/05 03:51:12.092, NVIDIA Thor, 1 %, [N/A], [N/A], 49
2026/02/05 03:51:13.093, NVIDIA Thor, 97 %, [N/A], [N/A], 51
2026/02/05 03:51:14.095, NVIDIA Thor, 3 %, [N/A], [N/A], 49
2026/02/05 03:51:15.097, NVIDIA Thor, 96 %, [N/A], [N/A], 50
2026/02/05 03:51:16.104, NVIDIA Thor, 97 %, [N/A], [N/A], 51
2026/02/05 03:51:17.106, NVIDIA Thor, 3 %, [N/A], [N/A], 50
2026/02/05 03:51:18.109, NVIDIA Thor, 0 %, [N/A], [N/A], 49
2026/02/05 03:51:19.111, NVIDIA Thor, 42 %, [N/A], [N/A], 50
2026/02/05 03:51:20.119, NVIDIA Thor, 97 %, [N/A], [N/A], 51
2026/02/05 03:51:21.127, NVIDIA Thor, 98 %, [N/A], [N/A], 51
2026/02/05 03:51:22.133, NVIDIA Thor, 2 %, [N/A], [N/A], 49
2026/02/05 03:51:23.135, NVIDIA Thor, 98 %, [N/A], [N/A], 51
2026/02/05 03:51:24.137, NVIDIA Thor, 8 %, [N/A], [N/A], 50
2026/02/05 03:51:25.139, NVIDIA Thor, 97 %, [N/A], [N/A], 51
2026/02/05 03:51:26.142, NVIDIA Thor, 4 %, [N/A], [N/A], 50
2026/02/05 03:51:27.144, NVIDIA Thor, 1 %, [N/A], [N/A], 50
2026/02/05 03:51:28.146, NVIDIA Thor, 3 %, [N/A], [N/A], 50
2026/02/05 03:51:29.147, NVIDIA Thor, 91 %, [N/A], [N/A], 50
2026/02/05 03:51:30.150, NVIDIA Thor, 97 %, [N/A], [N/A], 51
2026/02/05 03:51:31.153, NVIDIA Thor, 98 %, [N/A], [N/A], 51
2026/02/05 03:51:32.155, NVIDIA Thor, 12 %, [N/A], [N/A], 49
2026/02/05 03:51:33.161, NVIDIA Thor, 97 %, [N/A], [N/A], 50
2026/02/05 03:51:34.165, NVIDIA Thor, 18 %, [N/A], [N/A], 50
2026/02/05 03:51:35.167, NVIDIA Thor, 1 %, [N/A], [N/A], 50
2026/02/05 03:51:36.169, NVIDIA Thor, 97 %, [N/A], [N/A], 51
2026/02/05 03:51:37.173, NVIDIA Thor, 13 %, [N/A], [N/A], 50
2026/02/05 03:51:38.175, NVIDIA Thor, 10 %, [N/A], [N/A], 50
2026/02/05 03:51:39.177, NVIDIA Thor, 0 %, [N/A], [N/A], 50
2026/02/05 03:51:40.178, NVIDIA Thor, 4 %, [N/A], [N/A], 50
2026/02/05 03:51:41.181, NVIDIA Thor, 3 %, [N/A], [N/A], 50
2026/02/05 03:51:42.182, NVIDIA Thor, 0 %, [N/A], [N/A], 50
2026/02/05 03:51:43.184, NVIDIA Thor, 97 %, [N/A], [N/A], 51
2026/02/05 03:51:44.188, NVIDIA Thor, 47 %, [N/A], [N/A], 51
2026/02/05 03:51:45.189, NVIDIA Thor, 1 %, [N/A], [N/A], 50
2026/02/05 03:51:46.191, NVIDIA Thor, 97 %, [N/A], [N/A], 51
2026/02/05 03:51:47.194, NVIDIA Thor, 29 %, [N/A], [N/A], 49
2026/02/05 03:51:48.196, NVIDIA Thor, 1 %, [N/A], [N/A], 50
2026/02/05 03:51:49.197, NVIDIA Thor, 98 %, [N/A], [N/A], 51
2026/02/05 03:51:50.201, NVIDIA Thor, 1 %, [N/A], [N/A], 50
2026/02/05 03:51:51.202, NVIDIA Thor, 98 %, [N/A], [N/A], 51
2026/02/05 03:51:52.204, NVIDIA Thor, 1 %, [N/A], [N/A], 50
2026/02/05 03:51:53.206, NVIDIA Thor, 96 %, [N/A], [N/A], 51
2026/02/05 03:51:54.211, NVIDIA Thor, 44 %, [N/A], [N/A], 51
2026/02/05 03:51:55.212, NVIDIA Thor, 0 %, [N/A], [N/A], 50
2026/02/05 03:51:56.214, NVIDIA Thor, 98 %, [N/A], [N/A], 52
2026/02/05 03:51:57.217, NVIDIA Thor, 2 %, [N/A], [N/A], 50
2026/02/05 03:51:58.219, NVIDIA Thor, 0 %, [N/A], [N/A], 50
2026/02/05 03:51:59.221, NVIDIA Thor, 97 %, [N/A], [N/A], 51
2026/02/05 03:52:00.224, NVIDIA Thor, 97 %, [N/A], [N/A], 51
2026/02/05 03:52:01.228, NVIDIA Thor, 2 %, [N/A], [N/A], 49
2026/02/05 03:52:02.229, NVIDIA Thor, 71 %, [N/A], [N/A], 51
2026/02/05 03:52:03.231, NVIDIA Thor, 93 %, [N/A], [N/A], 51
2026/02/05 03:52:04.234, NVIDIA Thor, 25 %, [N/A], [N/A], 51
2026/02/05 03:52:05.236, NVIDIA Thor, 77 %, [N/A], [N/A], 51
2026/02/05 03:52:06.238, NVIDIA Thor, 11 %, [N/A], [N/A], 51
2026/02/05 03:52:07.241, NVIDIA Thor, 9 %, [N/A], [N/A], 50
2026/02/05 03:52:08.242, NVIDIA Thor, 97 %, [N/A], [N/A], 51
2026/02/05 03:52:09.246, NVIDIA Thor, 1 %, [N/A], [N/A], 50
2026/02/05 03:52:10.247, NVIDIA Thor, 54 %, [N/A], [N/A], 50
2026/02/05 03:52:11.250, NVIDIA Thor, 98 %, [N/A], [N/A], 52
2026/02/05 03:52:12.255, NVIDIA Thor, 0 %, [N/A], [N/A], 50
2026/02/05 03:52:13.257, NVIDIA Thor, 98 %, [N/A], [N/A], 52
2026/02/05 03:52:14.267, NVIDIA Thor, 4 %, [N/A], [N/A], 51
2026/02/05 03:52:15.270, NVIDIA Thor, 23 %, [N/A], [N/A], 50
2026/02/05 03:52:16.271, NVIDIA Thor, 24 %, [N/A], [N/A], 50
2026/02/05 03:52:17.273, NVIDIA Thor, 6 %, [N/A], [N/A], 50
2026/02/05 03:52:18.275, NVIDIA Thor, 3 %, [N/A], [N/A], 50
2026/02/05 03:52:19.277, NVIDIA Thor, 97 %, [N/A], [N/A], 51
2026/02/05 03:52:20.282, NVIDIA Thor, 25 %, [N/A], [N/A], 51
2026/02/05 03:52:21.283, NVIDIA Thor, 3 %, [N/A], [N/A], 50
2026/02/05 03:52:22.286, NVIDIA Thor, 1 %, [N/A], [N/A], 50
2026/02/05 03:52:23.287, NVIDIA Thor, 0 %, [N/A], [N/A], 50
2026/02/05 03:52:24.288, NVIDIA Thor, 0 %, [N/A], [N/A], 50
2026/02/05 03:52:25.290, NVIDIA Thor, 96 %, [N/A], [N/A], 51
2026/02/05 03:52:26.295, NVIDIA Thor, 33 %, [N/A], [N/A], 51
2026/02/05 03:52:27.297, NVIDIA Thor, 0 %, [N/A], [N/A], 50
2026/02/05 03:52:28.298, NVIDIA Thor, 2 %, [N/A], [N/A], 50
2026/02/05 03:52:29.299, NVIDIA Thor, 1 %, [N/A], [N/A], 50
2026/02/05 03:52:30.300, NVIDIA Thor, 13 %, [N/A], [N/A], 50
2026/02/05 03:52:31.318, NVIDIA Thor, 97 %, [N/A], [N/A], 51
2026/02/05 03:52:32.324, NVIDIA Thor, 3 %, [N/A], [N/A], 51
2026/02/05 03:52:33.325, NVIDIA Thor, 0 %, [N/A], [N/A], 50
2026/02/05 03:52:34.326, NVIDIA Thor, 97 %, [N/A], [N/A], 52
2026/02/05 03:52:35.331, NVIDIA Thor, 66 %, [N/A], [N/A], 51
2026/02/05 03:52:36.333, NVIDIA Thor, 3 %, [N/A], [N/A], 50
2026/02/05 03:52:37.334, NVIDIA Thor, 2 %, [N/A], [N/A], 50
2026/02/05 03:52:38.335, NVIDIA Thor, 2 %, [N/A], [N/A], 50
2026/02/05 03:52:39.337, NVIDIA Thor, 0 %, [N/A], [N/A], 50
2026/02/05 03:52:40.338, NVIDIA Thor, 97 %, [N/A], [N/A], 51
2026/02/05 03:52:41.341, NVIDIA Thor, 10 %, [N/A], [N/A], 51
2026/02/05 03:52:42.343, NVIDIA Thor, 0 %, [N/A], [N/A], 50
2026/02/05 03:52:43.345, NVIDIA Thor, 98 %, [N/A], [N/A], 52
2026/02/05 03:52:44.351, NVIDIA Thor, 1 %, [N/A], [N/A], 50
2026/02/05 03:52:45.352, NVIDIA Thor, 28 %, [N/A], [N/A], 50
2026/02/05 03:52:46.353, NVIDIA Thor, 98 %, [N/A], [N/A], 52
2026/02/05 03:52:47.356, NVIDIA Thor, 6 %, [N/A], [N/A], 51
2026/02/05 03:52:48.358, NVIDIA Thor, 11 %, [N/A], [N/A], 50
2026/02/05 03:52:49.359, NVIDIA Thor, 98 %, [N/A], [N/A], 51
2026/02/05 03:52:50.364, NVIDIA Thor, 97 %, [N/A], [N/A], 52
2026/02/05 03:52:51.366, NVIDIA Thor, 12 %, [N/A], [N/A], 51
2026/02/05 03:52:52.369, NVIDIA Thor, 1 %, [N/A], [N/A], 50
2026/02/05 03:52:53.370, NVIDIA Thor, 1 %, [N/A], [N/A], 50
2026/02/05 03:52:54.372, NVIDIA Thor, 97 %, [N/A], [N/A], 51
2026/02/05 03:52:55.375, NVIDIA Thor, 98 %, [N/A], [N/A], 52
2026/02/05 03:52:56.377, NVIDIA Thor, 97 %, [N/A], [N/A], 52
2026/02/05 03:52:57.379, NVIDIA Thor, 98 %, [N/A], [N/A], 52
2026/02/05 03:52:58.391, NVIDIA Thor, 3 %, [N/A], [N/A], 50
2026/02/05 03:52:59.393, NVIDIA Thor, 2 %, [N/A], [N/A], 50
2026/02/05 03:53:00.396, NVIDIA Thor, 1 %, [N/A], [N/A], 50
2026/02/05 03:53:01.397, NVIDIA Thor, 94 %, [N/A], [N/A], 51
2026/02/05 03:53:02.399, NVIDIA Thor, 98 %, [N/A], [N/A], 51
2026/02/05 03:53:03.401, NVIDIA Thor, 5 %, [N/A], [N/A], 51
2026/02/05 03:53:04.403, NVIDIA Thor, 4 %, [N/A], [N/A], 50
2026/02/05 03:53:05.406, NVIDIA Thor, 95 %, [N/A], [N/A], 51
2026/02/05 03:53:06.413, NVIDIA Thor, 98 %, [N/A], [N/A], 52
2026/02/05 03:53:07.418, NVIDIA Thor, 97 %, [N/A], [N/A], 52
2026/02/05 03:53:08.420, NVIDIA Thor, 5 %, [N/A], [N/A], 50
2026/02/05 03:53:09.422, NVIDIA Thor, 98 %, [N/A], [N/A], 51
2026/02/05 03:53:10.426, NVIDIA Thor, 18 %, [N/A], [N/A], 51
2026/02/05 03:53:11.428, NVIDIA Thor, 2 %, [N/A], [N/A], 50
2026/02/05 03:53:12.430, NVIDIA Thor, 95 %, [N/A], [N/A], 51
2026/02/05 03:53:13.433, NVIDIA Thor, 98 %, [N/A], [N/A], 52
2026/02/05 03:53:14.436, NVIDIA Thor, 6 %, [N/A], [N/A], 51
2026/02/05 03:53:15.438, NVIDIA Thor, 9 %, [N/A], [N/A], 50
2026/02/05 03:53:16.439, NVIDIA Thor, 0 %, [N/A], [N/A], 50
2026/02/05 03:53:17.441, NVIDIA Thor, 98 %, [N/A], [N/A], 52
2026/02/05 03:53:18.446, NVIDIA Thor, 11 %, [N/A], [N/A], 51
2026/02/05 03:53:19.448, NVIDIA Thor, 0 %, [N/A], [N/A], 50
2026/02/05 03:53:20.450, NVIDIA Thor, 98 %, [N/A], [N/A], 52
2026/02/05 03:53:21.452, NVIDIA Thor, 1 %, [N/A], [N/A], 51
2026/02/05 03:53:22.454, NVIDIA Thor, 2 %, [N/A], [N/A], 50
2026/02/05 03:53:23.455, NVIDIA Thor, 98 %, [N/A], [N/A], 52
2026/02/05 03:53:24.457, NVIDIA Thor, 1 %, [N/A], [N/A], 50
2026/02/05 03:53:25.459, NVIDIA Thor, 98 %, [N/A], [N/A], 52
2026/02/05 03:53:26.462, NVIDIA Thor, 7 %, [N/A], [N/A], 51
2026/02/05 03:53:27.463, NVIDIA Thor, 10 %, [N/A], [N/A], 50
2026/02/05 03:53:28.465, NVIDIA Thor, 3 %, [N/A], [N/A], 50
2026/02/05 03:53:29.467, NVIDIA Thor, 10 %, [N/A], [N/A], 50
2026/02/05 03:53:30.468, NVIDIA Thor, 97 %, [N/A], [N/A], 52
2026/02/05 03:53:31.474, NVIDIA Thor, 90 %, [N/A], [N/A], 52
2026/02/05 03:53:32.476, NVIDIA Thor, 1 %, [N/A], [N/A], 51
2026/02/05 03:53:33.478, NVIDIA Thor, 0 %, [N/A], [N/A], 50
2026/02/05 03:53:34.479, NVIDIA Thor, 97 %, [N/A], [N/A], 52
2026/02/05 03:53:35.485, NVIDIA Thor, 28 %, [N/A], [N/A], 51
2026/02/05 03:53:36.486, NVIDIA Thor, 2 %, [N/A], [N/A], 50
2026/02/05 03:53:37.489, NVIDIA Thor, 97 %, [N/A], [N/A], 52
2026/02/05 03:53:38.492, NVIDIA Thor, 6 %, [N/A], [N/A], 51
2026/02/05 03:53:39.494, NVIDIA Thor, 96 %, [N/A], [N/A], 52
2026/02/05 03:53:40.500, NVIDIA Thor, 6 %, [N/A], [N/A], 51
2026/02/05 03:53:41.502, NVIDIA Thor, 3 %, [N/A], [N/A], 50
2026/02/05 03:53:42.504, NVIDIA Thor, 98 %, [N/A], [N/A], 52
2026/02/05 03:53:43.506, NVIDIA Thor, 1 %, [N/A], [N/A], 50
2026/02/05 03:53:44.509, NVIDIA Thor, 1 %, [N/A], [N/A], 50
2026/02/05 03:53:45.511, NVIDIA Thor, 97 %, [N/A], [N/A], 51
2026/02/05 03:53:46.516, NVIDIA Thor, 97 %, [N/A], [N/A], 52
2026/02/05 03:53:47.521, NVIDIA Thor, 98 %, [N/A], [N/A], 52
2026/02/05 03:53:48.524, NVIDIA Thor, 10 %, [N/A], [N/A], 51
2026/02/05 03:53:49.526, NVIDIA Thor, 0 %, [N/A], [N/A], 50
2026/02/05 03:53:50.528, NVIDIA Thor, 11 %, [N/A], [N/A], 50
2026/02/05 03:53:51.530, NVIDIA Thor, 0 %, [N/A], [N/A], 50
2026/02/05 03:53:52.532, NVIDIA Thor, 2 %, [N/A], [N/A], 50
2026/02/05 03:53:53.534, NVIDIA Thor, 69 %, [N/A], [N/A], 51
2026/02/05 03:53:54.538, NVIDIA Thor, 88 %, [N/A], [N/A], 51
2026/02/05 03:53:55.542, NVIDIA Thor, 96 %, [N/A], [N/A], 51
2026/02/05 03:53:56.548, NVIDIA Thor, 96 %, [N/A], [N/A], 51
2026/02/05 03:53:57.553, NVIDIA Thor, 98 %, [N/A], [N/A], 52
2026/02/05 03:53:58.560, NVIDIA Thor, 98 %, [N/A], [N/A], 52
2026/02/05 03:53:59.571, NVIDIA Thor, 0 %, [N/A], [N/A], 50
2026/02/05 03:54:00.573, NVIDIA Thor, 97 %, [N/A], [N/A], 52
2026/02/05 03:54:01.575, NVIDIA Thor, 9 %, [N/A], [N/A], 50
2026/02/05 03:54:02.576, NVIDIA Thor, 5 %, [N/A], [N/A], 50
2026/02/05 03:54:03.578, NVIDIA Thor, 48 %, [N/A], [N/A], 50
2026/02/05 03:54:04.584, NVIDIA Thor, 97 %, [N/A], [N/A], 51
2026/02/05 03:54:05.587, NVIDIA Thor, 97 %, [N/A], [N/A], 52
2026/02/05 03:54:06.590, NVIDIA Thor, 97 %, [N/A], [N/A], 52
2026/02/05 03:54:07.597, NVIDIA Thor, 97 %, [N/A], [N/A], 51
2026/02/05 03:54:08.600, NVIDIA Thor, 91 %, [N/A], [N/A], 51
2026/02/05 03:54:09.603, NVIDIA Thor, 1 %, [N/A], [N/A], 50
2026/02/05 03:54:10.606, NVIDIA Thor, 0 %, [N/A], [N/A], 50
2026/02/05 03:54:11.607, NVIDIA Thor, 0 %, [N/A], [N/A], 50
2026/02/05 03:54:12.609, NVIDIA Thor, 19 %, [N/A], [N/A], 51
2026/02/05 03:54:13.610, NVIDIA Thor, 97 %, [N/A], [N/A], 52
2026/02/05 03:54:14.612, NVIDIA Thor, 97 %, [N/A], [N/A], 51
2026/02/05 03:54:15.615, NVIDIA Thor, 11 %, [N/A], [N/A], 50
2026/02/05 03:54:16.616, NVIDIA Thor, 3 %, [N/A], [N/A], 51
2026/02/05 03:54:17.617, NVIDIA Thor, 1 %, [N/A], [N/A], 50
2026/02/05 03:54:18.619, NVIDIA Thor, 97 %, [N/A], [N/A], 51
2026/02/05 03:54:19.625, NVIDIA Thor, 97 %, [N/A], [N/A], 52
2026/02/05 03:54:20.633, NVIDIA Thor, 97 %, [N/A], [N/A], 52
2026/02/05 03:54:21.635, NVIDIA Thor, 16 %, [N/A], [N/A], 51
2026/02/05 03:54:22.637, NVIDIA Thor, 4 %, [N/A], [N/A], 51
2026/02/05 03:54:23.638, NVIDIA Thor, 10 %, [N/A], [N/A], 50
2026/02/05 03:54:24.640, NVIDIA Thor, 90 %, [N/A], [N/A], 51
2026/02/05 03:54:25.642, NVIDIA Thor, 98 %, [N/A], [N/A], 52
2026/02/05 03:54:26.645, NVIDIA Thor, 9 %, [N/A], [N/A], 50
2026/02/05 03:54:27.646, NVIDIA Thor, 86 %, [N/A], [N/A], 51
2026/02/05 03:54:28.648, NVIDIA Thor, 97 %, [N/A], [N/A], 52
2026/02/05 03:54:29.650, NVIDIA Thor, 0 %, [N/A], [N/A], 50
2026/02/05 03:54:30.653, NVIDIA Thor, 2 %, [N/A], [N/A], 50
2026/02/05 03:54:31.657, NVIDIA Thor, 98 %, [N/A], [N/A], 52
2026/02/05 03:54:32.659, NVIDIA Thor, 4 %, [N/A], [N/A], 50
2026/02/05 03:54:33.661, NVIDIA Thor, 0 %, [N/A], [N/A], 50
2026/02/05 03:54:34.663, NVIDIA Thor, 98 %, [N/A], [N/A], 52
2026/02/05 03:54:35.666, NVIDIA Thor, 1 %, [N/A], [N/A], 50
2026/02/05 03:54:36.668, NVIDIA Thor, 86 %, [N/A], [N/A], 51
2026/02/05 03:54:37.672, NVIDIA Thor, 96 %, [N/A], [N/A], 52
2026/02/05 03:54:38.675, NVIDIA Thor, 4 %, [N/A], [N/A], 51
2026/02/05 03:54:39.676, NVIDIA Thor, 3 %, [N/A], [N/A], 50
2026/02/05 03:54:40.678, NVIDIA Thor, 97 %, [N/A], [N/A], 52
2026/02/05 03:54:41.683, NVIDIA Thor, 44 %, [N/A], [N/A], 52
2026/02/05 03:54:42.685, NVIDIA Thor, 2 %, [N/A], [N/A], 51
2026/02/05 03:54:43.686, NVIDIA Thor, 12 %, [N/A], [N/A], 51
2026/02/05 03:54:44.688, NVIDIA Thor, 98 %, [N/A], [N/A], 52
2026/02/05 03:54:45.690, NVIDIA Thor, 5 %, [N/A], [N/A], 50
2026/02/05 03:54:46.692, NVIDIA Thor, 4 %, [N/A], [N/A], 51
2026/02/05 03:54:47.693, NVIDIA Thor, 95 %, [N/A], [N/A], 51
2026/02/05 03:54:48.700, NVIDIA Thor, 98 %, [N/A], [N/A], 52
2026/02/05 03:54:49.704, NVIDIA Thor, 62 %, [N/A], [N/A], 52
2026/02/05 03:54:50.706, NVIDIA Thor, 11 %, [N/A], [N/A], 51
2026/02/05 03:54:51.708, NVIDIA Thor, 0 %, [N/A], [N/A], 50
2026/02/05 03:54:52.709, NVIDIA Thor, 1 %, [N/A], [N/A], 50
2026/02/05 03:54:53.712, NVIDIA Thor, 98 %, [N/A], [N/A], 52
2026/02/05 03:54:54.715, NVIDIA Thor, 11 %, [N/A], [N/A], 51
2026/02/05 03:54:55.718, NVIDIA Thor, 90 %, [N/A], [N/A], 51
2026/02/05 03:54:56.720, NVIDIA Thor, 96 %, [N/A], [N/A], 51
2026/02/05 03:54:57.725, NVIDIA Thor, 97 %, [N/A], [N/A], 51
2026/02/05 03:54:58.732, NVIDIA Thor, 97 %, [N/A], [N/A], 52
2026/02/05 03:54:59.739, NVIDIA Thor, 98 %, [N/A], [N/A], 52
2026/02/05 03:55:00.744, NVIDIA Thor, 0 %, [N/A], [N/A], 50
2026/02/05 03:55:01.745, NVIDIA Thor, 39 %, [N/A], [N/A], 52
2026/02/05 03:55:02.747, NVIDIA Thor, 1 %, [N/A], [N/A], 50
2026/02/05 03:55:03.748, NVIDIA Thor, 98 %, [N/A], [N/A], 52
2026/02/05 03:55:04.751, NVIDIA Thor, 5 %, [N/A], [N/A], 51
2026/02/05 03:55:05.752, NVIDIA Thor, 2 %, [N/A], [N/A], 50
2026/02/05 03:55:06.754, NVIDIA Thor, 98 %, [N/A], [N/A], 52
2026/02/05 03:55:07.757, NVIDIA Thor, 5 %, [N/A], [N/A], 51
2026/02/05 03:55:08.758, NVIDIA Thor, 1 %, [N/A], [N/A], 50
2026/02/05 03:55:09.760, NVIDIA Thor, 85 %, [N/A], [N/A], 51
2026/02/05 03:55:10.763, NVIDIA Thor, 98 %, [N/A], [N/A], 52
2026/02/05 03:55:11.765, NVIDIA Thor, 97 %, [N/A], [N/A], 52
2026/02/05 03:55:12.767, NVIDIA Thor, 12 %, [N/A], [N/A], 51
2026/02/05 03:55:13.769, NVIDIA Thor, 8 %, [N/A], [N/A], 51
2026/02/05 03:55:14.770, NVIDIA Thor, 1 %, [N/A], [N/A], 50
2026/02/05 03:55:15.772, NVIDIA Thor, 0 %, [N/A], [N/A], 50
2026/02/05 03:55:16.774, NVIDIA Thor, 98 %, [N/A], [N/A], 52
2026/02/05 03:55:17.776, NVIDIA Thor, 5 %, [N/A], [N/A], 50
2026/02/05 03:55:18.778, NVIDIA Thor, 0 %, [N/A], [N/A], 50
2026/02/05 03:55:19.780, NVIDIA Thor, 98 %, [N/A], [N/A], 52
2026/02/05 03:55:20.789, NVIDIA Thor, 7 %, [N/A], [N/A], 51
2026/02/05 03:55:21.791, NVIDIA Thor, 96 %, [N/A], [N/A], 51
2026/02/05 03:55:22.795, NVIDIA Thor, 98 %, [N/A], [N/A], 52
2026/02/05 03:55:23.799, NVIDIA Thor, 1 %, [N/A], [N/A], 51
2026/02/05 03:55:24.801, NVIDIA Thor, 83 %, [N/A], [N/A], 51
2026/02/05 03:55:25.803, NVIDIA Thor, 98 %, [N/A], [N/A], 52
2026/02/05 03:55:26.805, NVIDIA Thor, 4 %, [N/A], [N/A], 51
2026/02/05 03:55:27.807, NVIDIA Thor, 2 %, [N/A], [N/A], 50
2026/02/05 03:55:28.809, NVIDIA Thor, 97 %, [N/A], [N/A], 52
2026/02/05 03:55:29.815, NVIDIA Thor, 1 %, [N/A], [N/A], 50
2026/02/05 03:55:30.816, NVIDIA Thor, 6 %, [N/A], [N/A], 51
2026/02/05 03:55:31.818, NVIDIA Thor, 97 %, [N/A], [N/A], 52
2026/02/05 03:55:32.822, NVIDIA Thor, 12 %, [N/A], [N/A], 51
2026/02/05 03:55:33.825, NVIDIA Thor, 97 %, [N/A], [N/A], 52
2026/02/05 03:55:34.834, NVIDIA Thor, 4 %, [N/A], [N/A], 51
2026/02/05 03:55:35.836, NVIDIA Thor, 96 %, [N/A], [N/A], 52
2026/02/05 03:55:36.839, NVIDIA Thor, 10 %, [N/A], [N/A], 51
2026/02/05 03:55:37.840, NVIDIA Thor, 0 %, [N/A], [N/A], 50
2026/02/05 03:55:38.842, NVIDIA Thor, 97 %, [N/A], [N/A], 52
2026/02/05 03:55:39.850, NVIDIA Thor, 5 %, [N/A], [N/A], 51
2026/02/05 03:55:40.852, NVIDIA Thor, 1 %, [N/A], [N/A], 50
2026/02/05 03:55:41.854, NVIDIA Thor, 97 %, [N/A], [N/A], 52
2026/02/05 03:55:42.862, NVIDIA Thor, 67 %, [N/A], [N/A], 52
2026/02/05 03:55:43.863, NVIDIA Thor, 2 %, [N/A], [N/A], 50
2026/02/05 03:55:44.865, NVIDIA Thor, 3 %, [N/A], [N/A], 50
2026/02/05 03:55:45.867, NVIDIA Thor, 98 %, [N/A], [N/A], 52
2026/02/05 03:55:46.871, NVIDIA Thor, 9 %, [N/A], [N/A], 51
2026/02/05 03:55:47.873, NVIDIA Thor, 1 %, [N/A], [N/A], 51
2026/02/05 03:55:48.875, NVIDIA Thor, 97 %, [N/A], [N/A], 52
2026/02/05 03:55:49.878, NVIDIA Thor, 4 %, [N/A], [N/A], 51
2026/02/05 03:55:50.880, NVIDIA Thor, 0 %, [N/A], [N/A], 50
2026/02/05 03:55:51.882, NVIDIA Thor, 98 %, [N/A], [N/A], 52
2026/02/05 03:55:52.886, NVIDIA Thor, 65 %, [N/A], [N/A], 52
2026/02/05 03:55:53.889, NVIDIA Thor, 9 %, [N/A], [N/A], 51
2026/02/05 03:55:54.890, NVIDIA Thor, 3 %, [N/A], [N/A], 50
2026/02/05 03:55:55.895, NVIDIA Thor, 98 %, [N/A], [N/A], 52
2026/02/05 03:55:56.899, NVIDIA Thor, 95 %, [N/A], [N/A], 52
2026/02/05 03:55:57.901, NVIDIA Thor, 1 %, [N/A], [N/A], 51
2026/02/05 03:55:58.903, NVIDIA Thor, 0 %, [N/A], [N/A], 50
2026/02/05 03:55:59.906, NVIDIA Thor, 97 %, [N/A], [N/A], 52
2026/02/05 03:56:00.919, NVIDIA Thor, 1 %, [N/A], [N/A], 50
2026/02/05 03:56:01.920, NVIDIA Thor, 53 %, [N/A], [N/A], 51
2026/02/05 03:56:02.926, NVIDIA Thor, 97 %, [N/A], [N/A], 51
2026/02/05 03:56:03.932, NVIDIA Thor, 98 %, [N/A], [N/A], 52
2026/02/05 03:56:04.938, NVIDIA Thor, 98 %, [N/A], [N/A], 52
2026/02/05 03:56:05.941, NVIDIA Thor, 0 %, [N/A], [N/A], 51
2026/02/05 03:56:06.942, NVIDIA Thor, 96 %, [N/A], [N/A], 51
2026/02/05 03:56:07.947, NVIDIA Thor, 98 %, [N/A], [N/A], 52
2026/02/05 03:56:08.951, NVIDIA Thor, 8 %, [N/A], [N/A], 51
2026/02/05 03:56:09.953, NVIDIA Thor, 98 %, [N/A], [N/A], 52
2026/02/05 03:56:10.955, NVIDIA Thor, 1 %, [N/A], [N/A], 51
2026/02/05 03:56:11.957, NVIDIA Thor, 98 %, [N/A], [N/A], 52
2026/02/05 03:56:12.961, NVIDIA Thor, 98 %, [N/A], [N/A], 52
2026/02/05 03:56:13.963, NVIDIA Thor, 20 %, [N/A], [N/A], 50
2026/02/05 03:56:14.965, NVIDIA Thor, 3 %, [N/A], [N/A], 51
2026/02/05 03:56:15.967, NVIDIA Thor, 0 %, [N/A], [N/A], 50
2026/02/05 03:56:16.968, NVIDIA Thor, 97 %, [N/A], [N/A], 51
2026/02/05 03:56:17.974, NVIDIA Thor, 97 %, [N/A], [N/A], 52
2026/02/05 03:56:18.978, NVIDIA Thor, 39 %, [N/A], [N/A], 52
2026/02/05 03:56:19.980, NVIDIA Thor, 3 %, [N/A], [N/A], 51
2026/02/05 03:56:20.982, NVIDIA Thor, 5 %, [N/A], [N/A], 50
2026/02/05 03:56:21.986, NVIDIA Thor, 2 %, [N/A], [N/A], 50
2026/02/05 03:56:22.988, NVIDIA Thor, 98 %, [N/A], [N/A], 52
2026/02/05 03:56:23.995, NVIDIA Thor, 97 %, [N/A], [N/A], 52
2026/02/05 03:56:24.998, NVIDIA Thor, 1 %, [N/A], [N/A], 51
2026/02/05 03:56:25.999, NVIDIA Thor, 71 %, [N/A], [N/A], 51
2026/02/05 03:56:27.003, NVIDIA Thor, 43 %, [N/A], [N/A], 52
2026/02/05 03:56:28.006, NVIDIA Thor, 0 %, [N/A], [N/A], 50
2026/02/05 03:56:29.008, NVIDIA Thor, 98 %, [N/A], [N/A], 52
2026/02/05 03:56:30.010, NVIDIA Thor, 1 %, [N/A], [N/A], 51
2026/02/05 03:56:31.011, NVIDIA Thor, 98 %, [N/A], [N/A], 52
2026/02/05 03:56:32.015, NVIDIA Thor, 71 %, [N/A], [N/A], 52
2026/02/05 03:56:33.016, NVIDIA Thor, 1 %, [N/A], [N/A], 51
2026/02/05 03:56:34.017, NVIDIA Thor, 2 %, [N/A], [N/A], 50
2026/02/05 03:56:35.019, NVIDIA Thor, 98 %, [N/A], [N/A], 52
2026/02/05 03:56:36.025, NVIDIA Thor, 3 %, [N/A], [N/A], 51
2026/02/05 03:56:37.026, NVIDIA Thor, 5 %, [N/A], [N/A], 50
2026/02/05 03:56:38.027, NVIDIA Thor, 98 %, [N/A], [N/A], 52
2026/02/05 03:56:39.031, NVIDIA Thor, 5 %, [N/A], [N/A], 51
2026/02/05 03:56:40.033, NVIDIA Thor, 97 %, [N/A], [N/A], 52
2026/02/05 03:56:41.036, NVIDIA Thor, 54 %, [N/A], [N/A], 52
2026/02/05 03:56:42.038, NVIDIA Thor, 14 %, [N/A], [N/A], 51
2026/02/05 03:56:43.044, NVIDIA Thor, 0 %, [N/A], [N/A], 50
2026/02/05 03:56:44.045, NVIDIA Thor, 8 %, [N/A], [N/A], 51
2026/02/05 03:56:45.047, NVIDIA Thor, 0 %, [N/A], [N/A], 50
2026/02/05 03:56:46.049, NVIDIA Thor, 98 %, [N/A], [N/A], 52
2026/02/05 03:56:47.054, NVIDIA Thor, 62 %, [N/A], [N/A], 52
2026/02/05 03:56:48.055, NVIDIA Thor, 0 %, [N/A], [N/A], 50
2026/02/05 03:56:49.056, NVIDIA Thor, 98 %, [N/A], [N/A], 52
2026/02/05 03:56:50.058, NVIDIA Thor, 76 %, [N/A], [N/A], 52
2026/02/05 03:56:51.060, NVIDIA Thor, 2 %, [N/A], [N/A], 51
2026/02/05 03:56:52.062, NVIDIA Thor, 4 %, [N/A], [N/A], 50
2026/02/05 03:56:53.063, NVIDIA Thor, 98 %, [N/A], [N/A], 52
2026/02/05 03:56:54.066, NVIDIA Thor, 15 %, [N/A], [N/A], 52
2026/02/05 03:56:55.067, NVIDIA Thor, 1 %, [N/A], [N/A], 51
2026/02/05 03:56:56.069, NVIDIA Thor, 13 %, [N/A], [N/A], 50
2026/02/05 03:56:57.071, NVIDIA Thor, 97 %, [N/A], [N/A], 52
2026/02/05 03:56:58.072, NVIDIA Thor, 16 %, [N/A], [N/A], 51
2026/02/05 03:56:59.074, NVIDIA Thor, 2 %, [N/A], [N/A], 50
2026/02/05 03:57:00.075, NVIDIA Thor, 97 %, [N/A], [N/A], 52
2026/02/05 03:57:01.078, NVIDIA Thor, 4 %, [N/A], [N/A], 51
2026/02/05 03:57:02.085, NVIDIA Thor, 2 %, [N/A], [N/A], 50
2026/02/05 03:57:03.087, NVIDIA Thor, 94 %, [N/A], [N/A], 52
2026/02/05 03:57:04.093, NVIDIA Thor, 98 %, [N/A], [N/A], 52
2026/02/05 03:57:05.095, NVIDIA Thor, 3 %, [N/A], [N/A], 51
2026/02/05 03:57:06.097, NVIDIA Thor, 91 %, [N/A], [N/A], 51
2026/02/05 03:57:07.099, NVIDIA Thor, 1 %, [N/A], [N/A], 50
2026/02/05 03:57:08.101, NVIDIA Thor, 32 %, [N/A], [N/A], 52
2026/02/05 03:57:09.102, NVIDIA Thor, 85 %, [N/A], [N/A], 51
2026/02/05 03:57:10.104, NVIDIA Thor, 97 %, [N/A], [N/A], 52
2026/02/05 03:57:11.106, NVIDIA Thor, 6 %, [N/A], [N/A], 51
2026/02/05 03:57:12.107, NVIDIA Thor, 97 %, [N/A], [N/A], 52
2026/02/05 03:57:13.110, NVIDIA Thor, 98 %, [N/A], [N/A], 52
2026/02/05 03:57:14.115, NVIDIA Thor, 36 %, [N/A], [N/A], 52
2026/02/05 03:57:15.117, NVIDIA Thor, 0 %, [N/A], [N/A], 51
2026/02/05 03:57:16.119, NVIDIA Thor, 98 %, [N/A], [N/A], 52
2026/02/05 03:57:17.122, NVIDIA Thor, 11 %, [N/A], [N/A], 51
2026/02/05 03:57:18.124, NVIDIA Thor, 98 %, [N/A], [N/A], 52
2026/02/05 03:57:19.129, NVIDIA Thor, 4 %, [N/A], [N/A], 51
2026/02/05 03:57:20.131, NVIDIA Thor, 98 %, [N/A], [N/A], 52
2026/02/05 03:57:21.135, NVIDIA Thor, 15 %, [N/A], [N/A], 50
2026/02/05 03:57:22.139, NVIDIA Thor, 10 %, [N/A], [N/A], 50
2026/02/05 03:57:23.141, NVIDIA Thor, 98 %, [N/A], [N/A], 52
2026/02/05 03:57:24.145, NVIDIA Thor, 97 %, [N/A], [N/A], 52
2026/02/05 03:57:25.147, NVIDIA Thor, 2 %, [N/A], [N/A], 51
2026/02/05 03:57:26.148, NVIDIA Thor, 1 %, [N/A], [N/A], 51
2026/02/05 03:57:27.151, NVIDIA Thor, 97 %, [N/A], [N/A], 52
2026/02/05 03:57:28.154, NVIDIA Thor, 1 %, [N/A], [N/A], 51
2026/02/05 03:57:29.155, NVIDIA Thor, 96 %, [N/A], [N/A], 52
2026/02/05 03:57:30.161, NVIDIA Thor, 98 %, [N/A], [N/A], 52
2026/02/05 03:57:31.163, NVIDIA Thor, 8 %, [N/A], [N/A], 51
2026/02/05 03:57:32.165, NVIDIA Thor, 98 %, [N/A], [N/A], 52
2026/02/05 03:57:33.172, NVIDIA Thor, 97 %, [N/A], [N/A], 52
2026/02/05 03:57:34.174, NVIDIA Thor, 6 %, [N/A], [N/A], 51
2026/02/05 03:57:35.176, NVIDIA Thor, 31 %, [N/A], [N/A], 51
2026/02/05 03:57:36.180, NVIDIA Thor, 2 %, [N/A], [N/A], 50
2026/02/05 03:57:37.182, NVIDIA Thor, 98 %, [N/A], [N/A], 52
2026/02/05 03:57:38.183, NVIDIA Thor, 2 %, [N/A], [N/A], 51
2026/02/05 03:57:39.185, NVIDIA Thor, 98 %, [N/A], [N/A], 52
2026/02/05 03:57:40.188, NVIDIA Thor, 4 %, [N/A], [N/A], 51
2026/02/05 03:57:41.189, NVIDIA Thor, 97 %, [N/A], [N/A], 52
2026/02/05 03:57:42.195, NVIDIA Thor, 10 %, [N/A], [N/A], 51
2026/02/05 03:57:43.197, NVIDIA Thor, 97 %, [N/A], [N/A], 52
2026/02/05 03:57:44.200, NVIDIA Thor, 3 %, [N/A], [N/A], 51
2026/02/05 03:57:45.201, NVIDIA Thor, 95 %, [N/A], [N/A], 52
2026/02/05 03:57:46.207, NVIDIA Thor, 8 %, [N/A], [N/A], 51
2026/02/05 03:57:47.208, NVIDIA Thor, 2 %, [N/A], [N/A], 51
2026/02/05 03:57:48.210, NVIDIA Thor, 98 %, [N/A], [N/A], 52
2026/02/05 03:57:49.212, NVIDIA Thor, 9 %, [N/A], [N/A], 51
2026/02/05 03:57:50.214, NVIDIA Thor, 4 %, [N/A], [N/A], 50
2026/02/05 03:57:51.215, NVIDIA Thor, 98 %, [N/A], [N/A], 53
2026/02/05 03:57:52.218, NVIDIA Thor, 3 %, [N/A], [N/A], 51
2026/02/05 03:57:53.219, NVIDIA Thor, 75 %, [N/A], [N/A], 51
2026/02/05 03:57:54.223, NVIDIA Thor, 98 %, [N/A], [N/A], 52
2026/02/05 03:57:55.225, NVIDIA Thor, 11 %, [N/A], [N/A], 51
2026/02/05 03:57:56.226, NVIDIA Thor, 93 %, [N/A], [N/A], 51
2026/02/05 03:57:57.230, NVIDIA Thor, 98 %, [N/A], [N/A], 52
2026/02/05 03:57:58.232, NVIDIA Thor, 2 %, [N/A], [N/A], 51
2026/02/05 03:57:59.233, NVIDIA Thor, 98 %, [N/A], [N/A], 52
2026/02/05 03:58:00.236, NVIDIA Thor, 4 %, [N/A], [N/A], 51
2026/02/05 03:58:01.237, NVIDIA Thor, 0 %, [N/A], [N/A], 51
2026/02/05 03:58:02.238, NVIDIA Thor, 98 %, [N/A], [N/A], 52
2026/02/05 03:58:03.241, NVIDIA Thor, 7 %, [N/A], [N/A], 51
2026/02/05 03:58:04.243, NVIDIA Thor, 0 %, [N/A], [N/A], 50
2026/02/05 03:58:05.244, NVIDIA Thor, 1 %, [N/A], [N/A], 50
2026/02/05 03:58:06.246, NVIDIA Thor, 0 %, [N/A], [N/A], 49
2026/02/05 03:58:07.249, NVIDIA Thor, 0 %, [N/A], [N/A], 49
2026/02/05 03:58:08.254, NVIDIA Thor, 0 %, [N/A], [N/A], 49
2026/02/05 03:58:09.259, NVIDIA Thor, 0 %, [N/A], [N/A], 49
2026/02/05 03:58:10.263, NVIDIA Thor, 0 %, [N/A], [N/A], 49
2026/02/05 03:58:11.268, NVIDIA Thor, 0 %, [N/A], [N/A], 48
2026/02/05 03:58:12.272, NVIDIA Thor, 3 %, [N/A], [N/A], 49
2026/02/05 03:58:13.277, NVIDIA Thor, 98 %, [N/A], [N/A], 51
2026/02/05 03:58:14.280, NVIDIA Thor, 97 %, [N/A], [N/A], 51
2026/02/05 03:58:15.284, NVIDIA Thor, 1 %, [N/A], [N/A], 50
2026/02/05 03:58:16.285, NVIDIA Thor, 3 %, [N/A], [N/A], 50
2026/02/05 03:58:17.287, NVIDIA Thor, 21 %, [N/A], [N/A], 51
2026/02/05 03:58:18.288, NVIDIA Thor, 2 %, [N/A], [N/A], 50
2026/02/05 03:58:19.290, NVIDIA Thor, 6 %, [N/A], [N/A], 50
2026/02/05 03:58:20.291, NVIDIA Thor, 9 %, [N/A], [N/A], 50
2026/02/05 03:58:21.293, NVIDIA Thor, 97 %, [N/A], [N/A], 51
2026/02/05 03:58:22.295, NVIDIA Thor, 98 %, [N/A], [N/A], 51
2026/02/05 03:58:23.299, NVIDIA Thor, 0 %, [N/A], [N/A], 50
2026/02/05 03:58:24.301, NVIDIA Thor, 1 %, [N/A], [N/A], 50
2026/02/05 03:58:25.303, NVIDIA Thor, 5 %, [N/A], [N/A], 50
2026/02/05 03:58:26.304, NVIDIA Thor, 2 %, [N/A], [N/A], 50
2026/02/05 03:58:27.306, NVIDIA Thor, 98 %, [N/A], [N/A], 51
2026/02/05 03:58:28.309, NVIDIA Thor, 22 %, [N/A], [N/A], 51
2026/02/05 03:58:29.310, NVIDIA Thor, 98 %, [N/A], [N/A], 52
2026/02/05 03:58:30.316, NVIDIA Thor, 2 %, [N/A], [N/A], 50
2026/02/05 03:58:31.317, NVIDIA Thor, 0 %, [N/A], [N/A], 50
2026/02/05 03:58:32.320, NVIDIA Thor, 73 %, [N/A], [N/A], 52
2026/02/05 03:58:33.321, NVIDIA Thor, 98 %, [N/A], [N/A], 52
2026/02/05 03:58:34.325, NVIDIA Thor, 94 %, [N/A], [N/A], 51
2026/02/05 03:58:35.329, NVIDIA Thor, 0 %, [N/A], [N/A], 51
2026/02/05 03:58:36.330, NVIDIA Thor, 1 %, [N/A], [N/A], 51
2026/02/05 03:58:37.331, NVIDIA Thor, 98 %, [N/A], [N/A], 52
2026/02/05 03:58:38.333, NVIDIA Thor, 98 %, [N/A], [N/A], 52
2026/02/05 03:58:39.335, NVIDIA Thor, 98 %, [N/A], [N/A], 52
2026/02/05 03:58:40.339, NVIDIA Thor, 97 %, [N/A], [N/A], 52
2026/02/05 03:58:41.345, NVIDIA Thor, 97 %, [N/A], [N/A], 52
2026/02/05 03:58:42.348, NVIDIA Thor, 97 %, [N/A], [N/A], 52
2026/02/05 03:58:43.352, NVIDIA Thor, 98 %, [N/A], [N/A], 52
2026/02/05 03:58:44.357, NVIDIA Thor, 10 %, [N/A], [N/A], 51
2026/02/05 03:58:45.358, NVIDIA Thor, 1 %, [N/A], [N/A], 50
2026/02/05 03:58:46.361, NVIDIA Thor, 96 %, [N/A], [N/A], 52
2026/02/05 03:58:47.364, NVIDIA Thor, 93 %, [N/A], [N/A], 51
2026/02/05 03:58:48.367, NVIDIA Thor, 7 %, [N/A], [N/A], 51
2026/02/05 03:58:49.369, NVIDIA Thor, 3 %, [N/A], [N/A], 50
2026/02/05 03:58:50.370, NVIDIA Thor, 3 %, [N/A], [N/A], 51
2026/02/05 03:58:51.372, NVIDIA Thor, 97 %, [N/A], [N/A], 52
2026/02/05 03:58:52.375, NVIDIA Thor, 98 %, [N/A], [N/A], 52
2026/02/05 03:58:53.380, NVIDIA Thor, 71 %, [N/A], [N/A], 51
2026/02/05 03:58:54.382, NVIDIA Thor, 2 %, [N/A], [N/A], 51
2026/02/05 03:58:55.383, NVIDIA Thor, 0 %, [N/A], [N/A], 50
2026/02/05 03:58:56.385, NVIDIA Thor, 0 %, [N/A], [N/A], 51
2026/02/05 03:58:57.386, NVIDIA Thor, 97 %, [N/A], [N/A], 52
2026/02/05 03:58:58.389, NVIDIA Thor, 98 %, [N/A], [N/A], 52
2026/02/05 03:58:59.395, NVIDIA Thor, 97 %, [N/A], [N/A], 52
2026/02/05 03:59:00.398, NVIDIA Thor, 96 %, [N/A], [N/A], 51
2026/02/05 03:59:01.402, NVIDIA Thor, 97 %, [N/A], [N/A], 52
2026/02/05 03:59:02.410, NVIDIA Thor, 97 %, [N/A], [N/A], 52
2026/02/05 03:59:03.412, NVIDIA Thor, 2 %, [N/A], [N/A], 51
2026/02/05 03:59:04.414, NVIDIA Thor, 98 %, [N/A], [N/A], 52
2026/02/05 03:59:05.418, NVIDIA Thor, 1 %, [N/A], [N/A], 51
2026/02/05 03:59:06.419, NVIDIA Thor, 97 %, [N/A], [N/A], 52
2026/02/05 03:59:07.425, NVIDIA Thor, 1 %, [N/A], [N/A], 50
2026/02/05 03:59:08.426, NVIDIA Thor, 2 %, [N/A], [N/A], 50
2026/02/05 03:59:09.428, NVIDIA Thor, 3 %, [N/A], [N/A], 51
2026/02/05 03:59:10.430, NVIDIA Thor, 98 %, [N/A], [N/A], 52
2026/02/05 03:59:11.433, NVIDIA Thor, 89 %, [N/A], [N/A], 51
2026/02/05 03:59:12.435, NVIDIA Thor, 1 %, [N/A], [N/A], 51
2026/02/05 03:59:13.438, NVIDIA Thor, 5 %, [N/A], [N/A], 51
2026/02/05 03:59:14.439, NVIDIA Thor, 98 %, [N/A], [N/A], 52
2026/02/05 03:59:15.441, NVIDIA Thor, 94 %, [N/A], [N/A], 52
2026/02/05 03:59:16.447, NVIDIA Thor, 1 %, [N/A], [N/A], 51
2026/02/05 03:59:17.449, NVIDIA Thor, 97 %, [N/A], [N/A], 52
2026/02/05 03:59:18.452, NVIDIA Thor, 98 %, [N/A], [N/A], 52
2026/02/05 03:59:19.456, NVIDIA Thor, 0 %, [N/A], [N/A], 51
2026/02/05 03:59:20.458, NVIDIA Thor, 12 %, [N/A], [N/A], 52
2026/02/05 03:59:21.459, NVIDIA Thor, 98 %, [N/A], [N/A], 52
2026/02/05 03:59:22.464, NVIDIA Thor, 3 %, [N/A], [N/A], 51
2026/02/05 03:59:23.468, NVIDIA Thor, 1 %, [N/A], [N/A], 51
2026/02/05 03:59:24.469, NVIDIA Thor, 5 %, [N/A], [N/A], 50
2026/02/05 03:59:25.471, NVIDIA Thor, 7 %, [N/A], [N/A], 51
2026/02/05 03:59:26.473, NVIDIA Thor, 98 %, [N/A], [N/A], 52
2026/02/05 03:59:27.475, NVIDIA Thor, 98 %, [N/A], [N/A], 52
2026/02/05 03:59:28.478, NVIDIA Thor, 89 %, [N/A], [N/A], 52
2026/02/05 03:59:29.480, NVIDIA Thor, 1 %, [N/A], [N/A], 51
2026/02/05 03:59:30.482, NVIDIA Thor, 97 %, [N/A], [N/A], 52
2026/02/05 03:59:31.484, NVIDIA Thor, 98 %, [N/A], [N/A], 52
2026/02/05 03:59:32.486, NVIDIA Thor, 97 %, [N/A], [N/A], 52
2026/02/05 03:59:33.490, NVIDIA Thor, 89 %, [N/A], [N/A], 52
2026/02/05 03:59:34.492, NVIDIA Thor, 45 %, [N/A], [N/A], 52
2026/02/05 03:59:35.499, NVIDIA Thor, 0 %, [N/A], [N/A], 51
2026/02/05 03:59:36.501, NVIDIA Thor, 1 %, [N/A], [N/A], 51
2026/02/05 03:59:37.503, NVIDIA Thor, 2 %, [N/A], [N/A], 51
2026/02/05 03:59:38.505, NVIDIA Thor, 10 %, [N/A], [N/A], 52
2026/02/05 03:59:39.506, NVIDIA Thor, 2 %, [N/A], [N/A], 51
2026/02/05 03:59:40.508, NVIDIA Thor, 9 %, [N/A], [N/A], 52
2026/02/05 03:59:41.509, NVIDIA Thor, 8 %, [N/A], [N/A], 52
2026/02/05 03:59:42.511, NVIDIA Thor, 98 %, [N/A], [N/A], 52
2026/02/05 03:59:43.514, NVIDIA Thor, 98 %, [N/A], [N/A], 53
2026/02/05 03:59:44.518, NVIDIA Thor, 98 %, [N/A], [N/A], 53
2026/02/05 03:59:45.520, NVIDIA Thor, 98 %, [N/A], [N/A], 53
2026/02/05 03:59:46.526, NVIDIA Thor, 98 %, [N/A], [N/A], 53
2026/02/05 03:59:47.530, NVIDIA Thor, 89 %, [N/A], [N/A], 52
2026/02/05 03:59:48.532, NVIDIA Thor, 0 %, [N/A], [N/A], 51
2026/02/05 03:59:49.534, NVIDIA Thor, 2 %, [N/A], [N/A], 51
2026/02/05 03:59:50.535, NVIDIA Thor, 3 %, [N/A], [N/A], 51
2026/02/05 03:59:51.537, NVIDIA Thor, 73 %, [N/A], [N/A], 53
2026/02/05 03:59:52.538, NVIDIA Thor, 98 %, [N/A], [N/A], 53
2026/02/05 03:59:53.540, NVIDIA Thor, 98 %, [N/A], [N/A], 53
2026/02/05 03:59:54.543, NVIDIA Thor, 13 %, [N/A], [N/A], 51
2026/02/05 03:59:55.546, NVIDIA Thor, 2 %, [N/A], [N/A], 51
2026/02/05 03:59:56.547, NVIDIA Thor, 3 %, [N/A], [N/A], 51
2026/02/05 03:59:57.549, NVIDIA Thor, 98 %, [N/A], [N/A], 52
2026/02/05 03:59:58.551, NVIDIA Thor, 97 %, [N/A], [N/A], 52
2026/02/05 03:59:59.557, NVIDIA Thor, 59 %, [N/A], [N/A], 52
2026/02/05 04:00:00.561, NVIDIA Thor, 0 %, [N/A], [N/A], 51
2026/02/05 04:00:01.562, NVIDIA Thor, 3 %, [N/A], [N/A], 51
2026/02/05 04:00:02.564, NVIDIA Thor, 16 %, [N/A], [N/A], 52
2026/02/05 04:00:03.566, NVIDIA Thor, 98 %, [N/A], [N/A], 53
2026/02/05 04:00:04.570, NVIDIA Thor, 98 %, [N/A], [N/A], 53
2026/02/05 04:00:05.576, NVIDIA Thor, 98 %, [N/A], [N/A], 53
2026/02/05 04:00:06.582, NVIDIA Thor, 55 %, [N/A], [N/A], 52
2026/02/05 04:00:07.587, NVIDIA Thor, 0 %, [N/A], [N/A], 51
2026/02/05 04:00:08.589, NVIDIA Thor, 3 %, [N/A], [N/A], 52
2026/02/05 04:00:09.591, NVIDIA Thor, 98 %, [N/A], [N/A], 53
2026/02/05 04:00:10.593, NVIDIA Thor, 97 %, [N/A], [N/A], 53
2026/02/05 04:00:11.600, NVIDIA Thor, 32 %, [N/A], [N/A], 51
2026/02/05 04:00:12.601, NVIDIA Thor, 91 %, [N/A], [N/A], 52
2026/02/05 04:00:13.604, NVIDIA Thor, 0 %, [N/A], [N/A], 51
2026/02/05 04:00:14.605, NVIDIA Thor, 7 %, [N/A], [N/A], 52
2026/02/05 04:00:15.606, NVIDIA Thor, 98 %, [N/A], [N/A], 53
2026/02/05 04:00:16.609, NVIDIA Thor, 98 %, [N/A], [N/A], 53
2026/02/05 04:00:17.614, NVIDIA Thor, 0 %, [N/A], [N/A], 51
2026/02/05 04:00:18.615, NVIDIA Thor, 3 %, [N/A], [N/A], 51
2026/02/05 04:00:19.617, NVIDIA Thor, 51 %, [N/A], [N/A], 53
2026/02/05 04:00:20.618, NVIDIA Thor, 98 %, [N/A], [N/A], 53
2026/02/05 04:00:21.621, NVIDIA Thor, 98 %, [N/A], [N/A], 53
2026/02/05 04:00:22.623, NVIDIA Thor, 97 %, [N/A], [N/A], 53
2026/02/05 04:00:23.626, NVIDIA Thor, 0 %, [N/A], [N/A], 51
2026/02/05 04:00:24.627, NVIDIA Thor, 5 %, [N/A], [N/A], 52
2026/02/05 04:00:25.629, NVIDIA Thor, 97 %, [N/A], [N/A], 53
2026/02/05 04:00:26.631, NVIDIA Thor, 0 %, [N/A], [N/A], 51
2026/02/05 04:00:27.632, NVIDIA Thor, 0 %, [N/A], [N/A], 51
2026/02/05 04:00:28.634, NVIDIA Thor, 2 %, [N/A], [N/A], 51
2026/02/05 04:00:29.635, NVIDIA Thor, 13 %, [N/A], [N/A], 52
2026/02/05 04:00:30.638, NVIDIA Thor, 98 %, [N/A], [N/A], 53
2026/02/05 04:00:31.643, NVIDIA Thor, 95 %, [N/A], [N/A], 52
2026/02/05 04:00:32.646, NVIDIA Thor, 3 %, [N/A], [N/A], 51
2026/02/05 04:00:33.648, NVIDIA Thor, 31 %, [N/A], [N/A], 52
2026/02/05 04:00:34.650, NVIDIA Thor, 98 %, [N/A], [N/A], 53
2026/02/05 04:00:35.654, NVIDIA Thor, 95 %, [N/A], [N/A], 53
2026/02/05 04:00:36.658, NVIDIA Thor, 0 %, [N/A], [N/A], 51
2026/02/05 04:00:37.661, NVIDIA Thor, 3 %, [N/A], [N/A], 52
2026/02/05 04:00:38.662, NVIDIA Thor, 98 %, [N/A], [N/A], 53
2026/02/05 04:00:39.666, NVIDIA Thor, 0 %, [N/A], [N/A], 51
2026/02/05 04:00:40.668, NVIDIA Thor, 1 %, [N/A], [N/A], 52
2026/02/05 04:00:41.670, NVIDIA Thor, 98 %, [N/A], [N/A], 53
2026/02/05 04:00:42.673, NVIDIA Thor, 97 %, [N/A], [N/A], 53
2026/02/05 04:00:43.676, NVIDIA Thor, 0 %, [N/A], [N/A], 51
2026/02/05 04:00:44.677, NVIDIA Thor, 3 %, [N/A], [N/A], 51
2026/02/05 04:00:45.679, NVIDIA Thor, 2 %, [N/A], [N/A], 51
2026/02/05 04:00:46.681, NVIDIA Thor, 98 %, [N/A], [N/A], 53
2026/02/05 04:00:47.685, NVIDIA Thor, 74 %, [N/A], [N/A], 52
2026/02/05 04:00:48.688, NVIDIA Thor, 3 %, [N/A], [N/A], 51
2026/02/05 04:00:49.689, NVIDIA Thor, 11 %, [N/A], [N/A], 52
2026/02/05 04:00:50.691, NVIDIA Thor, 97 %, [N/A], [N/A], 53
2026/02/05 04:00:51.694, NVIDIA Thor, 97 %, [N/A], [N/A], 53
2026/02/05 04:00:52.701, NVIDIA Thor, 84 %, [N/A], [N/A], 52
2026/02/05 04:00:53.703, NVIDIA Thor, 1 %, [N/A], [N/A], 51
2026/02/05 04:00:54.706, NVIDIA Thor, 8 %, [N/A], [N/A], 52
2026/02/05 04:00:55.707, NVIDIA Thor, 98 %, [N/A], [N/A], 53
2026/02/05 04:00:56.711, NVIDIA Thor, 98 %, [N/A], [N/A], 53
2026/02/05 04:00:57.715, NVIDIA Thor, 97 %, [N/A], [N/A], 53
2026/02/05 04:00:58.723, NVIDIA Thor, 0 %, [N/A], [N/A], 51
2026/02/05 04:00:59.725, NVIDIA Thor, 0 %, [N/A], [N/A], 51
2026/02/05 04:01:00.726, NVIDIA Thor, 35 %, [N/A], [N/A], 52
2026/02/05 04:01:01.731, NVIDIA Thor, 0 %, [N/A], [N/A], 51
2026/02/05 04:01:02.732, NVIDIA Thor, 9 %, [N/A], [N/A], 52
2026/02/05 04:01:03.734, NVIDIA Thor, 98 %, [N/A], [N/A], 53
2026/02/05 04:01:04.736, NVIDIA Thor, 98 %, [N/A], [N/A], 53
2026/02/05 04:01:05.739, NVIDIA Thor, 70 %, [N/A], [N/A], 52
2026/02/05 04:01:06.743, NVIDIA Thor, 3 %, [N/A], [N/A], 52
2026/02/05 04:01:07.746, NVIDIA Thor, 4 %, [N/A], [N/A], 52
2026/02/05 04:01:08.747, NVIDIA Thor, 97 %, [N/A], [N/A], 53
2026/02/05 04:01:09.749, NVIDIA Thor, 97 %, [N/A], [N/A], 53
2026/02/05 04:01:10.752, NVIDIA Thor, 68 %, [N/A], [N/A], 52
2026/02/05 04:01:11.754, NVIDIA Thor, 7 %, [N/A], [N/A], 52
2026/02/05 04:01:12.756, NVIDIA Thor, 10 %, [N/A], [N/A], 52
2026/02/05 04:01:13.757, NVIDIA Thor, 97 %, [N/A], [N/A], 53
2026/02/05 04:01:14.763, NVIDIA Thor, 0 %, [N/A], [N/A], 51
2026/02/05 04:01:15.765, NVIDIA Thor, 1 %, [N/A], [N/A], 51
2026/02/05 04:01:16.774, NVIDIA Thor, 93 %, [N/A], [N/A], 52
2026/02/05 04:01:17.778, NVIDIA Thor, 0 %, [N/A], [N/A], 51
2026/02/05 04:01:18.779, NVIDIA Thor, 2 %, [N/A], [N/A], 52
2026/02/05 04:01:19.781, NVIDIA Thor, 97 %, [N/A], [N/A], 53
2026/02/05 04:01:20.783, NVIDIA Thor, 98 %, [N/A], [N/A], 53
2026/02/05 04:01:21.784, NVIDIA Thor, 71 %, [N/A], [N/A], 52
2026/02/05 04:01:22.787, NVIDIA Thor, 3 %, [N/A], [N/A], 52
2026/02/05 04:01:23.788, NVIDIA Thor, 6 %, [N/A], [N/A], 52
2026/02/05 04:01:24.789, NVIDIA Thor, 98 %, [N/A], [N/A], 53
2026/02/05 04:01:25.792, NVIDIA Thor, 98 %, [N/A], [N/A], 53
2026/02/05 04:01:26.795, NVIDIA Thor, 82 %, [N/A], [N/A], 52
2026/02/05 04:01:27.797, NVIDIA Thor, 0 %, [N/A], [N/A], 52
2026/02/05 04:01:28.799, NVIDIA Thor, 1 %, [N/A], [N/A], 52
2026/02/05 04:01:29.800, NVIDIA Thor, 4 %, [N/A], [N/A], 52
2026/02/05 04:01:30.802, NVIDIA Thor, 97 %, [N/A], [N/A], 53
2026/02/05 04:01:31.806, NVIDIA Thor, 0 %, [N/A], [N/A], 51
2026/02/05 04:01:32.807, NVIDIA Thor, 3 %, [N/A], [N/A], 52
2026/02/05 04:01:33.809, NVIDIA Thor, 97 %, [N/A], [N/A], 53
2026/02/05 04:01:34.810, NVIDIA Thor, 98 %, [N/A], [N/A], 53
2026/02/05 04:01:35.815, NVIDIA Thor, 73 %, [N/A], [N/A], 52
2026/02/05 04:01:36.819, NVIDIA Thor, 0 %, [N/A], [N/A], 51
2026/02/05 04:01:37.820, NVIDIA Thor, 97 %, [N/A], [N/A], 53
2026/02/05 04:01:38.822, NVIDIA Thor, 59 %, [N/A], [N/A], 52
2026/02/05 04:01:39.828, NVIDIA Thor, 5 %, [N/A], [N/A], 52
2026/02/05 04:01:40.829, NVIDIA Thor, 97 %, [N/A], [N/A], 53
2026/02/05 04:01:41.835, NVIDIA Thor, 0 %, [N/A], [N/A], 52
2026/02/05 04:01:42.837, NVIDIA Thor, 4 %, [N/A], [N/A], 52
2026/02/05 04:01:43.839, NVIDIA Thor, 98 %, [N/A], [N/A], 53
2026/02/05 04:01:44.842, NVIDIA Thor, 97 %, [N/A], [N/A], 53
2026/02/05 04:01:45.848, NVIDIA Thor, 1 %, [N/A], [N/A], 52
2026/02/05 04:01:46.849, NVIDIA Thor, 2 %, [N/A], [N/A], 52
2026/02/05 04:01:47.851, NVIDIA Thor, 0 %, [N/A], [N/A], 51
2026/02/05 04:01:48.852, NVIDIA Thor, 4 %, [N/A], [N/A], 52
2026/02/05 04:01:49.854, NVIDIA Thor, 75 %, [N/A], [N/A], 53
2026/02/05 04:01:50.862, NVIDIA Thor, 97 %, [N/A], [N/A], 53
2026/02/05 04:01:51.866, NVIDIA Thor, 98 %, [N/A], [N/A], 53
2026/02/05 04:01:52.871, NVIDIA Thor, 96 %, [N/A], [N/A], 53
2026/02/05 04:01:53.875, NVIDIA Thor, 2 %, [N/A], [N/A], 52
2026/02/05 04:01:54.877, NVIDIA Thor, 97 %, [N/A], [N/A], 53
2026/02/05 04:01:55.879, NVIDIA Thor, 96 %, [N/A], [N/A], 53
2026/02/05 04:01:56.882, NVIDIA Thor, 2 %, [N/A], [N/A], 52
2026/02/05 04:01:57.883, NVIDIA Thor, 98 %, [N/A], [N/A], 53
2026/02/05 04:01:58.890, NVIDIA Thor, 3 %, [N/A], [N/A], 52
2026/02/05 04:01:59.891, NVIDIA Thor, 72 %, [N/A], [N/A], 53
2026/02/05 04:02:00.900, NVIDIA Thor, 97 %, [N/A], [N/A], 53
2026/02/05 04:02:01.902, NVIDIA Thor, 1 %, [N/A], [N/A], 52
2026/02/05 04:02:02.905, NVIDIA Thor, 98 %, [N/A], [N/A], 53
2026/02/05 04:02:03.907, NVIDIA Thor, 15 %, [N/A], [N/A], 52
2026/02/05 04:02:04.918, NVIDIA Thor, 97 %, [N/A], [N/A], 53
2026/02/05 04:02:05.920, NVIDIA Thor, 98 %, [N/A], [N/A], 53
2026/02/05 04:02:06.923, NVIDIA Thor, 32 %, [N/A], [N/A], 52
2026/02/05 04:02:07.931, NVIDIA Thor, 1 %, [N/A], [N/A], 52
2026/02/05 04:02:08.932, NVIDIA Thor, 3 %, [N/A], [N/A], 52
2026/02/05 04:02:09.934, NVIDIA Thor, 98 %, [N/A], [N/A], 53
2026/02/05 04:02:10.938, NVIDIA Thor, 95 %, [N/A], [N/A], 53
2026/02/05 04:02:11.943, NVIDIA Thor, 4 %, [N/A], [N/A], 52
2026/02/05 04:02:12.945, NVIDIA Thor, 50 %, [N/A], [N/A], 53
2026/02/05 04:02:13.947, NVIDIA Thor, 98 %, [N/A], [N/A], 53
2026/02/05 04:02:14.953, NVIDIA Thor, 0 %, [N/A], [N/A], 52
2026/02/05 04:02:15.954, NVIDIA Thor, 4 %, [N/A], [N/A], 52
2026/02/05 04:02:16.956, NVIDIA Thor, 97 %, [N/A], [N/A], 53
2026/02/05 04:02:17.958, NVIDIA Thor, 98 %, [N/A], [N/A], 53
2026/02/05 04:02:18.964, NVIDIA Thor, 3 %, [N/A], [N/A], 52
2026/02/05 04:02:19.966, NVIDIA Thor, 1 %, [N/A], [N/A], 51
2026/02/05 04:02:20.967, NVIDIA Thor, 0 %, [N/A], [N/A], 51
2026/02/05 04:02:21.970, NVIDIA Thor, 0 %, [N/A], [N/A], 51
2026/02/05 04:02:22.971, NVIDIA Thor, 4 %, [N/A], [N/A], 52
2026/02/05 04:02:23.973, NVIDIA Thor, 98 %, [N/A], [N/A], 53
2026/02/05 04:02:24.977, NVIDIA Thor, 61 %, [N/A], [N/A], 52
2026/02/05 04:02:25.982, NVIDIA Thor, 2 %, [N/A], [N/A], 52
2026/02/05 04:02:26.984, NVIDIA Thor, 97 %, [N/A], [N/A], 53
2026/02/05 04:02:27.986, NVIDIA Thor, 1 %, [N/A], [N/A], 52
2026/02/05 04:02:28.987, NVIDIA Thor, 25 %, [N/A], [N/A], 53
2026/02/05 04:02:29.989, NVIDIA Thor, 97 %, [N/A], [N/A], 53
2026/02/05 04:02:30.991, NVIDIA Thor, 96 %, [N/A], [N/A], 53
2026/02/05 04:02:31.994, NVIDIA Thor, 0 %, [N/A], [N/A], 52
2026/02/05 04:02:32.995, NVIDIA Thor, 7 %, [N/A], [N/A], 52
2026/02/05 04:02:33.997, NVIDIA Thor, 12 %, [N/A], [N/A], 52
2026/02/05 04:02:34.998, NVIDIA Thor, 97 %, [N/A], [N/A], 53
2026/02/05 04:02:36.000, NVIDIA Thor, 98 %, [N/A], [N/A], 53
2026/02/05 04:02:37.004, NVIDIA Thor, 16 %, [N/A], [N/A], 51
2026/02/05 04:02:38.005, NVIDIA Thor, 97 %, [N/A], [N/A], 53
2026/02/05 04:02:39.008, NVIDIA Thor, 98 %, [N/A], [N/A], 53
2026/02/05 04:02:40.010, NVIDIA Thor, 97 %, [N/A], [N/A], 53
2026/02/05 04:02:41.016, NVIDIA Thor, 0 %, [N/A], [N/A], 52
2026/02/05 04:02:42.017, NVIDIA Thor, 8 %, [N/A], [N/A], 52
2026/02/05 04:02:43.018, NVIDIA Thor, 97 %, [N/A], [N/A], 53
2026/02/05 04:02:44.024, NVIDIA Thor, 1 %, [N/A], [N/A], 52
2026/02/05 04:02:45.026, NVIDIA Thor, 6 %, [N/A], [N/A], 52
2026/02/05 04:02:46.027, NVIDIA Thor, 98 %, [N/A], [N/A], 53
2026/02/05 04:02:47.030, NVIDIA Thor, 98 %, [N/A], [N/A], 53
2026/02/05 04:02:48.032, NVIDIA Thor, 98 %, [N/A], [N/A], 53
2026/02/05 04:02:49.035, NVIDIA Thor, 68 %, [N/A], [N/A], 52
2026/02/05 04:02:50.037, NVIDIA Thor, 2 %, [N/A], [N/A], 52
2026/02/05 04:02:51.038, NVIDIA Thor, 6 %, [N/A], [N/A], 52
2026/02/05 04:02:52.040, NVIDIA Thor, 97 %, [N/A], [N/A], 53
2026/02/05 04:02:53.042, NVIDIA Thor, 5 %, [N/A], [N/A], 51
2026/02/05 04:02:54.044, NVIDIA Thor, 6 %, [N/A], [N/A], 52
2026/02/05 04:02:55.045, NVIDIA Thor, 98 %, [N/A], [N/A], 53
2026/02/05 04:02:56.047, NVIDIA Thor, 98 %, [N/A], [N/A], 53
2026/02/05 04:02:57.053, NVIDIA Thor, 95 %, [N/A], [N/A], 53
2026/02/05 04:02:58.057, NVIDIA Thor, 5 %, [N/A], [N/A], 52
2026/02/05 04:02:59.058, NVIDIA Thor, 97 %, [N/A], [N/A], 53
2026/02/05 04:03:00.062, NVIDIA Thor, 60 %, [N/A], [N/A], 52
2026/02/05 04:03:01.066, NVIDIA Thor, 96 %, [N/A], [N/A], 52
2026/02/05 04:03:02.071, NVIDIA Thor, 98 %, [N/A], [N/A], 53
2026/02/05 04:03:03.074, NVIDIA Thor, 97 %, [N/A], [N/A], 53
2026/02/05 04:03:04.077, NVIDIA Thor, 5 %, [N/A], [N/A], 52
2026/02/05 04:03:05.078, NVIDIA Thor, 98 %, [N/A], [N/A], 53
2026/02/05 04:03:06.081, NVIDIA Thor, 0 %, [N/A], [N/A], 52
2026/02/05 04:03:07.083, NVIDIA Thor, 4 %, [N/A], [N/A], 52
2026/02/05 04:03:08.085, NVIDIA Thor, 81 %, [N/A], [N/A], 53
2026/02/05 04:03:09.087, NVIDIA Thor, 97 %, [N/A], [N/A], 53
2026/02/05 04:03:10.089, NVIDIA Thor, 12 %, [N/A], [N/A], 51
2026/02/05 04:03:11.095, NVIDIA Thor, 98 %, [N/A], [N/A], 53
2026/02/05 04:03:12.098, NVIDIA Thor, 97 %, [N/A], [N/A], 53
2026/02/05 04:03:13.102, NVIDIA Thor, 96 %, [N/A], [N/A], 53
2026/02/05 04:03:14.106, NVIDIA Thor, 0 %, [N/A], [N/A], 52
2026/02/05 04:03:15.109, NVIDIA Thor, 6 %, [N/A], [N/A], 52
2026/02/05 04:03:16.111, NVIDIA Thor, 97 %, [N/A], [N/A], 53
2026/02/05 04:03:17.113, NVIDIA Thor, 59 %, [N/A], [N/A], 52
2026/02/05 04:03:18.116, NVIDIA Thor, 1 %, [N/A], [N/A], 52
2026/02/05 04:03:19.117, NVIDIA Thor, 98 %, [N/A], [N/A], 53
2026/02/05 04:03:20.120, NVIDIA Thor, 95 %, [N/A], [N/A], 53
2026/02/05 04:03:21.123, NVIDIA Thor, 0 %, [N/A], [N/A], 52
2026/02/05 04:03:22.125, NVIDIA Thor, 4 %, [N/A], [N/A], 52
2026/02/05 04:03:23.127, NVIDIA Thor, 98 %, [N/A], [N/A], 53
2026/02/05 04:03:24.129, NVIDIA Thor, 98 %, [N/A], [N/A], 53
2026/02/05 04:03:25.133, NVIDIA Thor, 67 %, [N/A], [N/A], 52
2026/02/05 04:03:26.136, NVIDIA Thor, 2 %, [N/A], [N/A], 51
2026/02/05 04:03:27.137, NVIDIA Thor, 97 %, [N/A], [N/A], 53
2026/02/05 04:03:28.143, NVIDIA Thor, 88 %, [N/A], [N/A], 53
2026/02/05 04:03:29.146, NVIDIA Thor, 4 %, [N/A], [N/A], 52
2026/02/05 04:03:30.147, NVIDIA Thor, 19 %, [N/A], [N/A], 53
2026/02/05 04:03:31.150, NVIDIA Thor, 97 %, [N/A], [N/A], 53
2026/02/05 04:03:32.152, NVIDIA Thor, 97 %, [N/A], [N/A], 53
2026/02/05 04:03:33.158, NVIDIA Thor, 5 %, [N/A], [N/A], 52
2026/02/05 04:03:34.159, NVIDIA Thor, 3 %, [N/A], [N/A], 52
2026/02/05 04:03:35.161, NVIDIA Thor, 98 %, [N/A], [N/A], 53
2026/02/05 04:03:36.163, NVIDIA Thor, 98 %, [N/A], [N/A], 53
2026/02/05 04:03:37.166, NVIDIA Thor, 98 %, [N/A], [N/A], 54
2026/02/05 04:03:38.171, NVIDIA Thor, 98 %, [N/A], [N/A], 53
2026/02/05 04:03:39.177, NVIDIA Thor, 0 %, [N/A], [N/A], 52
2026/02/05 04:03:40.178, NVIDIA Thor, 2 %, [N/A], [N/A], 52
2026/02/05 04:03:41.180, NVIDIA Thor, 98 %, [N/A], [N/A], 54
2026/02/05 04:03:42.182, NVIDIA Thor, 2 %, [N/A], [N/A], 51
2026/02/05 04:03:43.183, NVIDIA Thor, 76 %, [N/A], [N/A], 53
2026/02/05 04:03:44.185, NVIDIA Thor, 98 %, [N/A], [N/A], 53
2026/02/05 04:03:45.188, NVIDIA Thor, 97 %, [N/A], [N/A], 53
2026/02/05 04:03:46.191, NVIDIA Thor, 0 %, [N/A], [N/A], 52
2026/02/05 04:03:47.193, NVIDIA Thor, 3 %, [N/A], [N/A], 52
2026/02/05 04:03:48.195, NVIDIA Thor, 97 %, [N/A], [N/A], 53
2026/02/05 04:03:49.197, NVIDIA Thor, 98 %, [N/A], [N/A], 53
2026/02/05 04:03:50.200, NVIDIA Thor, 21 %, [N/A], [N/A], 52
2026/02/05 04:03:51.205, NVIDIA Thor, 5 %, [N/A], [N/A], 52
2026/02/05 04:03:52.206, NVIDIA Thor, 98 %, [N/A], [N/A], 53
2026/02/05 04:03:53.208, NVIDIA Thor, 59 %, [N/A], [N/A], 52
2026/02/05 04:03:54.211, NVIDIA Thor, 5 %, [N/A], [N/A], 52
2026/02/05 04:03:55.213, NVIDIA Thor, 97 %, [N/A], [N/A], 54
2026/02/05 04:03:56.215, NVIDIA Thor, 79 %, [N/A], [N/A], 53
2026/02/05 04:03:57.218, NVIDIA Thor, 6 %, [N/A], [N/A], 52
2026/02/05 04:03:58.220, NVIDIA Thor, 2 %, [N/A], [N/A], 51
2026/02/05 04:03:59.221, NVIDIA Thor, 8 %, [N/A], [N/A], 51
2026/02/05 04:04:00.223, NVIDIA Thor, 33 %, [N/A], [N/A], 53
2026/02/05 04:04:01.224, NVIDIA Thor, 98 %, [N/A], [N/A], 53
2026/02/05 04:04:02.228, NVIDIA Thor, 0 %, [N/A], [N/A], 52
2026/02/05 04:04:03.229, NVIDIA Thor, 4 %, [N/A], [N/A], 52
2026/02/05 04:04:04.231, NVIDIA Thor, 98 %, [N/A], [N/A], 53
2026/02/05 04:04:05.234, NVIDIA Thor, 98 %, [N/A], [N/A], 54
2026/02/05 04:04:06.238, NVIDIA Thor, 96 %, [N/A], [N/A], 53
2026/02/05 04:04:07.244, NVIDIA Thor, 0 %, [N/A], [N/A], 52
2026/02/05 04:04:08.246, NVIDIA Thor, 4 %, [N/A], [N/A], 52
2026/02/05 04:04:09.247, NVIDIA Thor, 97 %, [N/A], [N/A], 53
2026/02/05 04:04:10.249, NVIDIA Thor, 95 %, [N/A], [N/A], 53
2026/02/05 04:04:11.252, NVIDIA Thor, 1 %, [N/A], [N/A], 52
2026/02/05 04:04:12.254, NVIDIA Thor, 18 %, [N/A], [N/A], 53
2026/02/05 04:04:13.256, NVIDIA Thor, 98 %, [N/A], [N/A], 54
2026/02/05 04:04:14.258, NVIDIA Thor, 14 %, [N/A], [N/A], 52
2026/02/05 04:04:15.269, NVIDIA Thor, 97 %, [N/A], [N/A], 53
2026/02/05 04:04:16.271, NVIDIA Thor, 98 %, [N/A], [N/A], 54
2026/02/05 04:04:17.273, NVIDIA Thor, 98 %, [N/A], [N/A], 53
2026/02/05 04:04:18.277, NVIDIA Thor, 36 %, [N/A], [N/A], 52
2026/02/05 04:04:19.284, NVIDIA Thor, 8 %, [N/A], [N/A], 52
2026/02/05 04:04:20.286, NVIDIA Thor, 36 %, [N/A], [N/A], 53
2026/02/05 04:04:21.288, NVIDIA Thor, 98 %, [N/A], [N/A], 54
2026/02/05 04:04:22.292, NVIDIA Thor, 73 %, [N/A], [N/A], 52
2026/02/05 04:04:23.294, NVIDIA Thor, 8 %, [N/A], [N/A], 52
2026/02/05 04:04:24.297, NVIDIA Thor, 3 %, [N/A], [N/A], 52
2026/02/05 04:04:25.298, NVIDIA Thor, 23 %, [N/A], [N/A], 53
2026/02/05 04:04:26.300, NVIDIA Thor, 97 %, [N/A], [N/A], 53
2026/02/05 04:04:27.302, NVIDIA Thor, 98 %, [N/A], [N/A], 54
2026/02/05 04:04:28.306, NVIDIA Thor, 98 %, [N/A], [N/A], 53
2026/02/05 04:04:29.312, NVIDIA Thor, 98 %, [N/A], [N/A], 53
2026/02/05 04:04:30.317, NVIDIA Thor, 39 %, [N/A], [N/A], 52
2026/02/05 04:04:31.319, NVIDIA Thor, 97 %, [N/A], [N/A], 54
2026/02/05 04:04:32.322, NVIDIA Thor, 98 %, [N/A], [N/A], 53
2026/02/05 04:04:33.325, NVIDIA Thor, 98 %, [N/A], [N/A], 53
2026/02/05 04:04:34.328, NVIDIA Thor, 98 %, [N/A], [N/A], 54
2026/02/05 04:04:35.331, NVIDIA Thor, 98 %, [N/A], [N/A], 54
2026/02/05 04:04:36.333, NVIDIA Thor, 98 %, [N/A], [N/A], 54
2026/02/05 04:04:37.336, NVIDIA Thor, 98 %, [N/A], [N/A], 54
2026/02/05 04:04:38.338, NVIDIA Thor, 98 %, [N/A], [N/A], 54
2026/02/05 04:04:39.341, NVIDIA Thor, 84 %, [N/A], [N/A], 53
2026/02/05 04:04:40.344, NVIDIA Thor, 83 %, [N/A], [N/A], 53
2026/02/05 04:04:41.346, NVIDIA Thor, 95 %, [N/A], [N/A], 53
2026/02/05 04:04:42.351, NVIDIA Thor, 35 %, [N/A], [N/A], 53
2026/02/05 04:04:43.353, NVIDIA Thor, 1 %, [N/A], [N/A], 52
2026/02/05 04:04:44.355, NVIDIA Thor, 1 %, [N/A], [N/A], 52
2026/02/05 04:04:45.356, NVIDIA Thor, 95 %, [N/A], [N/A], 53
2026/02/05 04:04:46.363, NVIDIA Thor, 13 %, [N/A], [N/A], 52
2026/02/05 04:04:47.371, NVIDIA Thor, 97 %, [N/A], [N/A], 53
2026/02/05 04:04:48.377, NVIDIA Thor, 98 %, [N/A], [N/A], 53
2026/02/05 04:04:49.384, NVIDIA Thor, 97 %, [N/A], [N/A], 53
2026/02/05 04:04:50.390, NVIDIA Thor, 92 %, [N/A], [N/A], 53
2026/02/05 04:04:51.396, NVIDIA Thor, 51 %, [N/A], [N/A], 52
2026/02/05 04:04:52.402, NVIDIA Thor, 7 %, [N/A], [N/A], 52
2026/02/05 04:04:53.405, NVIDIA Thor, 98 %, [N/A], [N/A], 53
2026/02/05 04:04:54.407, NVIDIA Thor, 75 %, [N/A], [N/A], 52
2026/02/05 04:04:55.409, NVIDIA Thor, 0 %, [N/A], [N/A], 52
2026/02/05 04:04:56.411, NVIDIA Thor, 8 %, [N/A], [N/A], 52
2026/02/05 04:04:57.413, NVIDIA Thor, 96 %, [N/A], [N/A], 53
2026/02/05 04:04:58.415, NVIDIA Thor, 97 %, [N/A], [N/A], 54
2026/02/05 04:04:59.418, NVIDIA Thor, 98 %, [N/A], [N/A], 53
2026/02/05 04:05:00.422, NVIDIA Thor, 2 %, [N/A], [N/A], 52
2026/02/05 04:05:01.423, NVIDIA Thor, 0 %, [N/A], [N/A], 52
2026/02/05 04:05:02.424, NVIDIA Thor, 0 %, [N/A], [N/A], 51
2026/02/05 04:05:03.427, NVIDIA Thor, 51 %, [N/A], [N/A], 53
2026/02/05 04:05:04.429, NVIDIA Thor, 76 %, [N/A], [N/A], 54
2026/02/05 04:05:05.431, NVIDIA Thor, 98 %, [N/A], [N/A], 53
2026/02/05 04:05:06.434, NVIDIA Thor, 97 %, [N/A], [N/A], 54
2026/02/05 04:05:07.436, NVIDIA Thor, 98 %, [N/A], [N/A], 54
2026/02/05 04:05:08.442, NVIDIA Thor, 97 %, [N/A], [N/A], 53
2026/02/05 04:05:09.445, NVIDIA Thor, 0 %, [N/A], [N/A], 52
2026/02/05 04:05:10.447, NVIDIA Thor, 6 %, [N/A], [N/A], 52
2026/02/05 04:05:11.448, NVIDIA Thor, 32 %, [N/A], [N/A], 53
2026/02/05 04:05:12.450, NVIDIA Thor, 98 %, [N/A], [N/A], 54
2026/02/05 04:05:13.453, NVIDIA Thor, 98 %, [N/A], [N/A], 54
2026/02/05 04:05:14.459, NVIDIA Thor, 98 %, [N/A], [N/A], 54
2026/02/05 04:05:15.461, NVIDIA Thor, 83 %, [N/A], [N/A], 53
2026/02/05 04:05:16.464, NVIDIA Thor, 3 %, [N/A], [N/A], 52
2026/02/05 04:05:17.465, NVIDIA Thor, 47 %, [N/A], [N/A], 53
2026/02/05 04:05:18.467, NVIDIA Thor, 5 %, [N/A], [N/A], 52
2026/02/05 04:05:19.468, NVIDIA Thor, 16 %, [N/A], [N/A], 53
2026/02/05 04:05:20.470, NVIDIA Thor, 98 %, [N/A], [N/A], 54
2026/02/05 04:05:21.472, NVIDIA Thor, 98 %, [N/A], [N/A], 53
2026/02/05 04:05:22.477, NVIDIA Thor, 0 %, [N/A], [N/A], 52
2026/02/05 04:05:23.478, NVIDIA Thor, 4 %, [N/A], [N/A], 53
2026/02/05 04:05:24.480, NVIDIA Thor, 97 %, [N/A], [N/A], 54
2026/02/05 04:05:25.482, NVIDIA Thor, 97 %, [N/A], [N/A], 54
2026/02/05 04:05:26.484, NVIDIA Thor, 97 %, [N/A], [N/A], 54
2026/02/05 04:05:27.486, NVIDIA Thor, 98 %, [N/A], [N/A], 54
2026/02/05 04:05:28.488, NVIDIA Thor, 98 %, [N/A], [N/A], 54
2026/02/05 04:05:29.490, NVIDIA Thor, 98 %, [N/A], [N/A], 54
2026/02/05 04:05:30.496, NVIDIA Thor, 0 %, [N/A], [N/A], 52
2026/02/05 04:05:31.498, NVIDIA Thor, 4 %, [N/A], [N/A], 53
2026/02/05 04:05:32.499, NVIDIA Thor, 97 %, [N/A], [N/A], 54
2026/02/05 04:05:33.502, NVIDIA Thor, 0 %, [N/A], [N/A], 52
2026/02/05 04:05:34.503, NVIDIA Thor, 30 %, [N/A], [N/A], 52
2026/02/05 04:05:35.505, NVIDIA Thor, 98 %, [N/A], [N/A], 54
2026/02/05 04:05:36.508, NVIDIA Thor, 87 %, [N/A], [N/A], 53
2026/02/05 04:05:37.512, NVIDIA Thor, 4 %, [N/A], [N/A], 52
2026/02/05 04:05:38.513, NVIDIA Thor, 98 %, [N/A], [N/A], 53
2026/02/05 04:05:39.516, NVIDIA Thor, 97 %, [N/A], [N/A], 54
2026/02/05 04:05:40.522, NVIDIA Thor, 97 %, [N/A], [N/A], 53
2026/02/05 04:05:41.529, NVIDIA Thor, 0 %, [N/A], [N/A], 52
2026/02/05 04:05:42.530, NVIDIA Thor, 2 %, [N/A], [N/A], 52
2026/02/05 04:05:43.532, NVIDIA Thor, 98 %, [N/A], [N/A], 54
2026/02/05 04:05:44.535, NVIDIA Thor, 2 %, [N/A], [N/A], 53
2026/02/05 04:05:45.537, NVIDIA Thor, 0 %, [N/A], [N/A], 52
2026/02/05 04:05:46.538, NVIDIA Thor, 3 %, [N/A], [N/A], 53
2026/02/05 04:05:47.540, NVIDIA Thor, 97 %, [N/A], [N/A], 54
2026/02/05 04:05:48.542, NVIDIA Thor, 6 %, [N/A], [N/A], 53
2026/02/05 04:05:49.543, NVIDIA Thor, 0 %, [N/A], [N/A], 52
2026/02/05 04:05:50.545, NVIDIA Thor, 97 %, [N/A], [N/A], 53
2026/02/05 04:05:51.548, NVIDIA Thor, 68 %, [N/A], [N/A], 53
2026/02/05 04:05:52.550, NVIDIA Thor, 0 %, [N/A], [N/A], 52
2026/02/05 04:05:53.552, NVIDIA Thor, 7 %, [N/A], [N/A], 53
2026/02/05 04:05:54.553, NVIDIA Thor, 98 %, [N/A], [N/A], 54
2026/02/05 04:05:55.555, NVIDIA Thor, 97 %, [N/A], [N/A], 54
2026/02/05 04:05:56.559, NVIDIA Thor, 97 %, [N/A], [N/A], 54
2026/02/05 04:05:57.565, NVIDIA Thor, 87 %, [N/A], [N/A], 53
2026/02/05 04:05:58.567, NVIDIA Thor, 0 %, [N/A], [N/A], 52
2026/02/05 04:05:59.568, NVIDIA Thor, 3 %, [N/A], [N/A], 52
2026/02/05 04:06:00.570, NVIDIA Thor, 0 %, [N/A], [N/A], 52
2026/02/05 04:06:01.573, NVIDIA Thor, 5 %, [N/A], [N/A], 52
2026/02/05 04:06:02.575, NVIDIA Thor, 0 %, [N/A], [N/A], 52
2026/02/05 04:06:03.577, NVIDIA Thor, 7 %, [N/A], [N/A], 52
2026/02/05 04:06:04.579, NVIDIA Thor, 13 %, [N/A], [N/A], 52
2026/02/05 04:06:05.599, NVIDIA Thor, 98 %, [N/A], [N/A], 54
2026/02/05 04:06:06.601, NVIDIA Thor, 98 %, [N/A], [N/A], 54
2026/02/05 04:06:07.605, NVIDIA Thor, 97 %, [N/A], [N/A], 54
2026/02/05 04:06:08.612, NVIDIA Thor, 97 %, [N/A], [N/A], 53
2026/02/05 04:06:09.616, NVIDIA Thor, 87 %, [N/A], [N/A], 53
2026/02/05 04:06:10.619, NVIDIA Thor, 97 %, [N/A], [N/A], 54
2026/02/05 04:06:11.625, NVIDIA Thor, 92 %, [N/A], [N/A], 53
2026/02/05 04:06:12.631, NVIDIA Thor, 81 %, [N/A], [N/A], 53
2026/02/05 04:06:13.633, NVIDIA Thor, 98 %, [N/A], [N/A], 54
2026/02/05 04:06:14.639, NVIDIA Thor, 97 %, [N/A], [N/A], 54
2026/02/05 04:06:15.647, NVIDIA Thor, 98 %, [N/A], [N/A], 54
2026/02/05 04:06:16.651, NVIDIA Thor, 98 %, [N/A], [N/A], 54
2026/02/05 04:06:17.657, NVIDIA Thor, 98 %, [N/A], [N/A], 55
2026/02/05 04:06:18.660, NVIDIA Thor, 98 %, [N/A], [N/A], 54
2026/02/05 04:06:19.662, NVIDIA Thor, 0 %, [N/A], [N/A], 52
2026/02/05 04:06:20.664, NVIDIA Thor, 0 %, [N/A], [N/A], 51
2026/02/05 04:06:21.665, NVIDIA Thor, 0 %, [N/A], [N/A], 51
2026/02/05 04:06:22.669, NVIDIA Thor, 0 %, [N/A], [N/A], 51
2026/02/05 04:06:23.675, NVIDIA Thor, 0 %, [N/A], [N/A], 50
2026/02/05 04:06:24.680, NVIDIA Thor, 0 %, [N/A], [N/A], 50
2026/02/05 04:06:25.683, NVIDIA Thor, 0 %, [N/A], [N/A], 50
2026/02/05 04:06:26.687, NVIDIA Thor, 0 %, [N/A], [N/A], 50
2026/02/05 04:06:27.690, NVIDIA Thor, 0 %, [N/A], [N/A], 50
2026/02/05 04:06:28.692, NVIDIA Thor, 16 %, [N/A], [N/A], 50
2026/02/05 04:06:29.694, NVIDIA Thor, 0 %, [N/A], [N/A], 51
2026/02/05 04:06:30.696, NVIDIA Thor, 10 %, [N/A], [N/A], 51
2026/02/05 04:06:31.698, NVIDIA Thor, 97 %, [N/A], [N/A], 52
2026/02/05 04:06:32.701, NVIDIA Thor, 1 %, [N/A], [N/A], 51
2026/02/05 04:06:33.703, NVIDIA Thor, 9 %, [N/A], [N/A], 51
2026/02/05 04:06:34.704, NVIDIA Thor, 4 %, [N/A], [N/A], 52
2026/02/05 04:06:35.706, NVIDIA Thor, 77 %, [N/A], [N/A], 53
2026/02/05 04:06:36.707, NVIDIA Thor, 97 %, [N/A], [N/A], 53
2026/02/05 04:06:37.710, NVIDIA Thor, 98 %, [N/A], [N/A], 53
2026/02/05 04:06:38.713, NVIDIA Thor, 1 %, [N/A], [N/A], 51
2026/02/05 04:06:39.714, NVIDIA Thor, 2 %, [N/A], [N/A], 52
2026/02/05 04:06:40.715, NVIDIA Thor, 97 %, [N/A], [N/A], 53
2026/02/05 04:06:41.717, NVIDIA Thor, 97 %, [N/A], [N/A], 53
2026/02/05 04:06:42.720, NVIDIA Thor, 98 %, [N/A], [N/A], 53
2026/02/05 04:06:43.726, NVIDIA Thor, 30 %, [N/A], [N/A], 52
2026/02/05 04:06:44.731, NVIDIA Thor, 9 %, [N/A], [N/A], 52
2026/02/05 04:06:45.733, NVIDIA Thor, 9 %, [N/A], [N/A], 51
2026/02/05 04:06:46.734, NVIDIA Thor, 97 %, [N/A], [N/A], 54
2026/02/05 04:06:47.740, NVIDIA Thor, 98 %, [N/A], [N/A], 53
2026/02/05 04:06:48.742, NVIDIA Thor, 93 %, [N/A], [N/A], 53
2026/02/05 04:06:49.749, NVIDIA Thor, 0 %, [N/A], [N/A], 52
2026/02/05 04:06:50.750, NVIDIA Thor, 8 %, [N/A], [N/A], 52
2026/02/05 04:06:51.752, NVIDIA Thor, 10 %, [N/A], [N/A], 52
2026/02/05 04:06:52.753, NVIDIA Thor, 4 %, [N/A], [N/A], 52
2026/02/05 04:06:53.755, NVIDIA Thor, 98 %, [N/A], [N/A], 53
2026/02/05 04:06:54.757, NVIDIA Thor, 97 %, [N/A], [N/A], 53
2026/02/05 04:06:55.761, NVIDIA Thor, 94 %, [N/A], [N/A], 53
2026/02/05 04:06:56.765, NVIDIA Thor, 1 %, [N/A], [N/A], 52
2026/02/05 04:06:57.767, NVIDIA Thor, 10 %, [N/A], [N/A], 52
2026/02/05 04:06:58.768, NVIDIA Thor, 16 %, [N/A], [N/A], 53
2026/02/05 04:06:59.770, NVIDIA Thor, 98 %, [N/A], [N/A], 53
2026/02/05 04:07:00.774, NVIDIA Thor, 98 %, [N/A], [N/A], 54
2026/02/05 04:07:01.777, NVIDIA Thor, 3 %, [N/A], [N/A], 52
2026/02/05 04:07:02.779, NVIDIA Thor, 75 %, [N/A], [N/A], 53
2026/02/05 04:07:03.780, NVIDIA Thor, 97 %, [N/A], [N/A], 54
2026/02/05 04:07:04.782, NVIDIA Thor, 97 %, [N/A], [N/A], 53
2026/02/05 04:07:05.787, NVIDIA Thor, 1 %, [N/A], [N/A], 52
2026/02/05 04:07:06.790, NVIDIA Thor, 9 %, [N/A], [N/A], 52
2026/02/05 04:07:07.791, NVIDIA Thor, 6 %, [N/A], [N/A], 52
2026/02/05 04:07:08.793, NVIDIA Thor, 3 %, [N/A], [N/A], 52
2026/02/05 04:07:09.795, NVIDIA Thor, 2 %, [N/A], [N/A], 52
2026/02/05 04:07:10.797, NVIDIA Thor, 4 %, [N/A], [N/A], 52
2026/02/05 04:07:11.799, NVIDIA Thor, 15 %, [N/A], [N/A], 53
2026/02/05 04:07:12.801, NVIDIA Thor, 98 %, [N/A], [N/A], 54
2026/02/05 04:07:13.803, NVIDIA Thor, 97 %, [N/A], [N/A], 54
2026/02/05 04:07:14.809, NVIDIA Thor, 97 %, [N/A], [N/A], 53
2026/02/05 04:07:15.812, NVIDIA Thor, 96 %, [N/A], [N/A], 53
2026/02/05 04:07:16.819, NVIDIA Thor, 0 %, [N/A], [N/A], 52
2026/02/05 04:07:17.820, NVIDIA Thor, 15 %, [N/A], [N/A], 52
2026/02/05 04:07:18.823, NVIDIA Thor, 0 %, [N/A], [N/A], 51
2026/02/05 04:07:19.824, NVIDIA Thor, 5 %, [N/A], [N/A], 52
2026/02/05 04:07:20.826, NVIDIA Thor, 97 %, [N/A], [N/A], 53
2026/02/05 04:07:21.828, NVIDIA Thor, 98 %, [N/A], [N/A], 53
2026/02/05 04:07:22.831, NVIDIA Thor, 97 %, [N/A], [N/A], 54
2026/02/05 04:07:23.836, NVIDIA Thor, 3 %, [N/A], [N/A], 52
2026/02/05 04:07:24.839, NVIDIA Thor, 12 %, [N/A], [N/A], 53
2026/02/05 04:07:25.840, NVIDIA Thor, 97 %, [N/A], [N/A], 53
2026/02/05 04:07:26.843, NVIDIA Thor, 98 %, [N/A], [N/A], 54
2026/02/05 04:07:27.846, NVIDIA Thor, 97 %, [N/A], [N/A], 53
2026/02/05 04:07:28.853, NVIDIA Thor, 0 %, [N/A], [N/A], 52
2026/02/05 04:07:29.855, NVIDIA Thor, 2 %, [N/A], [N/A], 52
2026/02/05 04:07:30.856, NVIDIA Thor, 1 %, [N/A], [N/A], 52
2026/02/05 04:07:31.858, NVIDIA Thor, 97 %, [N/A], [N/A], 54
2026/02/05 04:07:32.860, NVIDIA Thor, 97 %, [N/A], [N/A], 54
2026/02/05 04:07:33.866, NVIDIA Thor, 96 %, [N/A], [N/A], 53
2026/02/05 04:07:34.872, NVIDIA Thor, 0 %, [N/A], [N/A], 52
2026/02/05 04:07:35.873, NVIDIA Thor, 3 %, [N/A], [N/A], 52
2026/02/05 04:07:36.874, NVIDIA Thor, 97 %, [N/A], [N/A], 54
2026/02/05 04:07:37.878, NVIDIA Thor, 98 %, [N/A], [N/A], 54
2026/02/05 04:07:38.881, NVIDIA Thor, 98 %, [N/A], [N/A], 54
2026/02/05 04:07:39.883, NVIDIA Thor, 64 %, [N/A], [N/A], 52
2026/02/05 04:07:40.886, NVIDIA Thor, 11 %, [N/A], [N/A], 53
2026/02/05 04:07:41.888, NVIDIA Thor, 98 %, [N/A], [N/A], 54
2026/02/05 04:07:42.892, NVIDIA Thor, 94 %, [N/A], [N/A], 53
2026/02/05 04:07:43.898, NVIDIA Thor, 4 %, [N/A], [N/A], 52
2026/02/05 04:07:44.900, NVIDIA Thor, 98 %, [N/A], [N/A], 54
2026/02/05 04:07:45.903, NVIDIA Thor, 98 %, [N/A], [N/A], 54
2026/02/05 04:07:46.909, NVIDIA Thor, 93 %, [N/A], [N/A], 53
2026/02/05 04:07:47.914, NVIDIA Thor, 96 %, [N/A], [N/A], 53
2026/02/05 04:07:48.920, NVIDIA Thor, 7 %, [N/A], [N/A], 52
2026/02/05 04:07:49.922, NVIDIA Thor, 5 %, [N/A], [N/A], 53
2026/02/05 04:07:50.924, NVIDIA Thor, 5 %, [N/A], [N/A], 53
2026/02/05 04:07:51.925, NVIDIA Thor, 0 %, [N/A], [N/A], 52
2026/02/05 04:07:52.927, NVIDIA Thor, 0 %, [N/A], [N/A], 52
2026/02/05 04:07:53.929, NVIDIA Thor, 2 %, [N/A], [N/A], 52
2026/02/05 04:07:54.931, NVIDIA Thor, 13 %, [N/A], [N/A], 53
2026/02/05 04:07:55.932, NVIDIA Thor, 98 %, [N/A], [N/A], 54
2026/02/05 04:07:56.935, NVIDIA Thor, 2 %, [N/A], [N/A], 52
2026/02/05 04:07:57.937, NVIDIA Thor, 0 %, [N/A], [N/A], 52
2026/02/05 04:07:58.939, NVIDIA Thor, 3 %, [N/A], [N/A], 52
2026/02/05 04:07:59.941, NVIDIA Thor, 17 %, [N/A], [N/A], 53
2026/02/05 04:08:00.943, NVIDIA Thor, 98 %, [N/A], [N/A], 54
2026/02/05 04:08:01.947, NVIDIA Thor, 97 %, [N/A], [N/A], 54
2026/02/05 04:08:02.950, NVIDIA Thor, 0 %, [N/A], [N/A], 52
2026/02/05 04:08:03.951, NVIDIA Thor, 3 %, [N/A], [N/A], 53
2026/02/05 04:08:04.954, NVIDIA Thor, 98 %, [N/A], [N/A], 54
2026/02/05 04:08:05.956, NVIDIA Thor, 98 %, [N/A], [N/A], 54
2026/02/05 04:08:06.958, NVIDIA Thor, 97 %, [N/A], [N/A], 54
2026/02/05 04:08:07.960, NVIDIA Thor, 98 %, [N/A], [N/A], 54
2026/02/05 04:08:08.963, NVIDIA Thor, 2 %, [N/A], [N/A], 52
2026/02/05 04:08:09.966, NVIDIA Thor, 97 %, [N/A], [N/A], 53
2026/02/05 04:08:10.969, NVIDIA Thor, 51 %, [N/A], [N/A], 53
2026/02/05 04:08:11.977, NVIDIA Thor, 97 %, [N/A], [N/A], 53
2026/02/05 04:08:12.979, NVIDIA Thor, 7 %, [N/A], [N/A], 52
2026/02/05 04:08:13.982, NVIDIA Thor, 98 %, [N/A], [N/A], 54
2026/02/05 04:08:14.985, NVIDIA Thor, 2 %, [N/A], [N/A], 52
2026/02/05 04:08:15.987, NVIDIA Thor, 97 %, [N/A], [N/A], 54
2026/02/05 04:08:16.991, NVIDIA Thor, 97 %, [N/A], [N/A], 54
2026/02/05 04:08:17.995, NVIDIA Thor, 40 %, [N/A], [N/A], 53
2026/02/05 04:08:18.996, NVIDIA Thor, 48 %, [N/A], [N/A], 53
2026/02/05 04:08:19.998, NVIDIA Thor, 98 %, [N/A], [N/A], 54
2026/02/05 04:08:21.000, NVIDIA Thor, 19 %, [N/A], [N/A], 53
2026/02/05 04:08:22.002, NVIDIA Thor, 19 %, [N/A], [N/A], 53
2026/02/05 04:08:23.004, NVIDIA Thor, 25 %, [N/A], [N/A], 53
2026/02/05 04:08:24.006, NVIDIA Thor, 2 %, [N/A], [N/A], 53
2026/02/05 04:08:25.007, NVIDIA Thor, 24 %, [N/A], [N/A], 53
2026/02/05 04:08:26.009, NVIDIA Thor, 3 %, [N/A], [N/A], 52
2026/02/05 04:08:27.011, NVIDIA Thor, 0 %, [N/A], [N/A], 52
2026/02/05 04:08:28.013, NVIDIA Thor, 8 %, [N/A], [N/A], 53
2026/02/05 04:08:29.015, NVIDIA Thor, 98 %, [N/A], [N/A], 54
2026/02/05 04:08:30.018, NVIDIA Thor, 90 %, [N/A], [N/A], 53
2026/02/05 04:08:31.020, NVIDIA Thor, 4 %, [N/A], [N/A], 53
2026/02/05 04:08:32.022, NVIDIA Thor, 97 %, [N/A], [N/A], 54
2026/02/05 04:08:33.024, NVIDIA Thor, 93 %, [N/A], [N/A], 53
2026/02/05 04:08:34.030, NVIDIA Thor, 3 %, [N/A], [N/A], 52
2026/02/05 04:08:35.032, NVIDIA Thor, 10 %, [N/A], [N/A], 52
2026/02/05 04:08:36.034, NVIDIA Thor, 0 %, [N/A], [N/A], 52
2026/02/05 04:08:37.035, NVIDIA Thor, 2 %, [N/A], [N/A], 52
2026/02/05 04:08:38.038, NVIDIA Thor, 0 %, [N/A], [N/A], 52
2026/02/05 04:08:39.039, NVIDIA Thor, 64 %, [N/A], [N/A], 53
2026/02/05 04:08:40.042, NVIDIA Thor, 67 %, [N/A], [N/A], 53
2026/02/05 04:08:41.046, NVIDIA Thor, 1 %, [N/A], [N/A], 52
2026/02/05 04:08:42.048, NVIDIA Thor, 8 %, [N/A], [N/A], 53
2026/02/05 04:08:43.049, NVIDIA Thor, 97 %, [N/A], [N/A], 54
2026/02/05 04:08:44.056, NVIDIA Thor, 97 %, [N/A], [N/A], 54
2026/02/05 04:08:45.062, NVIDIA Thor, 98 %, [N/A], [N/A], 54
2026/02/05 04:08:46.066, NVIDIA Thor, 52 %, [N/A], [N/A], 53
2026/02/05 04:08:47.070, NVIDIA Thor, 1 %, [N/A], [N/A], 53
2026/02/05 04:08:48.072, NVIDIA Thor, 9 %, [N/A], [N/A], 53
2026/02/05 04:08:49.074, NVIDIA Thor, 9 %, [N/A], [N/A], 53
2026/02/05 04:08:50.075, NVIDIA Thor, 96 %, [N/A], [N/A], 54
2026/02/05 04:08:51.079, NVIDIA Thor, 97 %, [N/A], [N/A], 54
2026/02/05 04:08:52.083, NVIDIA Thor, 88 %, [N/A], [N/A], 53
2026/02/05 04:08:53.086, NVIDIA Thor, 76 %, [N/A], [N/A], 53
2026/02/05 04:08:54.088, NVIDIA Thor, 0 %, [N/A], [N/A], 52
2026/02/05 04:08:55.090, NVIDIA Thor, 92 %, [N/A], [N/A], 54
2026/02/05 04:08:56.095, NVIDIA Thor, 95 %, [N/A], [N/A], 53
2026/02/05 04:08:57.098, NVIDIA Thor, 0 %, [N/A], [N/A], 52
2026/02/05 04:08:58.101, NVIDIA Thor, 13 %, [N/A], [N/A], 53
2026/02/05 04:08:59.119, NVIDIA Thor, 1 %, [N/A], [N/A], 52
2026/02/05 04:09:00.121, NVIDIA Thor, 9 %, [N/A], [N/A], 52
2026/02/05 04:09:01.123, NVIDIA Thor, 5 %, [N/A], [N/A], 53
2026/02/05 04:09:02.124, NVIDIA Thor, 25 %, [N/A], [N/A], 53
2026/02/05 04:09:03.126, NVIDIA Thor, 98 %, [N/A], [N/A], 54
2026/02/05 04:09:04.128, NVIDIA Thor, 97 %, [N/A], [N/A], 54
2026/02/05 04:09:05.131, NVIDIA Thor, 96 %, [N/A], [N/A], 53
2026/02/05 04:09:06.136, NVIDIA Thor, 95 %, [N/A], [N/A], 54
2026/02/05 04:09:07.139, NVIDIA Thor, 98 %, [N/A], [N/A], 54
2026/02/05 04:09:08.141, NVIDIA Thor, 97 %, [N/A], [N/A], 54
2026/02/05 04:09:09.145, NVIDIA Thor, 97 %, [N/A], [N/A], 54
2026/02/05 04:09:10.152, NVIDIA Thor, 97 %, [N/A], [N/A], 54
2026/02/05 04:09:11.155, NVIDIA Thor, 31 %, [N/A], [N/A], 53
2026/02/05 04:09:12.163, NVIDIA Thor, 1 %, [N/A], [N/A], 53
2026/02/05 04:09:13.165, NVIDIA Thor, 98 %, [N/A], [N/A], 54
2026/02/05 04:09:14.167, NVIDIA Thor, 98 %, [N/A], [N/A], 54
2026/02/05 04:09:15.171, NVIDIA Thor, 14 %, [N/A], [N/A], 52
2026/02/05 04:09:16.180, NVIDIA Thor, 7 %, [N/A], [N/A], 52
2026/02/05 04:09:17.182, NVIDIA Thor, 5 %, [N/A], [N/A], 52
2026/02/05 04:09:18.183, NVIDIA Thor, 7 %, [N/A], [N/A], 53
2026/02/05 04:09:19.186, NVIDIA Thor, 2 %, [N/A], [N/A], 53
2026/02/05 04:09:20.189, NVIDIA Thor, 7 %, [N/A], [N/A], 53
2026/02/05 04:09:21.191, NVIDIA Thor, 6 %, [N/A], [N/A], 53
2026/02/05 04:09:22.193, NVIDIA Thor, 18 %, [N/A], [N/A], 53
2026/02/05 04:09:23.195, NVIDIA Thor, 98 %, [N/A], [N/A], 54
2026/02/05 04:09:24.198, NVIDIA Thor, 27 %, [N/A], [N/A], 54
2026/02/05 04:09:25.201, NVIDIA Thor, 98 %, [N/A], [N/A], 54
2026/02/05 04:09:26.204, NVIDIA Thor, 98 %, [N/A], [N/A], 55
2026/02/05 04:09:27.207, NVIDIA Thor, 98 %, [N/A], [N/A], 54
2026/02/05 04:09:28.211, NVIDIA Thor, 5 %, [N/A], [N/A], 53
2026/02/05 04:09:29.213, NVIDIA Thor, 6 %, [N/A], [N/A], 53
2026/02/05 04:09:30.215, NVIDIA Thor, 98 %, [N/A], [N/A], 54
2026/02/05 04:09:31.218, NVIDIA Thor, 0 %, [N/A], [N/A], 52
2026/02/05 04:09:32.220, NVIDIA Thor, 96 %, [N/A], [N/A], 54
2026/02/05 04:09:33.222, NVIDIA Thor, 50 %, [N/A], [N/A], 53
2026/02/05 04:09:34.227, NVIDIA Thor, 4 %, [N/A], [N/A], 53
2026/02/05 04:09:35.230, NVIDIA Thor, 3 %, [N/A], [N/A], 53
2026/02/05 04:09:36.231, NVIDIA Thor, 98 %, [N/A], [N/A], 54
2026/02/05 04:09:37.235, NVIDIA Thor, 98 %, [N/A], [N/A], 54
2026/02/05 04:09:38.238, NVIDIA Thor, 98 %, [N/A], [N/A], 54
2026/02/05 04:09:39.241, NVIDIA Thor, 14 %, [N/A], [N/A], 54
2026/02/05 04:09:40.243, NVIDIA Thor, 85 %, [N/A], [N/A], 54
2026/02/05 04:09:41.245, NVIDIA Thor, 2 %, [N/A], [N/A], 53
2026/02/05 04:09:42.247, NVIDIA Thor, 98 %, [N/A], [N/A], 54
2026/02/05 04:09:43.249, NVIDIA Thor, 98 %, [N/A], [N/A], 54
2026/02/05 04:09:44.251, NVIDIA Thor, 3 %, [N/A], [N/A], 53
2026/02/05 04:09:45.254, NVIDIA Thor, 8 %, [N/A], [N/A], 53
2026/02/05 04:09:46.255, NVIDIA Thor, 0 %, [N/A], [N/A], 53
2026/02/05 04:09:47.257, NVIDIA Thor, 1 %, [N/A], [N/A], 52
2026/02/05 04:09:48.259, NVIDIA Thor, 32 %, [N/A], [N/A], 52
2026/02/05 04:09:49.262, NVIDIA Thor, 2 %, [N/A], [N/A], 53
2026/02/05 04:09:50.264, NVIDIA Thor, 5 %, [N/A], [N/A], 53
2026/02/05 04:09:51.266, NVIDIA Thor, 8 %, [N/A], [N/A], 53
2026/02/05 04:09:52.267, NVIDIA Thor, 64 %, [N/A], [N/A], 54
2026/02/05 04:09:53.269, NVIDIA Thor, 7 %, [N/A], [N/A], 53
2026/02/05 04:09:54.271, NVIDIA Thor, 2 %, [N/A], [N/A], 53
2026/02/05 04:09:55.274, NVIDIA Thor, 2 %, [N/A], [N/A], 53
2026/02/05 04:09:56.275, NVIDIA Thor, 10 %, [N/A], [N/A], 53
2026/02/05 04:09:57.277, NVIDIA Thor, 0 %, [N/A], [N/A], 53
2026/02/05 04:09:58.279, NVIDIA Thor, 0 %, [N/A], [N/A], 52
2026/02/05 04:09:59.280, NVIDIA Thor, 0 %, [N/A], [N/A], 52
2026/02/05 04:10:00.283, NVIDIA Thor, 98 %, [N/A], [N/A], 54
2026/02/05 04:10:01.285, NVIDIA Thor, 98 %, [N/A], [N/A], 54
2026/02/05 04:10:02.287, NVIDIA Thor, 3 %, [N/A], [N/A], 53
2026/02/05 04:10:03.289, NVIDIA Thor, 2 %, [N/A], [N/A], 53
2026/02/05 04:10:04.291, NVIDIA Thor, 4 %, [N/A], [N/A], 53
2026/02/05 04:10:05.294, NVIDIA Thor, 4 %, [N/A], [N/A], 53
2026/02/05 04:10:06.295, NVIDIA Thor, 3 %, [N/A], [N/A], 53
2026/02/05 04:10:07.298, NVIDIA Thor, 1 %, [N/A], [N/A], 53
2026/02/05 04:10:08.299, NVIDIA Thor, 10 %, [N/A], [N/A], 53
2026/02/05 04:10:09.301, NVIDIA Thor, 81 %, [N/A], [N/A], 53
2026/02/05 04:10:10.303, NVIDIA Thor, 81 %, [N/A], [N/A], 53
2026/02/05 04:10:11.307, NVIDIA Thor, 0 %, [N/A], [N/A], 53
2026/02/05 04:10:12.309, NVIDIA Thor, 96 %, [N/A], [N/A], 54
2026/02/05 04:10:13.315, NVIDIA Thor, 96 %, [N/A], [N/A], 54
2026/02/05 04:10:14.319, NVIDIA Thor, 64 %, [N/A], [N/A], 53
2026/02/05 04:10:15.322, NVIDIA Thor, 34 %, [N/A], [N/A], 52
2026/02/05 04:10:16.324, NVIDIA Thor, 5 %, [N/A], [N/A], 53
2026/02/05 04:10:17.326, NVIDIA Thor, 0 %, [N/A], [N/A], 53
2026/02/05 04:10:18.328, NVIDIA Thor, 97 %, [N/A], [N/A], 54
2026/02/05 04:10:19.332, NVIDIA Thor, 95 %, [N/A], [N/A], 54
2026/02/05 04:10:20.339, NVIDIA Thor, 97 %, [N/A], [N/A], 55
2026/02/05 04:10:21.341, NVIDIA Thor, 98 %, [N/A], [N/A], 54
2026/02/05 04:10:22.344, NVIDIA Thor, 95 %, [N/A], [N/A], 54
2026/02/05 04:10:23.347, NVIDIA Thor, 8 %, [N/A], [N/A], 53
2026/02/05 04:10:24.350, NVIDIA Thor, 0 %, [N/A], [N/A], 53
2026/02/05 04:10:25.352, NVIDIA Thor, 91 %, [N/A], [N/A], 54
2026/02/05 04:10:26.355, NVIDIA Thor, 10 %, [N/A], [N/A], 53
2026/02/05 04:10:27.359, NVIDIA Thor, 96 %, [N/A], [N/A], 54
2026/02/05 04:10:28.364, NVIDIA Thor, 96 %, [N/A], [N/A], 54
2026/02/05 04:10:29.367, NVIDIA Thor, 97 %, [N/A], [N/A], 55
2026/02/05 04:10:30.369, NVIDIA Thor, 98 %, [N/A], [N/A], 54
2026/02/05 04:10:31.373, NVIDIA Thor, 0 %, [N/A], [N/A], 52
2026/02/05 04:10:32.375, NVIDIA Thor, 93 %, [N/A], [N/A], 54
2026/02/05 04:10:33.378, NVIDIA Thor, 98 %, [N/A], [N/A], 54
2026/02/05 04:10:34.381, NVIDIA Thor, 98 %, [N/A], [N/A], 54
2026/02/05 04:10:35.387, NVIDIA Thor, 98 %, [N/A], [N/A], 54
2026/02/05 04:10:36.389, NVIDIA Thor, 97 %, [N/A], [N/A], 54
2026/02/05 04:10:37.394, NVIDIA Thor, 2 %, [N/A], [N/A], 53
2026/02/05 04:10:38.404, NVIDIA Thor, 97 %, [N/A], [N/A], 55
2026/02/05 04:10:39.408, NVIDIA Thor, 98 %, [N/A], [N/A], 54
2026/02/05 04:10:40.411, NVIDIA Thor, 98 %, [N/A], [N/A], 54
2026/02/05 04:10:41.413, NVIDIA Thor, 97 %, [N/A], [N/A], 55
2026/02/05 04:10:42.417, NVIDIA Thor, 97 %, [N/A], [N/A], 54
2026/02/05 04:10:43.421, NVIDIA Thor, 33 %, [N/A], [N/A], 53
2026/02/05 04:10:44.426, NVIDIA Thor, 79 %, [N/A], [N/A], 54
2026/02/05 04:10:45.428, NVIDIA Thor, 92 %, [N/A], [N/A], 54
2026/02/05 04:10:46.433, NVIDIA Thor, 92 %, [N/A], [N/A], 54
2026/02/05 04:10:47.437, NVIDIA Thor, 1 %, [N/A], [N/A], 52
2026/02/05 04:10:48.439, NVIDIA Thor, 13 %, [N/A], [N/A], 54
2026/02/05 04:10:49.440, NVIDIA Thor, 98 %, [N/A], [N/A], 54
2026/02/05 04:10:50.443, NVIDIA Thor, 97 %, [N/A], [N/A], 54
2026/02/05 04:10:51.449, NVIDIA Thor, 97 %, [N/A], [N/A], 54
2026/02/05 04:10:52.451, NVIDIA Thor, 98 %, [N/A], [N/A], 54
2026/02/05 04:10:53.454, NVIDIA Thor, 97 %, [N/A], [N/A], 54
2026/02/05 04:10:54.456, NVIDIA Thor, 98 %, [N/A], [N/A], 54
2026/02/05 04:10:55.458, NVIDIA Thor, 98 %, [N/A], [N/A], 54
2026/02/05 04:10:56.460, NVIDIA Thor, 98 %, [N/A], [N/A], 55
2026/02/05 04:10:57.464, NVIDIA Thor, 96 %, [N/A], [N/A], 54
2026/02/05 04:10:58.467, NVIDIA Thor, 2 %, [N/A], [N/A], 53
2026/02/05 04:10:59.470, NVIDIA Thor, 97 %, [N/A], [N/A], 54
2026/02/05 04:11:00.474, NVIDIA Thor, 0 %, [N/A], [N/A], 52
2026/02/05 04:11:01.477, NVIDIA Thor, 98 %, [N/A], [N/A], 54
2026/02/05 04:11:02.479, NVIDIA Thor, 97 %, [N/A], [N/A], 55
2026/02/05 04:11:03.484, NVIDIA Thor, 98 %, [N/A], [N/A], 55
2026/02/05 04:11:04.488, NVIDIA Thor, 9 %, [N/A], [N/A], 52
2026/02/05 04:11:05.490, NVIDIA Thor, 7 %, [N/A], [N/A], 53
2026/02/05 04:11:06.492, NVIDIA Thor, 2 %, [N/A], [N/A], 53
2026/02/05 04:11:07.494, NVIDIA Thor, 8 %, [N/A], [N/A], 53
2026/02/05 04:11:08.495, NVIDIA Thor, 32 %, [N/A], [N/A], 54
2026/02/05 04:11:09.497, NVIDIA Thor, 9 %, [N/A], [N/A], 53
2026/02/05 04:11:10.498, NVIDIA Thor, 2 %, [N/A], [N/A], 53
2026/02/05 04:11:11.500, NVIDIA Thor, 64 %, [N/A], [N/A], 54
2026/02/05 04:11:12.501, NVIDIA Thor, 2 %, [N/A], [N/A], 53
2026/02/05 04:11:13.503, NVIDIA Thor, 6 %, [N/A], [N/A], 53
2026/02/05 04:11:14.504, NVIDIA Thor, 16 %, [N/A], [N/A], 54
2026/02/05 04:11:15.506, NVIDIA Thor, 10 %, [N/A], [N/A], 53
2026/02/05 04:11:16.507, NVIDIA Thor, 9 %, [N/A], [N/A], 53
2026/02/05 04:11:17.508, NVIDIA Thor, 17 %, [N/A], [N/A], 54
2026/02/05 04:11:18.510, NVIDIA Thor, 6 %, [N/A], [N/A], 53
2026/02/05 04:11:19.511, NVIDIA Thor, 5 %, [N/A], [N/A], 53
2026/02/05 04:11:20.513, NVIDIA Thor, 1 %, [N/A], [N/A], 52
2026/02/05 04:11:21.514, NVIDIA Thor, 98 %, [N/A], [N/A], 54
2026/02/05 04:11:22.517, NVIDIA Thor, 85 %, [N/A], [N/A], 54
2026/02/05 04:11:23.519, NVIDIA Thor, 16 %, [N/A], [N/A], 53
2026/02/05 04:11:24.521, NVIDIA Thor, 2 %, [N/A], [N/A], 53
2026/02/05 04:11:25.522, NVIDIA Thor, 6 %, [N/A], [N/A], 53
2026/02/05 04:11:26.524, NVIDIA Thor, 1 %, [N/A], [N/A], 53
2026/02/05 04:11:27.525, NVIDIA Thor, 17 %, [N/A], [N/A], 54
2026/02/05 04:11:28.526, NVIDIA Thor, 11 %, [N/A], [N/A], 54
2026/02/05 04:11:29.528, NVIDIA Thor, 6 %, [N/A], [N/A], 53
2026/02/05 04:11:30.530, NVIDIA Thor, 3 %, [N/A], [N/A], 53
2026/02/05 04:11:31.532, NVIDIA Thor, 2 %, [N/A], [N/A], 53
2026/02/05 04:11:32.534, NVIDIA Thor, 5 %, [N/A], [N/A], 53
2026/02/05 04:11:33.535, NVIDIA Thor, 0 %, [N/A], [N/A], 53
2026/02/05 04:11:34.537, NVIDIA Thor, 1 %, [N/A], [N/A], 53
2026/02/05 04:11:35.538, NVIDIA Thor, 97 %, [N/A], [N/A], 54
2026/02/05 04:11:36.543, NVIDIA Thor, 0 %, [N/A], [N/A], 52
2026/02/05 04:11:37.544, NVIDIA Thor, 97 %, [N/A], [N/A], 54
2026/02/05 04:11:38.549, NVIDIA Thor, 91 %, [N/A], [N/A], 54
2026/02/05 04:11:39.554, NVIDIA Thor, 2 %, [N/A], [N/A], 53
2026/02/05 04:11:40.556, NVIDIA Thor, 50 %, [N/A], [N/A], 53
2026/02/05 04:11:41.562, NVIDIA Thor, 1 %, [N/A], [N/A], 53
2026/02/05 04:11:42.565, NVIDIA Thor, 4 %, [N/A], [N/A], 53
2026/02/05 04:11:43.566, NVIDIA Thor, 2 %, [N/A], [N/A], 53
2026/02/05 04:11:44.568, NVIDIA Thor, 76 %, [N/A], [N/A], 53
2026/02/05 04:11:45.571, NVIDIA Thor, 4 %, [N/A], [N/A], 53
2026/02/05 04:11:46.572, NVIDIA Thor, 57 %, [N/A], [N/A], 53
2026/02/05 04:11:47.576, NVIDIA Thor, 98 %, [N/A], [N/A], 54
2026/02/05 04:11:48.580, NVIDIA Thor, 58 %, [N/A], [N/A], 53
2026/02/05 04:11:49.582, NVIDIA Thor, 98 %, [N/A], [N/A], 54
2026/02/05 04:11:50.586, NVIDIA Thor, 94 %, [N/A], [N/A], 54
2026/02/05 04:11:51.589, NVIDIA Thor, 98 %, [N/A], [N/A], 54
2026/02/05 04:11:52.591, NVIDIA Thor, 1 %, [N/A], [N/A], 52
2026/02/05 04:11:53.593, NVIDIA Thor, 8 %, [N/A], [N/A], 54
2026/02/05 04:11:54.594, NVIDIA Thor, 7 %, [N/A], [N/A], 53
2026/02/05 04:11:55.597, NVIDIA Thor, 51 %, [N/A], [N/A], 53
2026/02/05 04:11:56.599, NVIDIA Thor, 98 %, [N/A], [N/A], 54
2026/02/05 04:11:57.604, NVIDIA Thor, 0 %, [N/A], [N/A], 53
2026/02/05 04:11:58.606, NVIDIA Thor, 92 %, [N/A], [N/A], 54
2026/02/05 04:11:59.610, NVIDIA Thor, 97 %, [N/A], [N/A], 55
2026/02/05 04:12:00.614, NVIDIA Thor, 98 %, [N/A], [N/A], 54
2026/02/05 04:12:01.616, NVIDIA Thor, 0 %, [N/A], [N/A], 53
2026/02/05 04:12:02.618, NVIDIA Thor, 83 %, [N/A], [N/A], 54
2026/02/05 04:12:03.620, NVIDIA Thor, 97 %, [N/A], [N/A], 55
2026/02/05 04:12:04.622, NVIDIA Thor, 97 %, [N/A], [N/A], 54
2026/02/05 04:12:05.625, NVIDIA Thor, 66 %, [N/A], [N/A], 54
2026/02/05 04:12:06.627, NVIDIA Thor, 97 %, [N/A], [N/A], 55
2026/02/05 04:12:07.632, NVIDIA Thor, 97 %, [N/A], [N/A], 54
2026/02/05 04:12:08.635, NVIDIA Thor, 1 %, [N/A], [N/A], 52
2026/02/05 04:12:09.636, NVIDIA Thor, 98 %, [N/A], [N/A], 54
2026/02/05 04:12:10.641, NVIDIA Thor, 98 %, [N/A], [N/A], 54
2026/02/05 04:12:11.646, NVIDIA Thor, 96 %, [N/A], [N/A], 54
2026/02/05 04:12:12.649, NVIDIA Thor, 97 %, [N/A], [N/A], 54
2026/02/05 04:12:13.651, NVIDIA Thor, 98 %, [N/A], [N/A], 54
2026/02/05 04:12:14.655, NVIDIA Thor, 97 %, [N/A], [N/A], 55
2026/02/05 04:12:15.658, NVIDIA Thor, 98 %, [N/A], [N/A], 55
2026/02/05 04:12:16.660, NVIDIA Thor, 8 %, [N/A], [N/A], 54
2026/02/05 04:12:17.661, NVIDIA Thor, 98 %, [N/A], [N/A], 54
2026/02/05 04:12:18.663, NVIDIA Thor, 98 %, [N/A], [N/A], 54
2026/02/05 04:12:19.665, NVIDIA Thor, 98 %, [N/A], [N/A], 55
2026/02/05 04:12:20.668, NVIDIA Thor, 62 %, [N/A], [N/A], 54
2026/02/05 04:12:21.669, NVIDIA Thor, 97 %, [N/A], [N/A], 55
2026/02/05 04:12:22.671, NVIDIA Thor, 14 %, [N/A], [N/A], 54
2026/02/05 04:12:23.673, NVIDIA Thor, 98 %, [N/A], [N/A], 55
2026/02/05 04:12:24.675, NVIDIA Thor, 2 %, [N/A], [N/A], 53
2026/02/05 04:12:25.677, NVIDIA Thor, 67 %, [N/A], [N/A], 54
2026/02/05 04:12:26.679, NVIDIA Thor, 97 %, [N/A], [N/A], 55
2026/02/05 04:12:27.682, NVIDIA Thor, 98 %, [N/A], [N/A], 55
2026/02/05 04:12:28.684, NVIDIA Thor, 7 %, [N/A], [N/A], 54
2026/02/05 04:12:29.686, NVIDIA Thor, 2 %, [N/A], [N/A], 53
2026/02/05 04:12:30.687, NVIDIA Thor, 96 %, [N/A], [N/A], 55
2026/02/05 04:12:31.690, NVIDIA Thor, 42 %, [N/A], [N/A], 54
2026/02/05 04:12:32.691, NVIDIA Thor, 97 %, [N/A], [N/A], 55
2026/02/05 04:12:33.693, NVIDIA Thor, 97 %, [N/A], [N/A], 55
2026/02/05 04:12:34.695, NVIDIA Thor, 36 %, [N/A], [N/A], 54
2026/02/05 04:12:35.697, NVIDIA Thor, 4 %, [N/A], [N/A], 54
2026/02/05 04:12:36.698, NVIDIA Thor, 6 %, [N/A], [N/A], 54
2026/02/05 04:12:37.700, NVIDIA Thor, 98 %, [N/A], [N/A], 55
2026/02/05 04:12:38.702, NVIDIA Thor, 37 %, [N/A], [N/A], 54
2026/02/05 04:12:39.704, NVIDIA Thor, 19 %, [N/A], [N/A], 54
2026/02/05 04:12:40.705, NVIDIA Thor, 0 %, [N/A], [N/A], 52
2026/02/05 04:12:41.707, NVIDIA Thor, 0 %, [N/A], [N/A], 53
2026/02/05 04:12:42.709, NVIDIA Thor, 2 %, [N/A], [N/A], 53
2026/02/05 04:12:43.711, NVIDIA Thor, 31 %, [N/A], [N/A], 54
2026/02/05 04:12:44.712, NVIDIA Thor, 98 %, [N/A], [N/A], 55
2026/02/05 04:12:45.714, NVIDIA Thor, 98 %, [N/A], [N/A], 55
2026/02/05 04:12:46.717, NVIDIA Thor, 42 %, [N/A], [N/A], 54
2026/02/05 04:12:47.718, NVIDIA Thor, 18 %, [N/A], [N/A], 54
2026/02/05 04:12:48.720, NVIDIA Thor, 33 %, [N/A], [N/A], 54
2026/02/05 04:12:49.721, NVIDIA Thor, 97 %, [N/A], [N/A], 55
2026/02/05 04:12:50.725, NVIDIA Thor, 98 %, [N/A], [N/A], 55
2026/02/05 04:12:51.727, NVIDIA Thor, 98 %, [N/A], [N/A], 55
2026/02/05 04:12:52.730, NVIDIA Thor, 35 %, [N/A], [N/A], 54
2026/02/05 04:12:53.733, NVIDIA Thor, 9 %, [N/A], [N/A], 54
2026/02/05 04:12:54.735, NVIDIA Thor, 4 %, [N/A], [N/A], 54
2026/02/05 04:12:55.737, NVIDIA Thor, 19 %, [N/A], [N/A], 54
2026/02/05 04:12:56.739, NVIDIA Thor, 0 %, [N/A], [N/A], 53
2026/02/05 04:12:57.740, NVIDIA Thor, 15 %, [N/A], [N/A], 52
2026/02/05 04:12:58.742, NVIDIA Thor, 98 %, [N/A], [N/A], 55
2026/02/05 04:12:59.743, NVIDIA Thor, 98 %, [N/A], [N/A], 55
2026/02/05 04:13:00.748, NVIDIA Thor, 97 %, [N/A], [N/A], 55
2026/02/05 04:13:01.750, NVIDIA Thor, 98 %, [N/A], [N/A], 54
2026/02/05 04:13:02.753, NVIDIA Thor, 0 %, [N/A], [N/A], 53
2026/02/05 04:13:03.755, NVIDIA Thor, 8 %, [N/A], [N/A], 53
2026/02/05 04:13:04.757, NVIDIA Thor, 98 %, [N/A], [N/A], 55
2026/02/05 04:13:05.759, NVIDIA Thor, 97 %, [N/A], [N/A], 55
2026/02/05 04:13:06.762, NVIDIA Thor, 22 %, [N/A], [N/A], 52
2026/02/05 04:13:07.764, NVIDIA Thor, 97 %, [N/A], [N/A], 55
2026/02/05 04:13:08.769, NVIDIA Thor, 44 %, [N/A], [N/A], 54
2026/02/05 04:13:09.770, NVIDIA Thor, 5 %, [N/A], [N/A], 53
2026/02/05 04:13:10.771, NVIDIA Thor, 3 %, [N/A], [N/A], 53
2026/02/05 04:13:11.773, NVIDIA Thor, 98 %, [N/A], [N/A], 55
2026/02/05 04:13:12.775, NVIDIA Thor, 97 %, [N/A], [N/A], 55
2026/02/05 04:13:13.778, NVIDIA Thor, 98 %, [N/A], [N/A], 55
2026/02/05 04:13:14.780, NVIDIA Thor, 98 %, [N/A], [N/A], 55
2026/02/05 04:13:15.782, NVIDIA Thor, 98 %, [N/A], [N/A], 55
2026/02/05 04:13:16.784, NVIDIA Thor, 96 %, [N/A], [N/A], 54
2026/02/05 04:13:17.789, NVIDIA Thor, 61 %, [N/A], [N/A], 54
2026/02/05 04:13:18.791, NVIDIA Thor, 2 %, [N/A], [N/A], 53
2026/02/05 04:13:19.793, NVIDIA Thor, 8 %, [N/A], [N/A], 53
2026/02/05 04:13:20.794, NVIDIA Thor, 2 %, [N/A], [N/A], 53
2026/02/05 04:13:21.796, NVIDIA Thor, 98 %, [N/A], [N/A], 55
2026/02/05 04:13:22.798, NVIDIA Thor, 98 %, [N/A], [N/A], 55
2026/02/05 04:13:23.801, NVIDIA Thor, 97 %, [N/A], [N/A], 55
2026/02/05 04:13:24.805, NVIDIA Thor, 0 %, [N/A], [N/A], 53
2026/02/05 04:13:25.806, NVIDIA Thor, 4 %, [N/A], [N/A], 53
2026/02/05 04:13:26.809, NVIDIA Thor, 98 %, [N/A], [N/A], 55
2026/02/05 04:13:27.811, NVIDIA Thor, 49 %, [N/A], [N/A], 54
2026/02/05 04:13:28.813, NVIDIA Thor, 3 %, [N/A], [N/A], 53
2026/02/05 04:13:29.814, NVIDIA Thor, 12 %, [N/A], [N/A], 53
2026/02/05 04:13:30.830, NVIDIA Thor, 18 %, [N/A], [N/A], 53
2026/02/05 04:13:31.831, NVIDIA Thor, 98 %, [N/A], [N/A], 54
2026/02/05 04:13:32.835, NVIDIA Thor, 92 %, [N/A], [N/A], 54
2026/02/05 04:13:33.841, NVIDIA Thor, 75 %, [N/A], [N/A], 54
2026/02/05 04:13:34.842, NVIDIA Thor, 97 %, [N/A], [N/A], 54
2026/02/05 04:13:35.846, NVIDIA Thor, 42 %, [N/A], [N/A], 53
2026/02/05 04:13:36.850, NVIDIA Thor, 98 %, [N/A], [N/A], 55
2026/02/05 04:13:37.855, NVIDIA Thor, 98 %, [N/A], [N/A], 54
2026/02/05 04:13:38.861, NVIDIA Thor, 73 %, [N/A], [N/A], 54
2026/02/05 04:13:39.863, NVIDIA Thor, 97 %, [N/A], [N/A], 55
2026/02/05 04:13:40.868, NVIDIA Thor, 97 %, [N/A], [N/A], 55
2026/02/05 04:13:41.875, NVIDIA Thor, 97 %, [N/A], [N/A], 55
2026/02/05 04:13:42.880, NVIDIA Thor, 98 %, [N/A], [N/A], 55
2026/02/05 04:13:43.882, NVIDIA Thor, 97 %, [N/A], [N/A], 55
2026/02/05 04:13:44.885, NVIDIA Thor, 98 %, [N/A], [N/A], 55
2026/02/05 04:13:45.887, NVIDIA Thor, 0 %, [N/A], [N/A], 53
2026/02/05 04:13:46.900, NVIDIA Thor, 95 %, [N/A], [N/A], 54
2026/02/05 04:13:47.902, NVIDIA Thor, 95 %, [N/A], [N/A], 55
2026/02/05 04:13:48.907, NVIDIA Thor, 97 %, [N/A], [N/A], 55
2026/02/05 04:13:49.911, NVIDIA Thor, 98 %, [N/A], [N/A], 55
2026/02/05 04:13:50.915, NVIDIA Thor, 98 %, [N/A], [N/A], 55
2026/02/05 04:13:51.919, NVIDIA Thor, 98 %, [N/A], [N/A], 55
2026/02/05 04:13:52.921, NVIDIA Thor, 98 %, [N/A], [N/A], 54
2026/02/05 04:13:53.923, NVIDIA Thor, 98 %, [N/A], [N/A], 55
2026/02/05 04:13:54.926, NVIDIA Thor, 98 %, [N/A], [N/A], 54
2026/02/05 04:13:55.930, NVIDIA Thor, 92 %, [N/A], [N/A], 55
2026/02/05 04:13:56.931, NVIDIA Thor, 6 %, [N/A], [N/A], 54
2026/02/05 04:13:57.933, NVIDIA Thor, 97 %, [N/A], [N/A], 55
2026/02/05 04:13:58.935, NVIDIA Thor, 98 %, [N/A], [N/A], 55
2026/02/05 04:13:59.937, NVIDIA Thor, 7 %, [N/A], [N/A], 54
2026/02/05 04:14:00.939, NVIDIA Thor, 8 %, [N/A], [N/A], 54
2026/02/05 04:14:01.941, NVIDIA Thor, 0 %, [N/A], [N/A], 52
2026/02/05 04:14:02.942, NVIDIA Thor, 97 %, [N/A], [N/A], 55
2026/02/05 04:14:03.946, NVIDIA Thor, 98 %, [N/A], [N/A], 55
2026/02/05 04:14:04.948, NVIDIA Thor, 8 %, [N/A], [N/A], 54
2026/02/05 04:14:05.950, NVIDIA Thor, 3 %, [N/A], [N/A], 54
2026/02/05 04:14:06.951, NVIDIA Thor, 12 %, [N/A], [N/A], 54
2026/02/05 04:14:07.953, NVIDIA Thor, 4 %, [N/A], [N/A], 54
2026/02/05 04:14:08.954, NVIDIA Thor, 3 %, [N/A], [N/A], 54
2026/02/05 04:14:09.956, NVIDIA Thor, 7 %, [N/A], [N/A], 53
2026/02/05 04:14:10.957, NVIDIA Thor, 22 %, [N/A], [N/A], 54
2026/02/05 04:14:11.959, NVIDIA Thor, 33 %, [N/A], [N/A], 54
2026/02/05 04:14:12.961, NVIDIA Thor, 5 %, [N/A], [N/A], 53
2026/02/05 04:14:13.962, NVIDIA Thor, 81 %, [N/A], [N/A], 54
2026/02/05 04:14:14.965, NVIDIA Thor, 98 %, [N/A], [N/A], 55
2026/02/05 04:14:15.968, NVIDIA Thor, 18 %, [N/A], [N/A], 54
2026/02/05 04:14:16.970, NVIDIA Thor, 12 %, [N/A], [N/A], 53
2026/02/05 04:14:17.972, NVIDIA Thor, 0 %, [N/A], [N/A], 52
2026/02/05 04:14:18.974, NVIDIA Thor, 0 %, [N/A], [N/A], 52
2026/02/05 04:14:19.976, NVIDIA Thor, 1 %, [N/A], [N/A], 51
2026/02/05 04:14:20.980, NVIDIA Thor, 3 %, [N/A], [N/A], 51
2026/02/05 04:14:21.984, NVIDIA Thor, 0 %, [N/A], [N/A], 51
2026/02/05 04:14:22.987, NVIDIA Thor, 0 %, [N/A], [N/A], 51
2026/02/05 04:14:23.990, NVIDIA Thor, 0 %, [N/A], [N/A], 51
2026/02/05 04:14:24.995, NVIDIA Thor, 0 %, [N/A], [N/A], 50
2026/02/05 04:14:25.998, NVIDIA Thor, 0 %, [N/A], [N/A], 51
2026/02/05 04:14:26.999, NVIDIA Thor, 0 %, [N/A], [N/A], 51
2026/02/05 04:14:28.000, NVIDIA Thor, 31 %, [N/A], [N/A], 52
2026/02/05 04:14:29.002, NVIDIA Thor, 98 %, [N/A], [N/A], 53
2026/02/05 04:14:30.007, NVIDIA Thor, 4 %, [N/A], [N/A], 52
2026/02/05 04:14:31.009, NVIDIA Thor, 2 %, [N/A], [N/A], 52
2026/02/05 04:14:32.010, NVIDIA Thor, 2 %, [N/A], [N/A], 52
2026/02/05 04:14:33.012, NVIDIA Thor, 69 %, [N/A], [N/A], 53
2026/02/05 04:14:34.013, NVIDIA Thor, 5 %, [N/A], [N/A], 53
2026/02/05 04:14:35.015, NVIDIA Thor, 1 %, [N/A], [N/A], 52
2026/02/05 04:14:36.016, NVIDIA Thor, 6 %, [N/A], [N/A], 53
2026/02/05 04:14:37.018, NVIDIA Thor, 3 %, [N/A], [N/A], 52
2026/02/05 04:14:38.019, NVIDIA Thor, 3 %, [N/A], [N/A], 53
2026/02/05 04:14:39.021, NVIDIA Thor, 3 %, [N/A], [N/A], 53
2026/02/05 04:14:40.023, NVIDIA Thor, 7 %, [N/A], [N/A], 53
2026/02/05 04:14:41.024, NVIDIA Thor, 3 %, [N/A], [N/A], 53
2026/02/05 04:14:42.026, NVIDIA Thor, 1 %, [N/A], [N/A], 53
2026/02/05 04:14:43.027, NVIDIA Thor, 7 %, [N/A], [N/A], 53
2026/02/05 04:14:44.030, NVIDIA Thor, 98 %, [N/A], [N/A], 54
2026/02/05 04:14:45.031, NVIDIA Thor, 4 %, [N/A], [N/A], 53
2026/02/05 04:14:46.033, NVIDIA Thor, 7 %, [N/A], [N/A], 53
2026/02/05 04:14:47.035, NVIDIA Thor, 6 %, [N/A], [N/A], 53
2026/02/05 04:14:48.037, NVIDIA Thor, 5 %, [N/A], [N/A], 53
2026/02/05 04:14:49.039, NVIDIA Thor, 0 %, [N/A], [N/A], 53
2026/02/05 04:14:50.040, NVIDIA Thor, 6 %, [N/A], [N/A], 53
2026/02/05 04:14:51.042, NVIDIA Thor, 98 %, [N/A], [N/A], 54
2026/02/05 04:14:52.045, NVIDIA Thor, 98 %, [N/A], [N/A], 55
2026/02/05 04:14:53.048, NVIDIA Thor, 69 %, [N/A], [N/A], 53
2026/02/05 04:14:54.050, NVIDIA Thor, 2 %, [N/A], [N/A], 52
2026/02/05 04:14:55.051, NVIDIA Thor, 90 %, [N/A], [N/A], 53
2026/02/05 04:14:56.053, NVIDIA Thor, 0 %, [N/A], [N/A], 53
2026/02/05 04:14:57.055, NVIDIA Thor, 9 %, [N/A], [N/A], 53
2026/02/05 04:14:58.056, NVIDIA Thor, 98 %, [N/A], [N/A], 54
2026/02/05 04:14:59.058, NVIDIA Thor, 97 %, [N/A], [N/A], 54
2026/02/05 04:15:00.062, NVIDIA Thor, 23 %, [N/A], [N/A], 54
2026/02/05 04:15:01.063, NVIDIA Thor, 97 %, [N/A], [N/A], 54
2026/02/05 04:15:02.066, NVIDIA Thor, 0 %, [N/A], [N/A], 53
2026/02/05 04:15:03.068, NVIDIA Thor, 3 %, [N/A], [N/A], 53
2026/02/05 04:15:04.070, NVIDIA Thor, 97 %, [N/A], [N/A], 54
2026/02/05 04:15:05.072, NVIDIA Thor, 98 %, [N/A], [N/A], 54
2026/02/05 04:15:06.075, NVIDIA Thor, 79 %, [N/A], [N/A], 53
2026/02/05 04:15:07.079, NVIDIA Thor, 94 %, [N/A], [N/A], 54
2026/02/05 04:15:08.082, NVIDIA Thor, 97 %, [N/A], [N/A], 54
2026/02/05 04:15:09.085, NVIDIA Thor, 0 %, [N/A], [N/A], 53
2026/02/05 04:15:10.087, NVIDIA Thor, 2 %, [N/A], [N/A], 53
2026/02/05 04:15:11.088, NVIDIA Thor, 11 %, [N/A], [N/A], 54
2026/02/05 04:15:12.089, NVIDIA Thor, 98 %, [N/A], [N/A], 54
2026/02/05 04:15:13.091, NVIDIA Thor, 97 %, [N/A], [N/A], 54
2026/02/05 04:15:14.095, NVIDIA Thor, 1 %, [N/A], [N/A], 53
2026/02/05 04:15:15.096, NVIDIA Thor, 4 %, [N/A], [N/A], 53
2026/02/05 04:15:16.098, NVIDIA Thor, 1 %, [N/A], [N/A], 53
2026/02/05 04:15:17.099, NVIDIA Thor, 2 %, [N/A], [N/A], 53
2026/02/05 04:15:18.101, NVIDIA Thor, 9 %, [N/A], [N/A], 54
2026/02/05 04:15:19.102, NVIDIA Thor, 97 %, [N/A], [N/A], 54
2026/02/05 04:15:20.105, NVIDIA Thor, 0 %, [N/A], [N/A], 53
2026/02/05 04:15:21.106, NVIDIA Thor, 2 %, [N/A], [N/A], 53
2026/02/05 04:15:22.108, NVIDIA Thor, 1 %, [N/A], [N/A], 53
2026/02/05 04:15:23.111, NVIDIA Thor, 0 %, [N/A], [N/A], 52
2026/02/05 04:15:24.115, NVIDIA Thor, 7 %, [N/A], [N/A], 53
2026/02/05 04:15:25.117, NVIDIA Thor, 3 %, [N/A], [N/A], 53
2026/02/05 04:15:26.119, NVIDIA Thor, 98 %, [N/A], [N/A], 54
2026/02/05 04:15:27.121, NVIDIA Thor, 44 %, [N/A], [N/A], 53
2026/02/05 04:15:28.125, NVIDIA Thor, 3 %, [N/A], [N/A], 53
2026/02/05 04:15:29.127, NVIDIA Thor, 98 %, [N/A], [N/A], 54
2026/02/05 04:15:30.134, NVIDIA Thor, 1 %, [N/A], [N/A], 53
2026/02/05 04:15:31.136, NVIDIA Thor, 0 %, [N/A], [N/A], 53
2026/02/05 04:15:32.137, NVIDIA Thor, 94 %, [N/A], [N/A], 54
2026/02/05 04:15:33.139, NVIDIA Thor, 95 %, [N/A], [N/A], 54
2026/02/05 04:15:34.144, NVIDIA Thor, 1 %, [N/A], [N/A], 53
2026/02/05 04:15:35.146, NVIDIA Thor, 1 %, [N/A], [N/A], 53
2026/02/05 04:15:36.148, NVIDIA Thor, 2 %, [N/A], [N/A], 53
2026/02/05 04:15:37.150, NVIDIA Thor, 1 %, [N/A], [N/A], 53
2026/02/05 04:15:38.151, NVIDIA Thor, 8 %, [N/A], [N/A], 53
2026/02/05 04:15:39.152, NVIDIA Thor, 2 %, [N/A], [N/A], 53
2026/02/05 04:15:40.154, NVIDIA Thor, 97 %, [N/A], [N/A], 54
2026/02/05 04:15:41.156, NVIDIA Thor, 97 %, [N/A], [N/A], 54
2026/02/05 04:15:42.160, NVIDIA Thor, 5 %, [N/A], [N/A], 53
2026/02/05 04:15:43.161, NVIDIA Thor, 47 %, [N/A], [N/A], 54
2026/02/05 04:15:44.163, NVIDIA Thor, 97 %, [N/A], [N/A], 54
2026/02/05 04:15:45.170, NVIDIA Thor, 2 %, [N/A], [N/A], 53
2026/02/05 04:15:46.171, NVIDIA Thor, 0 %, [N/A], [N/A], 53
2026/02/05 04:15:47.174, NVIDIA Thor, 98 %, [N/A], [N/A], 55
2026/02/05 04:15:48.178, NVIDIA Thor, 1 %, [N/A], [N/A], 53
2026/02/05 04:15:49.179, NVIDIA Thor, 2 %, [N/A], [N/A], 53
2026/02/05 04:15:50.181, NVIDIA Thor, 98 %, [N/A], [N/A], 55
2026/02/05 04:15:51.188, NVIDIA Thor, 1 %, [N/A], [N/A], 52
2026/02/05 04:15:52.190, NVIDIA Thor, 0 %, [N/A], [N/A], 52
2026/02/05 04:15:53.191, NVIDIA Thor, 97 %, [N/A], [N/A], 54
2026/02/05 04:15:54.197, NVIDIA Thor, 97 %, [N/A], [N/A], 54
2026/02/05 04:15:55.200, NVIDIA Thor, 0 %, [N/A], [N/A], 52
2026/02/05 04:15:56.201, NVIDIA Thor, 98 %, [N/A], [N/A], 54
2026/02/05 04:15:57.203, NVIDIA Thor, 98 %, [N/A], [N/A], 55
2026/02/05 04:15:58.208, NVIDIA Thor, 98 %, [N/A], [N/A], 55
2026/02/05 04:15:59.212, NVIDIA Thor, 97 %, [N/A], [N/A], 54
2026/02/05 04:16:00.216, NVIDIA Thor, 94 %, [N/A], [N/A], 54
2026/02/05 04:16:01.220, NVIDIA Thor, 93 %, [N/A], [N/A], 54
2026/02/05 04:16:02.223, NVIDIA Thor, 90 %, [N/A], [N/A], 54
2026/02/05 04:16:03.226, NVIDIA Thor, 94 %, [N/A], [N/A], 54
2026/02/05 04:16:04.228, NVIDIA Thor, 88 %, [N/A], [N/A], 54
2026/02/05 04:16:05.230, NVIDIA Thor, 8 %, [N/A], [N/A], 53
2026/02/05 04:16:06.231, NVIDIA Thor, 98 %, [N/A], [N/A], 55
2026/02/05 04:16:07.235, NVIDIA Thor, 95 %, [N/A], [N/A], 54
2026/02/05 04:16:08.238, NVIDIA Thor, 93 %, [N/A], [N/A], 54
2026/02/05 04:16:09.243, NVIDIA Thor, 93 %, [N/A], [N/A], 54
2026/02/05 04:16:10.255, NVIDIA Thor, 6 %, [N/A], [N/A], 53
2026/02/05 04:16:11.257, NVIDIA Thor, 98 %, [N/A], [N/A], 54
2026/02/05 04:16:12.260, NVIDIA Thor, 98 %, [N/A], [N/A], 55
2026/02/05 04:16:13.263, NVIDIA Thor, 4 %, [N/A], [N/A], 54
2026/02/05 04:16:14.264, NVIDIA Thor, 98 %, [N/A], [N/A], 55
2026/02/05 04:16:15.266, NVIDIA Thor, 98 %, [N/A], [N/A], 55
2026/02/05 04:16:16.269, NVIDIA Thor, 98 %, [N/A], [N/A], 55
2026/02/05 04:16:17.272, NVIDIA Thor, 7 %, [N/A], [N/A], 53
2026/02/05 04:16:18.273, NVIDIA Thor, 16 %, [N/A], [N/A], 54
2026/02/05 04:16:19.274, NVIDIA Thor, 97 %, [N/A], [N/A], 55
2026/02/05 04:16:20.276, NVIDIA Thor, 2 %, [N/A], [N/A], 52
2026/02/05 04:16:21.278, NVIDIA Thor, 11 %, [N/A], [N/A], 53
2026/02/05 04:16:22.279, NVIDIA Thor, 9 %, [N/A], [N/A], 54
2026/02/05 04:16:23.280, NVIDIA Thor, 3 %, [N/A], [N/A], 53
2026/02/05 04:16:24.282, NVIDIA Thor, 5 %, [N/A], [N/A], 53
2026/02/05 04:16:25.283, NVIDIA Thor, 5 %, [N/A], [N/A], 53
2026/02/05 04:16:26.286, NVIDIA Thor, 7 %, [N/A], [N/A], 53
2026/02/05 04:16:27.287, NVIDIA Thor, 2 %, [N/A], [N/A], 53
2026/02/05 04:16:28.289, NVIDIA Thor, 7 %, [N/A], [N/A], 53
2026/02/05 04:16:29.291, NVIDIA Thor, 98 %, [N/A], [N/A], 55
2026/02/05 04:16:30.293, NVIDIA Thor, 7 %, [N/A], [N/A], 53
2026/02/05 04:16:31.295, NVIDIA Thor, 54 %, [N/A], [N/A], 53
2026/02/05 04:16:32.297, NVIDIA Thor, 98 %, [N/A], [N/A], 54
2026/02/05 04:16:33.302, NVIDIA Thor, 98 %, [N/A], [N/A], 54
2026/02/05 04:16:34.304, NVIDIA Thor, 49 %, [N/A], [N/A], 54
2026/02/05 04:16:35.306, NVIDIA Thor, 3 %, [N/A], [N/A], 53
2026/02/05 04:16:36.307, NVIDIA Thor, 62 %, [N/A], [N/A], 53
2026/02/05 04:16:37.309, NVIDIA Thor, 97 %, [N/A], [N/A], 54
2026/02/05 04:16:38.312, NVIDIA Thor, 36 %, [N/A], [N/A], 54
2026/02/05 04:16:39.314, NVIDIA Thor, 4 %, [N/A], [N/A], 53
2026/02/05 04:16:40.316, NVIDIA Thor, 98 %, [N/A], [N/A], 54
2026/02/05 04:16:41.319, NVIDIA Thor, 1 %, [N/A], [N/A], 53
2026/02/05 04:16:42.321, NVIDIA Thor, 6 %, [N/A], [N/A], 53
2026/02/05 04:16:43.323, NVIDIA Thor, 90 %, [N/A], [N/A], 53
2026/02/05 04:16:44.327, NVIDIA Thor, 97 %, [N/A], [N/A], 54
2026/02/05 04:16:45.329, NVIDIA Thor, 7 %, [N/A], [N/A], 53
2026/02/05 04:16:46.331, NVIDIA Thor, 1 %, [N/A], [N/A], 53
2026/02/05 04:16:47.332, NVIDIA Thor, 65 %, [N/A], [N/A], 53
2026/02/05 04:16:48.337, NVIDIA Thor, 98 %, [N/A], [N/A], 54
2026/02/05 04:16:49.343, NVIDIA Thor, 70 %, [N/A], [N/A], 54
2026/02/05 04:16:50.345, NVIDIA Thor, 2 %, [N/A], [N/A], 53
2026/02/05 04:16:51.347, NVIDIA Thor, 2 %, [N/A], [N/A], 53
2026/02/05 04:16:52.348, NVIDIA Thor, 2 %, [N/A], [N/A], 52
2026/02/05 04:16:53.350, NVIDIA Thor, 4 %, [N/A], [N/A], 53
2026/02/05 04:16:54.351, NVIDIA Thor, 98 %, [N/A], [N/A], 54
2026/02/05 04:16:55.356, NVIDIA Thor, 1 %, [N/A], [N/A], 53
2026/02/05 04:16:56.357, NVIDIA Thor, 1 %, [N/A], [N/A], 53
2026/02/05 04:16:57.359, NVIDIA Thor, 8 %, [N/A], [N/A], 53
2026/02/05 04:16:58.360, NVIDIA Thor, 1 %, [N/A], [N/A], 52
2026/02/05 04:16:59.362, NVIDIA Thor, 1 %, [N/A], [N/A], 53
2026/02/05 04:17:00.363, NVIDIA Thor, 0 %, [N/A], [N/A], 52
2026/02/05 04:17:01.365, NVIDIA Thor, 97 %, [N/A], [N/A], 54
2026/02/05 04:17:02.367, NVIDIA Thor, 98 %, [N/A], [N/A], 54
2026/02/05 04:17:03.369, NVIDIA Thor, 83 %, [N/A], [N/A], 54
2026/02/05 04:17:04.371, NVIDIA Thor, 7 %, [N/A], [N/A], 53
2026/02/05 04:17:05.372, NVIDIA Thor, 3 %, [N/A], [N/A], 53
2026/02/05 04:17:06.374, NVIDIA Thor, 1 %, [N/A], [N/A], 52
2026/02/05 04:17:07.376, NVIDIA Thor, 98 %, [N/A], [N/A], 54
2026/02/05 04:17:08.380, NVIDIA Thor, 98 %, [N/A], [N/A], 54
2026/02/05 04:17:09.382, NVIDIA Thor, 0 %, [N/A], [N/A], 53
2026/02/05 04:17:10.384, NVIDIA Thor, 5 %, [N/A], [N/A], 52
2026/02/05 04:17:11.386, NVIDIA Thor, 3 %, [N/A], [N/A], 52
2026/02/05 04:17:12.387, NVIDIA Thor, 97 %, [N/A], [N/A], 54
2026/02/05 04:17:13.390, NVIDIA Thor, 5 %, [N/A], [N/A], 53
2026/02/05 04:17:14.392, NVIDIA Thor, 4 %, [N/A], [N/A], 52
2026/02/05 04:17:15.403, NVIDIA Thor, 97 %, [N/A], [N/A], 54
2026/02/05 04:17:16.410, NVIDIA Thor, 1 %, [N/A], [N/A], 53
2026/02/05 04:17:17.411, NVIDIA Thor, 3 %, [N/A], [N/A], 53
2026/02/05 04:17:18.413, NVIDIA Thor, 77 %, [N/A], [N/A], 53
2026/02/05 04:17:19.415, NVIDIA Thor, 1 %, [N/A], [N/A], 53
2026/02/05 04:17:20.417, NVIDIA Thor, 1 %, [N/A], [N/A], 52
2026/02/05 04:17:21.419, NVIDIA Thor, 0 %, [N/A], [N/A], 53
2026/02/05 04:17:22.420, NVIDIA Thor, 92 %, [N/A], [N/A], 53
2026/02/05 04:17:23.424, NVIDIA Thor, 1 %, [N/A], [N/A], 53
2026/02/05 04:17:24.425, NVIDIA Thor, 0 %, [N/A], [N/A], 52
2026/02/05 04:17:25.426, NVIDIA Thor, 98 %, [N/A], [N/A], 54
2026/02/05 04:17:26.428, NVIDIA Thor, 97 %, [N/A], [N/A], 54
2026/02/05 04:17:27.431, NVIDIA Thor, 11 %, [N/A], [N/A], 53
2026/02/05 04:17:28.433, NVIDIA Thor, 9 %, [N/A], [N/A], 53
2026/02/05 04:17:29.434, NVIDIA Thor, 20 %, [N/A], [N/A], 54
2026/02/05 04:17:30.436, NVIDIA Thor, 97 %, [N/A], [N/A], 54
2026/02/05 04:17:31.438, NVIDIA Thor, 98 %, [N/A], [N/A], 54
2026/02/05 04:17:32.440, NVIDIA Thor, 0 %, [N/A], [N/A], 53
2026/02/05 04:17:33.441, NVIDIA Thor, 98 %, [N/A], [N/A], 55
2026/02/05 04:17:34.444, NVIDIA Thor, 0 %, [N/A], [N/A], 53
2026/02/05 04:17:35.445, NVIDIA Thor, 98 %, [N/A], [N/A], 55
2026/02/05 04:17:36.448, NVIDIA Thor, 0 %, [N/A], [N/A], 53
2026/02/05 04:17:37.449, NVIDIA Thor, 98 %, [N/A], [N/A], 55
2026/02/05 04:17:38.451, NVIDIA Thor, 0 %, [N/A], [N/A], 53
2026/02/05 04:17:39.453, NVIDIA Thor, 97 %, [N/A], [N/A], 55
2026/02/05 04:17:40.455, NVIDIA Thor, 83 %, [N/A], [N/A], 54
2026/02/05 04:17:41.458, NVIDIA Thor, 4 %, [N/A], [N/A], 54
2026/02/05 04:17:42.460, NVIDIA Thor, 98 %, [N/A], [N/A], 55
2026/02/05 04:17:43.462, NVIDIA Thor, 0 %, [N/A], [N/A], 53
2026/02/05 04:17:44.463, NVIDIA Thor, 52 %, [N/A], [N/A], 55
2026/02/05 04:17:45.465, NVIDIA Thor, 97 %, [N/A], [N/A], 55
2026/02/05 04:17:46.467, NVIDIA Thor, 5 %, [N/A], [N/A], 54
2026/02/05 04:17:47.469, NVIDIA Thor, 97 %, [N/A], [N/A], 55
2026/02/05 04:17:48.472, NVIDIA Thor, 1 %, [N/A], [N/A], 54
2026/02/05 04:17:49.474, NVIDIA Thor, 97 %, [N/A], [N/A], 55
2026/02/05 04:17:50.477, NVIDIA Thor, 5 %, [N/A], [N/A], 54
2026/02/05 04:17:51.479, NVIDIA Thor, 93 %, [N/A], [N/A], 54
2026/02/05 04:17:52.485, NVIDIA Thor, 16 %, [N/A], [N/A], 54
2026/02/05 04:17:53.486, NVIDIA Thor, 2 %, [N/A], [N/A], 53
2026/02/05 04:17:54.488, NVIDIA Thor, 0 %, [N/A], [N/A], 53
2026/02/05 04:17:55.490, NVIDIA Thor, 1 %, [N/A], [N/A], 53
2026/02/05 04:17:56.491, NVIDIA Thor, 51 %, [N/A], [N/A], 54
2026/02/05 04:17:57.495, NVIDIA Thor, 56 %, [N/A], [N/A], 54
2026/02/05 04:17:58.500, NVIDIA Thor, 64 %, [N/A], [N/A], 54
2026/02/05 04:17:59.504, NVIDIA Thor, 94 %, [N/A], [N/A], 54
2026/02/05 04:18:00.509, NVIDIA Thor, 98 %, [N/A], [N/A], 55
2026/02/05 04:18:01.511, NVIDIA Thor, 7 %, [N/A], [N/A], 54
2026/02/05 04:18:02.514, NVIDIA Thor, 71 %, [N/A], [N/A], 54
2026/02/05 04:18:03.517, NVIDIA Thor, 97 %, [N/A], [N/A], 55
2026/02/05 04:18:04.519, NVIDIA Thor, 11 %, [N/A], [N/A], 54
2026/02/05 04:18:05.522, NVIDIA Thor, 56 %, [N/A], [N/A], 54
2026/02/05 04:18:06.524, NVIDIA Thor, 97 %, [N/A], [N/A], 55
2026/02/05 04:18:07.526, NVIDIA Thor, 14 %, [N/A], [N/A], 54
2026/02/05 04:18:08.528, NVIDIA Thor, 0 %, [N/A], [N/A], 54
2026/02/05 04:18:09.529, NVIDIA Thor, 98 %, [N/A], [N/A], 55
2026/02/05 04:18:10.532, NVIDIA Thor, 11 %, [N/A], [N/A], 54
2026/02/05 04:18:11.533, NVIDIA Thor, 0 %, [N/A], [N/A], 54
2026/02/05 04:18:12.535, NVIDIA Thor, 97 %, [N/A], [N/A], 55
2026/02/05 04:18:13.538, NVIDIA Thor, 20 %, [N/A], [N/A], 55
2026/02/05 04:18:14.540, NVIDIA Thor, 10 %, [N/A], [N/A], 53
2026/02/05 04:18:15.542, NVIDIA Thor, 2 %, [N/A], [N/A], 54
2026/02/05 04:18:16.543, NVIDIA Thor, 98 %, [N/A], [N/A], 56
2026/02/05 04:18:17.546, NVIDIA Thor, 6 %, [N/A], [N/A], 54
2026/02/05 04:18:18.549, NVIDIA Thor, 92 %, [N/A], [N/A], 55
2026/02/05 04:18:19.554, NVIDIA Thor, 98 %, [N/A], [N/A], 55
2026/02/05 04:18:20.556, NVIDIA Thor, 17 %, [N/A], [N/A], 54
2026/02/05 04:18:21.557, NVIDIA Thor, 0 %, [N/A], [N/A], 54
2026/02/05 04:18:22.559, NVIDIA Thor, 98 %, [N/A], [N/A], 56
2026/02/05 04:18:23.561, NVIDIA Thor, 10 %, [N/A], [N/A], 54
2026/02/05 04:18:24.563, NVIDIA Thor, 0 %, [N/A], [N/A], 54
2026/02/05 04:18:25.565, NVIDIA Thor, 97 %, [N/A], [N/A], 56
2026/02/05 04:18:26.570, NVIDIA Thor, 16 %, [N/A], [N/A], 55
2026/02/05 04:18:27.571, NVIDIA Thor, 0 %, [N/A], [N/A], 54
2026/02/05 04:18:28.573, NVIDIA Thor, 97 %, [N/A], [N/A], 56
2026/02/05 04:18:29.576, NVIDIA Thor, 5 %, [N/A], [N/A], 54
2026/02/05 04:18:30.577, NVIDIA Thor, 97 %, [N/A], [N/A], 56
2026/02/05 04:18:31.582, NVIDIA Thor, 11 %, [N/A], [N/A], 54
2026/02/05 04:18:32.583, NVIDIA Thor, 97 %, [N/A], [N/A], 55
2026/02/05 04:18:33.588, NVIDIA Thor, 5 %, [N/A], [N/A], 54
2026/02/05 04:18:34.589, NVIDIA Thor, 98 %, [N/A], [N/A], 55
2026/02/05 04:18:35.592, NVIDIA Thor, 8 %, [N/A], [N/A], 54
2026/02/05 04:18:36.593, NVIDIA Thor, 97 %, [N/A], [N/A], 56
2026/02/05 04:18:37.598, NVIDIA Thor, 8 %, [N/A], [N/A], 54
2026/02/05 04:18:38.599, NVIDIA Thor, 0 %, [N/A], [N/A], 53
2026/02/05 04:18:39.601, NVIDIA Thor, 0 %, [N/A], [N/A], 53
2026/02/05 04:18:40.602, NVIDIA Thor, 98 %, [N/A], [N/A], 55
2026/02/05 04:18:41.606, NVIDIA Thor, 27 %, [N/A], [N/A], 54
2026/02/05 04:18:42.608, NVIDIA Thor, 97 %, [N/A], [N/A], 55
2026/02/05 04:18:43.611, NVIDIA Thor, 2 %, [N/A], [N/A], 54
2026/02/05 04:18:44.614, NVIDIA Thor, 97 %, [N/A], [N/A], 55
2026/02/05 04:18:45.616, NVIDIA Thor, 95 %, [N/A], [N/A], 55
2026/02/05 04:18:46.618, NVIDIA Thor, 4 %, [N/A], [N/A], 54
2026/02/05 04:18:47.621, NVIDIA Thor, 98 %, [N/A], [N/A], 56
2026/02/05 04:18:48.624, NVIDIA Thor, 1 %, [N/A], [N/A], 54
2026/02/05 04:18:49.626, NVIDIA Thor, 98 %, [N/A], [N/A], 55
2026/02/05 04:18:50.629, NVIDIA Thor, 2 %, [N/A], [N/A], 54
2026/02/05 04:18:51.632, NVIDIA Thor, 98 %, [N/A], [N/A], 55
2026/02/05 04:18:52.634, NVIDIA Thor, 92 %, [N/A], [N/A], 55
2026/02/05 04:18:53.640, NVIDIA Thor, 49 %, [N/A], [N/A], 55
2026/02/05 04:18:54.642, NVIDIA Thor, 20 %, [N/A], [N/A], 54
2026/02/05 04:18:55.648, NVIDIA Thor, 97 %, [N/A], [N/A], 55
2026/02/05 04:18:56.651, NVIDIA Thor, 40 %, [N/A], [N/A], 54
2026/02/05 04:18:57.655, NVIDIA Thor, 97 %, [N/A], [N/A], 56
2026/02/05 04:18:58.657, NVIDIA Thor, 0 %, [N/A], [N/A], 54
2026/02/05 04:18:59.659, NVIDIA Thor, 97 %, [N/A], [N/A], 56
2026/02/05 04:19:00.661, NVIDIA Thor, 1 %, [N/A], [N/A], 54
2026/02/05 04:19:01.663, NVIDIA Thor, 98 %, [N/A], [N/A], 56
2026/02/05 04:19:02.665, NVIDIA Thor, 2 %, [N/A], [N/A], 54
2026/02/05 04:19:03.667, NVIDIA Thor, 0 %, [N/A], [N/A], 53
2026/02/05 04:19:04.670, NVIDIA Thor, 98 %, [N/A], [N/A], 56
2026/02/05 04:19:05.673, NVIDIA Thor, 1 %, [N/A], [N/A], 54
2026/02/05 04:19:06.674, NVIDIA Thor, 98 %, [N/A], [N/A], 56
2026/02/05 04:19:07.677, NVIDIA Thor, 0 %, [N/A], [N/A], 54
2026/02/05 04:19:08.678, NVIDIA Thor, 98 %, [N/A], [N/A], 56
2026/02/05 04:19:09.681, NVIDIA Thor, 1 %, [N/A], [N/A], 54
2026/02/05 04:19:10.683, NVIDIA Thor, 98 %, [N/A], [N/A], 56
2026/02/05 04:19:11.686, NVIDIA Thor, 6 %, [N/A], [N/A], 54
2026/02/05 04:19:12.689, NVIDIA Thor, 98 %, [N/A], [N/A], 56
2026/02/05 04:19:13.693, NVIDIA Thor, 5 %, [N/A], [N/A], 54
2026/02/05 04:19:14.694, NVIDIA Thor, 97 %, [N/A], [N/A], 56
2026/02/05 04:19:15.697, NVIDIA Thor, 86 %, [N/A], [N/A], 56
2026/02/05 04:19:16.699, NVIDIA Thor, 5 %, [N/A], [N/A], 54
2026/02/05 04:19:17.702, NVIDIA Thor, 98 %, [N/A], [N/A], 56
2026/02/05 04:19:18.705, NVIDIA Thor, 12 %, [N/A], [N/A], 55
2026/02/05 04:19:19.706, NVIDIA Thor, 0 %, [N/A], [N/A], 54
2026/02/05 04:19:20.708, NVIDIA Thor, 98 %, [N/A], [N/A], 56
2026/02/05 04:19:21.711, NVIDIA Thor, 3 %, [N/A], [N/A], 55
2026/02/05 04:19:22.712, NVIDIA Thor, 0 %, [N/A], [N/A], 54
2026/02/05 04:19:23.714, NVIDIA Thor, 98 %, [N/A], [N/A], 56
2026/02/05 04:19:24.717, NVIDIA Thor, 4 %, [N/A], [N/A], 54
2026/02/05 04:19:25.718, NVIDIA Thor, 78 %, [N/A], [N/A], 55
2026/02/05 04:19:26.721, NVIDIA Thor, 97 %, [N/A], [N/A], 56
2026/02/05 04:19:27.723, NVIDIA Thor, 5 %, [N/A], [N/A], 55
2026/02/05 04:19:28.725, NVIDIA Thor, 98 %, [N/A], [N/A], 55
2026/02/05 04:19:29.727, NVIDIA Thor, 5 %, [N/A], [N/A], 55
2026/02/05 04:19:30.729, NVIDIA Thor, 98 %, [N/A], [N/A], 56
2026/02/05 04:19:31.732, NVIDIA Thor, 3 %, [N/A], [N/A], 54
2026/02/05 04:19:32.733, NVIDIA Thor, 98 %, [N/A], [N/A], 56
2026/02/05 04:19:33.735, NVIDIA Thor, 2 %, [N/A], [N/A], 54
2026/02/05 04:19:34.737, NVIDIA Thor, 97 %, [N/A], [N/A], 56
2026/02/05 04:19:35.739, NVIDIA Thor, 7 %, [N/A], [N/A], 54
2026/02/05 04:19:36.741, NVIDIA Thor, 98 %, [N/A], [N/A], 56
2026/02/05 04:19:37.746, NVIDIA Thor, 2 %, [N/A], [N/A], 55
2026/02/05 04:19:38.749, NVIDIA Thor, 97 %, [N/A], [N/A], 56
2026/02/05 04:19:39.752, NVIDIA Thor, 7 %, [N/A], [N/A], 55
2026/02/05 04:19:40.754, NVIDIA Thor, 95 %, [N/A], [N/A], 55
2026/02/05 04:19:41.759, NVIDIA Thor, 11 %, [N/A], [N/A], 55
2026/02/05 04:19:42.761, NVIDIA Thor, 96 %, [N/A], [N/A], 56
2026/02/05 04:19:43.766, NVIDIA Thor, 7 %, [N/A], [N/A], 55
2026/02/05 04:19:44.768, NVIDIA Thor, 96 %, [N/A], [N/A], 56
2026/02/05 04:19:45.771, NVIDIA Thor, 12 %, [N/A], [N/A], 55
2026/02/05 04:19:46.773, NVIDIA Thor, 91 %, [N/A], [N/A], 55
2026/02/05 04:19:47.778, NVIDIA Thor, 19 %, [N/A], [N/A], 55
2026/02/05 04:19:48.781, NVIDIA Thor, 68 %, [N/A], [N/A], 55
2026/02/05 04:19:49.785, NVIDIA Thor, 97 %, [N/A], [N/A], 56
2026/02/05 04:19:50.787, NVIDIA Thor, 31 %, [N/A], [N/A], 55
2026/02/05 04:19:51.792, NVIDIA Thor, 97 %, [N/A], [N/A], 56
2026/02/05 04:19:52.795, NVIDIA Thor, 0 %, [N/A], [N/A], 53
2026/02/05 04:19:53.798, NVIDIA Thor, 17 %, [N/A], [N/A], 53
2026/02/05 04:19:54.799, NVIDIA Thor, 17 %, [N/A], [N/A], 53
2026/02/05 04:19:55.801, NVIDIA Thor, 0 %, [N/A], [N/A], 53
2026/02/05 04:19:56.803, NVIDIA Thor, 4 %, [N/A], [N/A], 54
2026/02/05 04:19:57.805, NVIDIA Thor, 2 %, [N/A], [N/A], 54
2026/02/05 04:19:58.807, NVIDIA Thor, 5 %, [N/A], [N/A], 54
2026/02/05 04:19:59.810, NVIDIA Thor, 74 %, [N/A], [N/A], 54
2026/02/05 04:20:00.812, NVIDIA Thor, 94 %, [N/A], [N/A], 55
2026/02/05 04:20:01.816, NVIDIA Thor, 97 %, [N/A], [N/A], 56
2026/02/05 04:20:02.820, NVIDIA Thor, 98 %, [N/A], [N/A], 55
2026/02/05 04:20:03.823, NVIDIA Thor, 98 %, [N/A], [N/A], 55
2026/02/05 04:20:04.825, NVIDIA Thor, 2 %, [N/A], [N/A], 54
2026/02/05 04:20:05.827, NVIDIA Thor, 0 %, [N/A], [N/A], 54
2026/02/05 04:20:06.830, NVIDIA Thor, 97 %, [N/A], [N/A], 56
2026/02/05 04:20:07.832, NVIDIA Thor, 97 %, [N/A], [N/A], 55
2026/02/05 04:20:08.834, NVIDIA Thor, 3 %, [N/A], [N/A], 54
2026/02/05 04:20:09.836, NVIDIA Thor, 0 %, [N/A], [N/A], 54
2026/02/05 04:20:10.837, NVIDIA Thor, 97 %, [N/A], [N/A], 56
2026/02/05 04:20:11.840, NVIDIA Thor, 10 %, [N/A], [N/A], 55
2026/02/05 04:20:12.842, NVIDIA Thor, 0 %, [N/A], [N/A], 54
2026/02/05 04:20:13.844, NVIDIA Thor, 97 %, [N/A], [N/A], 56
2026/02/05 04:20:14.847, NVIDIA Thor, 35 %, [N/A], [N/A], 55
2026/02/05 04:20:15.849, NVIDIA Thor, 0 %, [N/A], [N/A], 54
2026/02/05 04:20:16.850, NVIDIA Thor, 97 %, [N/A], [N/A], 56
2026/02/05 04:20:17.853, NVIDIA Thor, 52 %, [N/A], [N/A], 55
2026/02/05 04:20:18.855, NVIDIA Thor, 1 %, [N/A], [N/A], 54
2026/02/05 04:20:19.857, NVIDIA Thor, 97 %, [N/A], [N/A], 56
2026/02/05 04:20:20.860, NVIDIA Thor, 24 %, [N/A], [N/A], 54
2026/02/05 04:20:21.861, NVIDIA Thor, 1 %, [N/A], [N/A], 54
2026/02/05 04:20:22.863, NVIDIA Thor, 1 %, [N/A], [N/A], 54
2026/02/05 04:20:23.865, NVIDIA Thor, 92 %, [N/A], [N/A], 55
2026/02/05 04:20:24.870, NVIDIA Thor, 92 %, [N/A], [N/A], 55
2026/02/05 04:20:25.875, NVIDIA Thor, 54 %, [N/A], [N/A], 54
2026/02/05 04:20:26.878, NVIDIA Thor, 65 %, [N/A], [N/A], 54
2026/02/05 04:20:27.880, NVIDIA Thor, 91 %, [N/A], [N/A], 55
2026/02/05 04:20:28.884, NVIDIA Thor, 97 %, [N/A], [N/A], 55
2026/02/05 04:20:29.887, NVIDIA Thor, 97 %, [N/A], [N/A], 55
2026/02/05 04:20:30.891, NVIDIA Thor, 97 %, [N/A], [N/A], 55
2026/02/05 04:20:31.895, NVIDIA Thor, 97 %, [N/A], [N/A], 56
2026/02/05 04:20:32.897, NVIDIA Thor, 98 %, [N/A], [N/A], 55
2026/02/05 04:20:33.899, NVIDIA Thor, 12 %, [N/A], [N/A], 55
2026/02/05 04:20:34.901, NVIDIA Thor, 2 %, [N/A], [N/A], 54
2026/02/05 04:20:35.902, NVIDIA Thor, 0 %, [N/A], [N/A], 54
2026/02/05 04:20:36.904, NVIDIA Thor, 0 %, [N/A], [N/A], 54
2026/02/05 04:20:37.906, NVIDIA Thor, 0 %, [N/A], [N/A], 54
2026/02/05 04:20:38.908, NVIDIA Thor, 0 %, [N/A], [N/A], 54
2026/02/05 04:20:39.910, NVIDIA Thor, 1 %, [N/A], [N/A], 54
2026/02/05 04:20:40.912, NVIDIA Thor, 2 %, [N/A], [N/A], 54
2026/02/05 04:20:41.914, NVIDIA Thor, 3 %, [N/A], [N/A], 54
2026/02/05 04:20:42.916, NVIDIA Thor, 1 %, [N/A], [N/A], 54
2026/02/05 04:20:43.918, NVIDIA Thor, 0 %, [N/A], [N/A], 54
2026/02/05 04:20:44.919, NVIDIA Thor, 82 %, [N/A], [N/A], 54
2026/02/05 04:20:45.922, NVIDIA Thor, 97 %, [N/A], [N/A], 55
2026/02/05 04:20:46.925, NVIDIA Thor, 12 %, [N/A], [N/A], 54
2026/02/05 04:20:47.927, NVIDIA Thor, 4 %, [N/A], [N/A], 53
2026/02/05 04:20:48.929, NVIDIA Thor, 3 %, [N/A], [N/A], 54
2026/02/05 04:20:49.930, NVIDIA Thor, 3 %, [N/A], [N/A], 54
2026/02/05 04:20:50.932, NVIDIA Thor, 1 %, [N/A], [N/A], 54
2026/02/05 04:20:51.934, NVIDIA Thor, 1 %, [N/A], [N/A], 54
2026/02/05 04:20:52.936, NVIDIA Thor, 0 %, [N/A], [N/A], 54
2026/02/05 04:20:53.938, NVIDIA Thor, 43 %, [N/A], [N/A], 55
2026/02/05 04:20:54.939, NVIDIA Thor, 98 %, [N/A], [N/A], 55
2026/02/05 04:20:55.942, NVIDIA Thor, 98 %, [N/A], [N/A], 56
2026/02/05 04:20:56.947, NVIDIA Thor, 91 %, [N/A], [N/A], 54
2026/02/05 04:20:57.951, NVIDIA Thor, 2 %, [N/A], [N/A], 54
2026/02/05 04:20:58.953, NVIDIA Thor, 1 %, [N/A], [N/A], 54
2026/02/05 04:20:59.955, NVIDIA Thor, 4 %, [N/A], [N/A], 54
2026/02/05 04:21:00.958, NVIDIA Thor, 1 %, [N/A], [N/A], 54
2026/02/05 04:21:01.960, NVIDIA Thor, 0 %, [N/A], [N/A], 54
2026/02/05 04:21:02.961, NVIDIA Thor, 2 %, [N/A], [N/A], 54
2026/02/05 04:21:03.963, NVIDIA Thor, 98 %, [N/A], [N/A], 55
2026/02/05 04:21:04.967, NVIDIA Thor, 98 %, [N/A], [N/A], 55
2026/02/05 04:21:05.970, NVIDIA Thor, 98 %, [N/A], [N/A], 56
2026/02/05 04:21:06.975, NVIDIA Thor, 98 %, [N/A], [N/A], 56
2026/02/05 04:21:07.977, NVIDIA Thor, 97 %, [N/A], [N/A], 55
2026/02/05 04:21:08.979, NVIDIA Thor, 14 %, [N/A], [N/A], 55
2026/02/05 04:21:09.981, NVIDIA Thor, 5 %, [N/A], [N/A], 54
2026/02/05 04:21:10.983, NVIDIA Thor, 4 %, [N/A], [N/A], 54
2026/02/05 04:21:11.984, NVIDIA Thor, 0 %, [N/A], [N/A], 54
2026/02/05 04:21:12.986, NVIDIA Thor, 92 %, [N/A], [N/A], 55
2026/02/05 04:21:13.991, NVIDIA Thor, 97 %, [N/A], [N/A], 55
2026/02/05 04:21:14.994, NVIDIA Thor, 0 %, [N/A], [N/A], 53
2026/02/05 04:21:15.996, NVIDIA Thor, 1 %, [N/A], [N/A], 53
2026/02/05 04:21:16.998, NVIDIA Thor, 79 %, [N/A], [N/A], 54
2026/02/05 04:21:18.000, NVIDIA Thor, 98 %, [N/A], [N/A], 55
2026/02/05 04:21:19.008, NVIDIA Thor, 0 %, [N/A], [N/A], 54
2026/02/05 04:21:20.010, NVIDIA Thor, 7 %, [N/A], [N/A], 54
2026/02/05 04:21:21.012, NVIDIA Thor, 98 %, [N/A], [N/A], 55
2026/02/05 04:21:22.015, NVIDIA Thor, 97 %, [N/A], [N/A], 55
2026/02/05 04:21:23.017, NVIDIA Thor, 0 %, [N/A], [N/A], 54
2026/02/05 04:21:24.019, NVIDIA Thor, 98 %, [N/A], [N/A], 55
2026/02/05 04:21:25.022, NVIDIA Thor, 98 %, [N/A], [N/A], 56
2026/02/05 04:21:26.023, NVIDIA Thor, 4 %, [N/A], [N/A], 54
2026/02/05 04:21:27.025, NVIDIA Thor, 8 %, [N/A], [N/A], 55
2026/02/05 04:21:28.026, NVIDIA Thor, 97 %, [N/A], [N/A], 56
2026/02/05 04:21:29.028, NVIDIA Thor, 97 %, [N/A], [N/A], 56
2026/02/05 04:21:30.031, NVIDIA Thor, 0 %, [N/A], [N/A], 54
2026/02/05 04:21:31.032, NVIDIA Thor, 52 %, [N/A], [N/A], 55
2026/02/05 04:21:32.034, NVIDIA Thor, 97 %, [N/A], [N/A], 56
2026/02/05 04:21:33.036, NVIDIA Thor, 0 %, [N/A], [N/A], 54
2026/02/05 04:21:34.038, NVIDIA Thor, 98 %, [N/A], [N/A], 56
2026/02/05 04:21:35.041, NVIDIA Thor, 91 %, [N/A], [N/A], 55
2026/02/05 04:21:36.043, NVIDIA Thor, 6 %, [N/A], [N/A], 55
2026/02/05 04:21:37.045, NVIDIA Thor, 98 %, [N/A], [N/A], 56
2026/02/05 04:21:38.047, NVIDIA Thor, 96 %, [N/A], [N/A], 56
2026/02/05 04:21:39.049, NVIDIA Thor, 1 %, [N/A], [N/A], 54
2026/02/05 04:21:40.050, NVIDIA Thor, 97 %, [N/A], [N/A], 56
2026/02/05 04:21:41.053, NVIDIA Thor, 97 %, [N/A], [N/A], 56
2026/02/05 04:21:42.056, NVIDIA Thor, 95 %, [N/A], [N/A], 56
2026/02/05 04:21:43.061, NVIDIA Thor, 0 %, [N/A], [N/A], 54
2026/02/05 04:21:44.062, NVIDIA Thor, 21 %, [N/A], [N/A], 55
2026/02/05 04:21:45.064, NVIDIA Thor, 98 %, [N/A], [N/A], 56
2026/02/05 04:21:46.067, NVIDIA Thor, 0 %, [N/A], [N/A], 54
2026/02/05 04:21:47.068, NVIDIA Thor, 98 %, [N/A], [N/A], 56
2026/02/05 04:21:48.070, NVIDIA Thor, 97 %, [N/A], [N/A], 56
2026/02/05 04:21:49.073, NVIDIA Thor, 1 %, [N/A], [N/A], 54
2026/02/05 04:21:50.074, NVIDIA Thor, 98 %, [N/A], [N/A], 56
2026/02/05 04:21:51.077, NVIDIA Thor, 97 %, [N/A], [N/A], 56
2026/02/05 04:21:52.080, NVIDIA Thor, 0 %, [N/A], [N/A], 54
2026/02/05 04:21:53.081, NVIDIA Thor, 25 %, [N/A], [N/A], 55
2026/02/05 04:21:54.082, NVIDIA Thor, 98 %, [N/A], [N/A], 56
2026/02/05 04:21:55.086, NVIDIA Thor, 71 %, [N/A], [N/A], 55
2026/02/05 04:21:56.088, NVIDIA Thor, 5 %, [N/A], [N/A], 55
2026/02/05 04:21:57.089, NVIDIA Thor, 98 %, [N/A], [N/A], 56
2026/02/05 04:21:58.091, NVIDIA Thor, 98 %, [N/A], [N/A], 56
2026/02/05 04:21:59.094, NVIDIA Thor, 1 %, [N/A], [N/A], 55
2026/02/05 04:22:00.095, NVIDIA Thor, 98 %, [N/A], [N/A], 56
2026/02/05 04:22:01.097, NVIDIA Thor, 97 %, [N/A], [N/A], 56
2026/02/05 04:22:02.100, NVIDIA Thor, 15 %, [N/A], [N/A], 55
2026/02/05 04:22:03.123, NVIDIA Thor, 4 %, [N/A], [N/A], 54
2026/02/05 04:22:04.124, NVIDIA Thor, 98 %, [N/A], [N/A], 57
2026/02/05 04:22:05.126, NVIDIA Thor, 97 %, [N/A], [N/A], 56
2026/02/05 04:22:06.129, NVIDIA Thor, 77 %, [N/A], [N/A], 55
2026/02/05 04:22:07.130, NVIDIA Thor, 2 %, [N/A], [N/A], 55
2026/02/05 04:22:08.131, NVIDIA Thor, 98 %, [N/A], [N/A], 56
2026/02/05 04:22:09.134, NVIDIA Thor, 98 %, [N/A], [N/A], 56
2026/02/05 04:22:10.138, NVIDIA Thor, 7 %, [N/A], [N/A], 55
2026/02/05 04:22:11.144, NVIDIA Thor, 3 %, [N/A], [N/A], 55
2026/02/05 04:22:12.145, NVIDIA Thor, 98 %, [N/A], [N/A], 56
2026/02/05 04:22:13.147, NVIDIA Thor, 98 %, [N/A], [N/A], 57
2026/02/05 04:22:14.152, NVIDIA Thor, 95 %, [N/A], [N/A], 56
2026/02/05 04:22:15.155, NVIDIA Thor, 0 %, [N/A], [N/A], 55
2026/02/05 04:22:16.157, NVIDIA Thor, 6 %, [N/A], [N/A], 55
2026/02/05 04:22:17.158, NVIDIA Thor, 98 %, [N/A], [N/A], 56
2026/02/05 04:22:18.161, NVIDIA Thor, 98 %, [N/A], [N/A], 57
2026/02/05 04:22:19.164, NVIDIA Thor, 0 %, [N/A], [N/A], 55
2026/02/05 04:22:20.165, NVIDIA Thor, 47 %, [N/A], [N/A], 56
2026/02/05 04:22:21.167, NVIDIA Thor, 98 %, [N/A], [N/A], 57
2026/02/05 04:22:22.169, NVIDIA Thor, 1 %, [N/A], [N/A], 55
2026/02/05 04:22:23.170, NVIDIA Thor, 97 %, [N/A], [N/A], 56
2026/02/05 04:22:24.172, NVIDIA Thor, 96 %, [N/A], [N/A], 56
2026/02/05 04:22:25.176, NVIDIA Thor, 15 %, [N/A], [N/A], 55
2026/02/05 04:22:26.189, NVIDIA Thor, 3 %, [N/A], [N/A], 54
2026/02/05 04:22:27.193, NVIDIA Thor, 3 %, [N/A], [N/A], 54
2026/02/05 04:22:28.194, NVIDIA Thor, 0 %, [N/A], [N/A], 54
2026/02/05 04:22:29.196, NVIDIA Thor, 97 %, [N/A], [N/A], 56
2026/02/05 04:22:30.200, NVIDIA Thor, 97 %, [N/A], [N/A], 56
2026/02/05 04:22:31.202, NVIDIA Thor, 0 %, [N/A], [N/A], 54
2026/02/05 04:22:32.203, NVIDIA Thor, 98 %, [N/A], [N/A], 56
2026/02/05 04:22:33.206, NVIDIA Thor, 2 %, [N/A], [N/A], 55
2026/02/05 04:22:34.207, NVIDIA Thor, 97 %, [N/A], [N/A], 56
2026/02/05 04:22:35.210, NVIDIA Thor, 98 %, [N/A], [N/A], 56
2026/02/05 04:22:36.212, NVIDIA Thor, 5 %, [N/A], [N/A], 55
2026/02/05 04:22:37.213, NVIDIA Thor, 4 %, [N/A], [N/A], 55
2026/02/05 04:22:38.215, NVIDIA Thor, 0 %, [N/A], [N/A], 54
2026/02/05 04:22:39.217, NVIDIA Thor, 4 %, [N/A], [N/A], 54
2026/02/05 04:22:40.219, NVIDIA Thor, 94 %, [N/A], [N/A], 56
2026/02/05 04:22:41.224, NVIDIA Thor, 98 %, [N/A], [N/A], 56
2026/02/05 04:22:42.226, NVIDIA Thor, 5 %, [N/A], [N/A], 55
2026/02/05 04:22:43.227, NVIDIA Thor, 0 %, [N/A], [N/A], 54
2026/02/05 04:22:44.230, NVIDIA Thor, 96 %, [N/A], [N/A], 56
2026/02/05 04:22:45.234, NVIDIA Thor, 98 %, [N/A], [N/A], 56
2026/02/05 04:22:46.235, NVIDIA Thor, 10 %, [N/A], [N/A], 55
2026/02/05 04:22:47.237, NVIDIA Thor, 1 %, [N/A], [N/A], 55
2026/02/05 04:22:48.238, NVIDIA Thor, 57 %, [N/A], [N/A], 55
2026/02/05 04:22:49.240, NVIDIA Thor, 97 %, [N/A], [N/A], 56
2026/02/05 04:22:50.243, NVIDIA Thor, 98 %, [N/A], [N/A], 56
2026/02/05 04:22:51.244, NVIDIA Thor, 4 %, [N/A], [N/A], 55
2026/02/05 04:22:52.246, NVIDIA Thor, 36 %, [N/A], [N/A], 54
2026/02/05 04:22:53.247, NVIDIA Thor, 96 %, [N/A], [N/A], 56
2026/02/05 04:22:54.252, NVIDIA Thor, 29 %, [N/A], [N/A], 55
2026/02/05 04:22:55.253, NVIDIA Thor, 0 %, [N/A], [N/A], 54
2026/02/05 04:22:56.254, NVIDIA Thor, 97 %, [N/A], [N/A], 56
2026/02/05 04:22:57.259, NVIDIA Thor, 44 %, [N/A], [N/A], 56
2026/02/05 04:22:58.261, NVIDIA Thor, 0 %, [N/A], [N/A], 54
2026/02/05 04:22:59.262, NVIDIA Thor, 98 %, [N/A], [N/A], 56
2026/02/05 04:23:00.267, NVIDIA Thor, 98 %, [N/A], [N/A], 56
2026/02/05 04:23:01.269, NVIDIA Thor, 2 %, [N/A], [N/A], 55
2026/02/05 04:23:02.270, NVIDIA Thor, 26 %, [N/A], [N/A], 55
2026/02/05 04:23:03.274, NVIDIA Thor, 98 %, [N/A], [N/A], 56
2026/02/05 04:23:04.276, NVIDIA Thor, 17 %, [N/A], [N/A], 55
2026/02/05 04:23:05.278, NVIDIA Thor, 2 %, [N/A], [N/A], 55
2026/02/05 04:23:06.279, NVIDIA Thor, 71 %, [N/A], [N/A], 55
2026/02/05 04:23:07.282, NVIDIA Thor, 97 %, [N/A], [N/A], 56
2026/02/05 04:23:08.286, NVIDIA Thor, 98 %, [N/A], [N/A], 56
2026/02/05 04:23:09.288, NVIDIA Thor, 12 %, [N/A], [N/A], 55
2026/02/05 04:23:10.291, NVIDIA Thor, 1 %, [N/A], [N/A], 54
2026/02/05 04:23:11.293, NVIDIA Thor, 97 %, [N/A], [N/A], 56
2026/02/05 04:23:12.296, NVIDIA Thor, 98 %, [N/A], [N/A], 56
2026/02/05 04:23:13.299, NVIDIA Thor, 3 %, [N/A], [N/A], 55
2026/02/05 04:23:14.301, NVIDIA Thor, 4 %, [N/A], [N/A], 54
2026/02/05 04:23:15.302, NVIDIA Thor, 0 %, [N/A], [N/A], 54
2026/02/05 04:23:16.305, NVIDIA Thor, 92 %, [N/A], [N/A], 55
2026/02/05 04:23:17.308, NVIDIA Thor, 0 %, [N/A], [N/A], 54
2026/02/05 04:23:18.309, NVIDIA Thor, 98 %, [N/A], [N/A], 56
2026/02/05 04:23:19.311, NVIDIA Thor, 0 %, [N/A], [N/A], 54
2026/02/05 04:23:20.312, NVIDIA Thor, 98 %, [N/A], [N/A], 56
2026/02/05 04:23:21.314, NVIDIA Thor, 6 %, [N/A], [N/A], 55
2026/02/05 04:23:22.315, NVIDIA Thor, 97 %, [N/A], [N/A], 56
2026/02/05 04:23:23.319, NVIDIA Thor, 13 %, [N/A], [N/A], 55
2026/02/05 04:23:24.320, NVIDIA Thor, 1 %, [N/A], [N/A], 54
2026/02/05 04:23:25.322, NVIDIA Thor, 97 %, [N/A], [N/A], 56
2026/02/05 04:23:26.325, NVIDIA Thor, 98 %, [N/A], [N/A], 56
2026/02/05 04:23:27.327, NVIDIA Thor, 6 %, [N/A], [N/A], 55
2026/02/05 04:23:28.328, NVIDIA Thor, 0 %, [N/A], [N/A], 54
2026/02/05 04:23:29.330, NVIDIA Thor, 97 %, [N/A], [N/A], 56
2026/02/05 04:23:30.331, NVIDIA Thor, 5 %, [N/A], [N/A], 55
2026/02/05 04:23:31.333, NVIDIA Thor, 0 %, [N/A], [N/A], 54
2026/02/05 04:23:32.334, NVIDIA Thor, 97 %, [N/A], [N/A], 56
2026/02/05 04:23:33.337, NVIDIA Thor, 91 %, [N/A], [N/A], 56
2026/02/05 04:23:34.338, NVIDIA Thor, 6 %, [N/A], [N/A], 55
2026/02/05 04:23:35.340, NVIDIA Thor, 68 %, [N/A], [N/A], 55
2026/02/05 04:23:36.342, NVIDIA Thor, 98 %, [N/A], [N/A], 56
2026/02/05 04:23:37.344, NVIDIA Thor, 97 %, [N/A], [N/A], 56
2026/02/05 04:23:38.346, NVIDIA Thor, 2 %, [N/A], [N/A], 55
2026/02/05 04:23:39.348, NVIDIA Thor, 94 %, [N/A], [N/A], 56
2026/02/05 04:23:40.350, NVIDIA Thor, 98 %, [N/A], [N/A], 56
2026/02/05 04:23:41.352, NVIDIA Thor, 2 %, [N/A], [N/A], 55
2026/02/05 04:23:42.354, NVIDIA Thor, 0 %, [N/A], [N/A], 54
2026/02/05 04:23:43.355, NVIDIA Thor, 0 %, [N/A], [N/A], 54
2026/02/05 04:23:44.357, NVIDIA Thor, 6 %, [N/A], [N/A], 55
2026/02/05 04:23:45.358, NVIDIA Thor, 0 %, [N/A], [N/A], 54
2026/02/05 04:23:46.360, NVIDIA Thor, 97 %, [N/A], [N/A], 56
2026/02/05 04:23:47.362, NVIDIA Thor, 4 %, [N/A], [N/A], 55
2026/02/05 04:23:48.364, NVIDIA Thor, 95 %, [N/A], [N/A], 55
2026/02/05 04:23:49.366, NVIDIA Thor, 22 %, [N/A], [N/A], 55
2026/02/05 04:23:50.368, NVIDIA Thor, 6 %, [N/A], [N/A], 54
2026/02/05 04:23:51.369, NVIDIA Thor, 98 %, [N/A], [N/A], 56
2026/02/05 04:23:52.371, NVIDIA Thor, 0 %, [N/A], [N/A], 54
2026/02/05 04:23:53.372, NVIDIA Thor, 97 %, [N/A], [N/A], 56
2026/02/05 04:23:54.374, NVIDIA Thor, 0 %, [N/A], [N/A], 55
2026/02/05 04:23:55.375, NVIDIA Thor, 97 %, [N/A], [N/A], 56
2026/02/05 04:23:56.378, NVIDIA Thor, 98 %, [N/A], [N/A], 56
2026/02/05 04:23:57.381, NVIDIA Thor, 6 %, [N/A], [N/A], 55
2026/02/05 04:23:58.382, NVIDIA Thor, 93 %, [N/A], [N/A], 56
2026/02/05 04:23:59.387, NVIDIA Thor, 17 %, [N/A], [N/A], 55
2026/02/05 04:24:00.388, NVIDIA Thor, 37 %, [N/A], [N/A], 55
2026/02/05 04:24:01.392, NVIDIA Thor, 97 %, [N/A], [N/A], 56
2026/02/05 04:24:02.394, NVIDIA Thor, 7 %, [N/A], [N/A], 55
2026/02/05 04:24:03.395, NVIDIA Thor, 98 %, [N/A], [N/A], 56
2026/02/05 04:24:04.400, NVIDIA Thor, 7 %, [N/A], [N/A], 55
2026/02/05 04:24:05.401, NVIDIA Thor, 72 %, [N/A], [N/A], 55
2026/02/05 04:24:06.403, NVIDIA Thor, 98 %, [N/A], [N/A], 56
2026/02/05 04:24:07.406, NVIDIA Thor, 2 %, [N/A], [N/A], 55
2026/02/05 04:24:08.407, NVIDIA Thor, 0 %, [N/A], [N/A], 54
2026/02/05 04:24:09.410, NVIDIA Thor, 98 %, [N/A], [N/A], 57
2026/02/05 04:24:10.411, NVIDIA Thor, 3 %, [N/A], [N/A], 55
2026/02/05 04:24:11.412, NVIDIA Thor, 98 %, [N/A], [N/A], 56
2026/02/05 04:24:12.416, NVIDIA Thor, 3 %, [N/A], [N/A], 55
2026/02/05 04:24:13.417, NVIDIA Thor, 6 %, [N/A], [N/A], 55
2026/02/05 04:24:14.418, NVIDIA Thor, 98 %, [N/A], [N/A], 56
2026/02/05 04:24:15.421, NVIDIA Thor, 3 %, [N/A], [N/A], 55
2026/02/05 04:24:16.422, NVIDIA Thor, 97 %, [N/A], [N/A], 56
2026/02/05 04:24:17.431, NVIDIA Thor, 17 %, [N/A], [N/A], 55
2026/02/05 04:24:18.432, NVIDIA Thor, 53 %, [N/A], [N/A], 55
2026/02/05 04:24:19.437, NVIDIA Thor, 23 %, [N/A], [N/A], 56
2026/02/05 04:24:20.438, NVIDIA Thor, 90 %, [N/A], [N/A], 55
2026/02/05 04:24:21.441, NVIDIA Thor, 98 %, [N/A], [N/A], 56
2026/02/05 04:24:22.443, NVIDIA Thor, 2 %, [N/A], [N/A], 55
2026/02/05 04:24:23.445, NVIDIA Thor, 98 %, [N/A], [N/A], 56
2026/02/05 04:24:24.447, NVIDIA Thor, 2 %, [N/A], [N/A], 55
2026/02/05 04:24:25.449, NVIDIA Thor, 98 %, [N/A], [N/A], 56
2026/02/05 04:24:26.451, NVIDIA Thor, 0 %, [N/A], [N/A], 55
2026/02/05 04:24:27.454, NVIDIA Thor, 98 %, [N/A], [N/A], 56
2026/02/05 04:24:28.459, NVIDIA Thor, 5 %, [N/A], [N/A], 55
2026/02/05 04:24:29.461, NVIDIA Thor, 97 %, [N/A], [N/A], 56
2026/02/05 04:24:30.463, NVIDIA Thor, 98 %, [N/A], [N/A], 56
2026/02/05 04:24:31.465, NVIDIA Thor, 8 %, [N/A], [N/A], 55
2026/02/05 04:24:32.467, NVIDIA Thor, 0 %, [N/A], [N/A], 54
2026/02/05 04:24:33.468, NVIDIA Thor, 98 %, [N/A], [N/A], 56
2026/02/05 04:24:34.471, NVIDIA Thor, 1 %, [N/A], [N/A], 55
2026/02/05 04:24:35.472, NVIDIA Thor, 98 %, [N/A], [N/A], 56
2026/02/05 04:24:36.474, NVIDIA Thor, 2 %, [N/A], [N/A], 55
2026/02/05 04:24:37.476, NVIDIA Thor, 96 %, [N/A], [N/A], 56
2026/02/05 04:24:38.479, NVIDIA Thor, 23 %, [N/A], [N/A], 55
2026/02/05 04:24:39.481, NVIDIA Thor, 78 %, [N/A], [N/A], 55
2026/02/05 04:24:40.483, NVIDIA Thor, 98 %, [N/A], [N/A], 56
2026/02/05 04:24:41.487, NVIDIA Thor, 0 %, [N/A], [N/A], 55
2026/02/05 04:24:42.489, NVIDIA Thor, 98 %, [N/A], [N/A], 56
2026/02/05 04:24:43.491, NVIDIA Thor, 0 %, [N/A], [N/A], 55
2026/02/05 04:24:44.493, NVIDIA Thor, 98 %, [N/A], [N/A], 56
2026/02/05 04:24:45.495, NVIDIA Thor, 6 %, [N/A], [N/A], 55
2026/02/05 04:24:46.496, NVIDIA Thor, 0 %, [N/A], [N/A], 55
2026/02/05 04:24:47.497, NVIDIA Thor, 97 %, [N/A], [N/A], 56
2026/02/05 04:24:48.502, NVIDIA Thor, 98 %, [N/A], [N/A], 56
2026/02/05 04:24:49.504, NVIDIA Thor, 3 %, [N/A], [N/A], 55
2026/02/05 04:24:50.506, NVIDIA Thor, 0 %, [N/A], [N/A], 55
2026/02/05 04:24:51.508, NVIDIA Thor, 98 %, [N/A], [N/A], 56
2026/02/05 04:24:52.510, NVIDIA Thor, 51 %, [N/A], [N/A], 55
2026/02/05 04:24:53.514, NVIDIA Thor, 73 %, [N/A], [N/A], 56
2026/02/05 04:24:54.516, NVIDIA Thor, 0 %, [N/A], [N/A], 55
2026/02/05 04:24:55.518, NVIDIA Thor, 98 %, [N/A], [N/A], 57
2026/02/05 04:24:56.521, NVIDIA Thor, 6 %, [N/A], [N/A], 55
2026/02/05 04:24:57.522, NVIDIA Thor, 11 %, [N/A], [N/A], 54
2026/02/05 04:24:58.524, NVIDIA Thor, 98 %, [N/A], [N/A], 56
2026/02/05 04:24:59.529, NVIDIA Thor, 13 %, [N/A], [N/A], 55
2026/02/05 04:25:00.530, NVIDIA Thor, 0 %, [N/A], [N/A], 54
2026/02/05 04:25:01.533, NVIDIA Thor, 98 %, [N/A], [N/A], 56
2026/02/05 04:25:02.536, NVIDIA Thor, 22 %, [N/A], [N/A], 55
2026/02/05 04:25:03.538, NVIDIA Thor, 0 %, [N/A], [N/A], 54
2026/02/05 04:25:04.540, NVIDIA Thor, 98 %, [N/A], [N/A], 56
2026/02/05 04:25:05.546, NVIDIA Thor, 26 %, [N/A], [N/A], 55
2026/02/05 04:25:06.548, NVIDIA Thor, 0 %, [N/A], [N/A], 54
2026/02/05 04:25:07.549, NVIDIA Thor, 98 %, [N/A], [N/A], 56
2026/02/05 04:25:08.552, NVIDIA Thor, 42 %, [N/A], [N/A], 56
2026/02/05 04:25:09.553, NVIDIA Thor, 1 %, [N/A], [N/A], 55
2026/02/05 04:25:10.555, NVIDIA Thor, 98 %, [N/A], [N/A], 56
2026/02/05 04:25:11.558, NVIDIA Thor, 4 %, [N/A], [N/A], 55
2026/02/05 04:25:12.559, NVIDIA Thor, 1 %, [N/A], [N/A], 55
2026/02/05 04:25:13.561, NVIDIA Thor, 98 %, [N/A], [N/A], 56
2026/02/05 04:25:14.563, NVIDIA Thor, 12 %, [N/A], [N/A], 55
2026/02/05 04:25:15.565, NVIDIA Thor, 93 %, [N/A], [N/A], 56
2026/02/05 04:25:16.570, NVIDIA Thor, 22 %, [N/A], [N/A], 56
2026/02/05 04:25:17.571, NVIDIA Thor, 76 %, [N/A], [N/A], 55
2026/02/05 04:25:18.573, NVIDIA Thor, 98 %, [N/A], [N/A], 56
2026/02/05 04:25:19.574, NVIDIA Thor, 0 %, [N/A], [N/A], 55
2026/02/05 04:25:20.576, NVIDIA Thor, 98 %, [N/A], [N/A], 56
2026/02/05 04:25:21.578, NVIDIA Thor, 2 %, [N/A], [N/A], 55
2026/02/05 04:25:22.579, NVIDIA Thor, 0 %, [N/A], [N/A], 54
2026/02/05 04:25:23.580, NVIDIA Thor, 64 %, [N/A], [N/A], 56
2026/02/05 04:25:24.582, NVIDIA Thor, 30 %, [N/A], [N/A], 55
2026/02/05 04:25:25.586, NVIDIA Thor, 98 %, [N/A], [N/A], 57
2026/02/05 04:25:26.588, NVIDIA Thor, 11 %, [N/A], [N/A], 55
2026/02/05 04:25:27.589, NVIDIA Thor, 0 %, [N/A], [N/A], 55
2026/02/05 04:25:28.591, NVIDIA Thor, 97 %, [N/A], [N/A], 57
2026/02/05 04:25:29.596, NVIDIA Thor, 39 %, [N/A], [N/A], 56
2026/02/05 04:25:30.597, NVIDIA Thor, 12 %, [N/A], [N/A], 55
2026/02/05 04:25:31.599, NVIDIA Thor, 97 %, [N/A], [N/A], 56
2026/02/05 04:25:32.602, NVIDIA Thor, 98 %, [N/A], [N/A], 56
2026/02/05 04:25:33.603, NVIDIA Thor, 11 %, [N/A], [N/A], 55
2026/02/05 04:25:34.605, NVIDIA Thor, 87 %, [N/A], [N/A], 55
2026/02/05 04:25:35.607, NVIDIA Thor, 98 %, [N/A], [N/A], 56
2026/02/05 04:25:36.610, NVIDIA Thor, 5 %, [N/A], [N/A], 55
2026/02/05 04:25:37.611, NVIDIA Thor, 88 %, [N/A], [N/A], 56
2026/02/05 04:25:38.613, NVIDIA Thor, 98 %, [N/A], [N/A], 56
2026/02/05 04:25:39.615, NVIDIA Thor, 3 %, [N/A], [N/A], 55
2026/02/05 04:25:40.616, NVIDIA Thor, 81 %, [N/A], [N/A], 55
2026/02/05 04:25:41.618, NVIDIA Thor, 98 %, [N/A], [N/A], 56
2026/02/05 04:25:42.620, NVIDIA Thor, 16 %, [N/A], [N/A], 56
2026/02/05 04:25:43.621, NVIDIA Thor, 2 %, [N/A], [N/A], 55
2026/02/05 04:25:44.622, NVIDIA Thor, 2 %, [N/A], [N/A], 55
2026/02/05 04:25:45.625, NVIDIA Thor, 98 %, [N/A], [N/A], 57
2026/02/05 04:25:46.628, NVIDIA Thor, 5 %, [N/A], [N/A], 55
2026/02/05 04:25:47.629, NVIDIA Thor, 0 %, [N/A], [N/A], 54
2026/02/05 04:25:48.631, NVIDIA Thor, 98 %, [N/A], [N/A], 57
2026/02/05 04:25:49.633, NVIDIA Thor, 8 %, [N/A], [N/A], 55
2026/02/05 04:25:50.635, NVIDIA Thor, 0 %, [N/A], [N/A], 55
2026/02/05 04:25:51.636, NVIDIA Thor, 98 %, [N/A], [N/A], 56
2026/02/05 04:25:52.642, NVIDIA Thor, 24 %, [N/A], [N/A], 56
2026/02/05 04:25:53.643, NVIDIA Thor, 0 %, [N/A], [N/A], 55
2026/02/05 04:25:54.644, NVIDIA Thor, 97 %, [N/A], [N/A], 56
2026/02/05 04:25:55.648, NVIDIA Thor, 25 %, [N/A], [N/A], 56
2026/02/05 04:25:56.649, NVIDIA Thor, 91 %, [N/A], [N/A], 56
2026/02/05 04:25:57.655, NVIDIA Thor, 41 %, [N/A], [N/A], 56
2026/02/05 04:25:58.657, NVIDIA Thor, 1 %, [N/A], [N/A], 55
2026/02/05 04:25:59.658, NVIDIA Thor, 96 %, [N/A], [N/A], 56
2026/02/05 04:26:00.660, NVIDIA Thor, 97 %, [N/A], [N/A], 56
2026/02/05 04:26:01.662, NVIDIA Thor, 3 %, [N/A], [N/A], 55
2026/02/05 04:26:02.663, NVIDIA Thor, 97 %, [N/A], [N/A], 56
2026/02/05 04:26:03.666, NVIDIA Thor, 96 %, [N/A], [N/A], 56
2026/02/05 04:26:04.668, NVIDIA Thor, 2 %, [N/A], [N/A], 55
2026/02/05 04:26:05.669, NVIDIA Thor, 98 %, [N/A], [N/A], 57
2026/02/05 04:26:06.672, NVIDIA Thor, 3 %, [N/A], [N/A], 55
2026/02/05 04:26:07.673, NVIDIA Thor, 96 %, [N/A], [N/A], 56
2026/02/05 04:26:08.676, NVIDIA Thor, 37 %, [N/A], [N/A], 56
2026/02/05 04:26:09.678, NVIDIA Thor, 72 %, [N/A], [N/A], 55
2026/02/05 04:26:10.683, NVIDIA Thor, 8 %, [N/A], [N/A], 55
2026/02/05 04:26:11.685, NVIDIA Thor, 0 %, [N/A], [N/A], 54
2026/02/05 04:26:12.686, NVIDIA Thor, 1 %, [N/A], [N/A], 54
2026/02/05 04:26:13.687, NVIDIA Thor, 98 %, [N/A], [N/A], 56
2026/02/05 04:26:14.689, NVIDIA Thor, 5 %, [N/A], [N/A], 55
2026/02/05 04:26:15.691, NVIDIA Thor, 98 %, [N/A], [N/A], 57
2026/02/05 04:26:16.693, NVIDIA Thor, 5 %, [N/A], [N/A], 55
2026/02/05 04:26:17.694, NVIDIA Thor, 97 %, [N/A], [N/A], 57
2026/02/05 04:26:18.697, NVIDIA Thor, 5 %, [N/A], [N/A], 55
2026/02/05 04:26:19.698, NVIDIA Thor, 97 %, [N/A], [N/A], 56
2026/02/05 04:26:20.701, NVIDIA Thor, 4 %, [N/A], [N/A], 55
2026/02/05 04:26:21.702, NVIDIA Thor, 97 %, [N/A], [N/A], 56
2026/02/05 04:26:22.707, NVIDIA Thor, 5 %, [N/A], [N/A], 55
2026/02/05 04:26:23.710, NVIDIA Thor, 93 %, [N/A], [N/A], 56
2026/02/05 04:26:24.715, NVIDIA Thor, 17 %, [N/A], [N/A], 56
2026/02/05 04:26:25.717, NVIDIA Thor, 83 %, [N/A], [N/A], 55
2026/02/05 04:26:26.719, NVIDIA Thor, 97 %, [N/A], [N/A], 56
2026/02/05 04:26:27.720, NVIDIA Thor, 56 %, [N/A], [N/A], 55
2026/02/05 04:26:28.724, NVIDIA Thor, 98 %, [N/A], [N/A], 56
2026/02/05 04:26:29.726, NVIDIA Thor, 0 %, [N/A], [N/A], 55
2026/02/05 04:26:30.727, NVIDIA Thor, 98 %, [N/A], [N/A], 57
2026/02/05 04:26:31.729, NVIDIA Thor, 2 %, [N/A], [N/A], 55
2026/02/05 04:26:32.730, NVIDIA Thor, 97 %, [N/A], [N/A], 56
2026/02/05 04:26:33.735, NVIDIA Thor, 9 %, [N/A], [N/A], 55
2026/02/05 04:26:34.737, NVIDIA Thor, 89 %, [N/A], [N/A], 56
2026/02/05 04:26:35.740, NVIDIA Thor, 97 %, [N/A], [N/A], 56
2026/02/05 04:26:36.741, NVIDIA Thor, 19 %, [N/A], [N/A], 54
2026/02/05 04:26:37.743, NVIDIA Thor, 3 %, [N/A], [N/A], 55
2026/02/05 04:26:38.744, NVIDIA Thor, 98 %, [N/A], [N/A], 57
2026/02/05 04:26:39.746, NVIDIA Thor, 3 %, [N/A], [N/A], 55
2026/02/05 04:26:40.747, NVIDIA Thor, 98 %, [N/A], [N/A], 57
2026/02/05 04:26:41.752, NVIDIA Thor, 8 %, [N/A], [N/A], 55
2026/02/05 04:26:42.753, NVIDIA Thor, 97 %, [N/A], [N/A], 57
2026/02/05 04:26:43.756, NVIDIA Thor, 4 %, [N/A], [N/A], 55
2026/02/05 04:26:44.757, NVIDIA Thor, 97 %, [N/A], [N/A], 56
2026/02/05 04:26:45.760, NVIDIA Thor, 10 %, [N/A], [N/A], 56
2026/02/05 04:26:46.761, NVIDIA Thor, 93 %, [N/A], [N/A], 56
2026/02/05 04:26:47.766, NVIDIA Thor, 97 %, [N/A], [N/A], 56
2026/02/05 04:26:48.768, NVIDIA Thor, 0 %, [N/A], [N/A], 55
2026/02/05 04:26:49.769, NVIDIA Thor, 98 %, [N/A], [N/A], 57
2026/02/05 04:26:50.771, NVIDIA Thor, 2 %, [N/A], [N/A], 55
2026/02/05 04:26:51.773, NVIDIA Thor, 98 %, [N/A], [N/A], 56
2026/02/05 04:26:52.776, NVIDIA Thor, 91 %, [N/A], [N/A], 56
2026/02/05 04:26:53.778, NVIDIA Thor, 2 %, [N/A], [N/A], 55
2026/02/05 04:26:54.779, NVIDIA Thor, 98 %, [N/A], [N/A], 57
2026/02/05 04:26:55.781, NVIDIA Thor, 19 %, [N/A], [N/A], 56
2026/02/05 04:26:56.783, NVIDIA Thor, 0 %, [N/A], [N/A], 55
2026/02/05 04:26:57.785, NVIDIA Thor, 98 %, [N/A], [N/A], 57
2026/02/05 04:26:58.788, NVIDIA Thor, 2 %, [N/A], [N/A], 55
2026/02/05 04:26:59.789, NVIDIA Thor, 97 %, [N/A], [N/A], 56
2026/02/05 04:27:00.791, NVIDIA Thor, 0 %, [N/A], [N/A], 55
2026/02/05 04:27:01.793, NVIDIA Thor, 98 %, [N/A], [N/A], 57
2026/02/05 04:27:02.795, NVIDIA Thor, 2 %, [N/A], [N/A], 55
2026/02/05 04:27:03.799, NVIDIA Thor, 98 %, [N/A], [N/A], 56
2026/02/05 04:27:04.802, NVIDIA Thor, 0 %, [N/A], [N/A], 55
2026/02/05 04:27:05.803, NVIDIA Thor, 98 %, [N/A], [N/A], 57
2026/02/05 04:27:06.805, NVIDIA Thor, 3 %, [N/A], [N/A], 55
2026/02/05 04:27:07.806, NVIDIA Thor, 98 %, [N/A], [N/A], 57
2026/02/05 04:27:08.810, NVIDIA Thor, 3 %, [N/A], [N/A], 55
2026/02/05 04:27:09.811, NVIDIA Thor, 98 %, [N/A], [N/A], 57
2026/02/05 04:27:10.814, NVIDIA Thor, 5 %, [N/A], [N/A], 55
2026/02/05 04:27:11.816, NVIDIA Thor, 97 %, [N/A], [N/A], 56
2026/02/05 04:27:12.818, NVIDIA Thor, 16 %, [N/A], [N/A], 56
2026/02/05 04:27:13.819, NVIDIA Thor, 0 %, [N/A], [N/A], 55
2026/02/05 04:27:14.821, NVIDIA Thor, 98 %, [N/A], [N/A], 57
2026/02/05 04:27:15.823, NVIDIA Thor, 1 %, [N/A], [N/A], 55
2026/02/05 04:27:16.824, NVIDIA Thor, 98 %, [N/A], [N/A], 57
2026/02/05 04:27:17.827, NVIDIA Thor, 3 %, [N/A], [N/A], 55
2026/02/05 04:27:18.829, NVIDIA Thor, 92 %, [N/A], [N/A], 56
2026/02/05 04:27:19.831, NVIDIA Thor, 76 %, [N/A], [N/A], 56
2026/02/05 04:27:20.833, NVIDIA Thor, 0 %, [N/A], [N/A], 55
2026/02/05 04:27:21.834, NVIDIA Thor, 98 %, [N/A], [N/A], 57
2026/02/05 04:27:22.836, NVIDIA Thor, 5 %, [N/A], [N/A], 55
2026/02/05 04:27:23.837, NVIDIA Thor, 97 %, [N/A], [N/A], 57
2026/02/05 04:27:24.842, NVIDIA Thor, 3 %, [N/A], [N/A], 55
2026/02/05 04:27:25.843, NVIDIA Thor, 0 %, [N/A], [N/A], 54
2026/02/05 04:27:26.844, NVIDIA Thor, 0 %, [N/A], [N/A], 53
2026/02/05 04:27:27.846, NVIDIA Thor, 0 %, [N/A], [N/A], 53
2026/02/05 04:27:28.849, NVIDIA Thor, 0 %, [N/A], [N/A], 53
2026/02/05 04:27:29.854, NVIDIA Thor, 0 %, [N/A], [N/A], 52
