timestamp, name, utilization.gpu [%], memory.used [MiB], memory.total [MiB], temperature.gpu
2026/02/05 07:51:20.436, NVIDIA Thor, 0 %, [N/A], [N/A], 35
2026/02/05 07:51:21.444, NVIDIA Thor, 97 %, [N/A], [N/A], 36
2026/02/05 07:51:22.447, NVIDIA Thor, 0 %, [N/A], [N/A], 36
2026/02/05 07:51:23.449, NVIDIA Thor, 0 %, [N/A], [N/A], 35
2026/02/05 07:51:24.450, NVIDIA Thor, 0 %, [N/A], [N/A], 35
2026/02/05 07:51:25.453, NVIDIA Thor, 0 %, [N/A], [N/A], 35
2026/02/05 07:51:26.456, NVIDIA Thor, 0 %, [N/A], [N/A], 36
2026/02/05 07:51:27.459, NVIDIA Thor, 66 %, [N/A], [N/A], 36
2026/02/05 07:51:28.461, NVIDIA Thor, 1 %, [N/A], [N/A], 36
2026/02/05 07:51:29.463, NVIDIA Thor, 10 %, [N/A], [N/A], 37
2026/02/05 07:51:30.466, NVIDIA Thor, 1 %, [N/A], [N/A], 37
2026/02/05 07:51:31.468, NVIDIA Thor, 97 %, [N/A], [N/A], 38
2026/02/05 07:51:32.475, NVIDIA Thor, 98 %, [N/A], [N/A], 39
2026/02/05 07:51:33.481, NVIDIA Thor, 8 %, [N/A], [N/A], 38
2026/02/05 07:51:34.483, NVIDIA Thor, 0 %, [N/A], [N/A], 38
2026/02/05 07:51:35.486, NVIDIA Thor, 1 %, [N/A], [N/A], 38
2026/02/05 07:51:36.487, NVIDIA Thor, 95 %, [N/A], [N/A], 39
2026/02/05 07:51:37.494, NVIDIA Thor, 98 %, [N/A], [N/A], 40
2026/02/05 07:51:38.496, NVIDIA Thor, 7 %, [N/A], [N/A], 38
2026/02/05 07:51:39.498, NVIDIA Thor, 97 %, [N/A], [N/A], 40
2026/02/05 07:51:40.502, NVIDIA Thor, 98 %, [N/A], [N/A], 40
2026/02/05 07:51:41.504, NVIDIA Thor, 14 %, [N/A], [N/A], 39
2026/02/05 07:51:42.506, NVIDIA Thor, 0 %, [N/A], [N/A], 39
2026/02/05 07:51:43.508, NVIDIA Thor, 2 %, [N/A], [N/A], 38
2026/02/05 07:51:44.510, NVIDIA Thor, 6 %, [N/A], [N/A], 39
2026/02/05 07:51:45.513, NVIDIA Thor, 98 %, [N/A], [N/A], 40
2026/02/05 07:51:46.516, NVIDIA Thor, 3 %, [N/A], [N/A], 39
2026/02/05 07:51:47.517, NVIDIA Thor, 98 %, [N/A], [N/A], 41
2026/02/05 07:51:48.523, NVIDIA Thor, 97 %, [N/A], [N/A], 41
2026/02/05 07:51:49.529, NVIDIA Thor, 97 %, [N/A], [N/A], 41
2026/02/05 07:51:50.531, NVIDIA Thor, 2 %, [N/A], [N/A], 39
2026/02/05 07:51:51.533, NVIDIA Thor, 1 %, [N/A], [N/A], 39
2026/02/05 07:51:52.534, NVIDIA Thor, 2 %, [N/A], [N/A], 39
2026/02/05 07:51:53.536, NVIDIA Thor, 1 %, [N/A], [N/A], 39
2026/02/05 07:51:54.538, NVIDIA Thor, 3 %, [N/A], [N/A], 40
2026/02/05 07:51:55.539, NVIDIA Thor, 98 %, [N/A], [N/A], 41
2026/02/05 07:51:56.544, NVIDIA Thor, 5 %, [N/A], [N/A], 40
2026/02/05 07:51:57.547, NVIDIA Thor, 5 %, [N/A], [N/A], 40
2026/02/05 07:51:58.549, NVIDIA Thor, 98 %, [N/A], [N/A], 41
2026/02/05 07:51:59.552, NVIDIA Thor, 97 %, [N/A], [N/A], 41
2026/02/05 07:52:00.554, NVIDIA Thor, 1 %, [N/A], [N/A], 40
2026/02/05 07:52:01.556, NVIDIA Thor, 2 %, [N/A], [N/A], 40
2026/02/05 07:52:02.558, NVIDIA Thor, 97 %, [N/A], [N/A], 42
2026/02/05 07:52:03.566, NVIDIA Thor, 19 %, [N/A], [N/A], 40
2026/02/05 07:52:04.567, NVIDIA Thor, 1 %, [N/A], [N/A], 40
2026/02/05 07:52:05.569, NVIDIA Thor, 98 %, [N/A], [N/A], 41
2026/02/05 07:52:06.572, NVIDIA Thor, 11 %, [N/A], [N/A], 40
2026/02/05 07:52:07.573, NVIDIA Thor, 98 %, [N/A], [N/A], 42
2026/02/05 07:52:08.576, NVIDIA Thor, 4 %, [N/A], [N/A], 41
2026/02/05 07:52:09.578, NVIDIA Thor, 2 %, [N/A], [N/A], 40
2026/02/05 07:52:10.580, NVIDIA Thor, 3 %, [N/A], [N/A], 40
2026/02/05 07:52:11.582, NVIDIA Thor, 1 %, [N/A], [N/A], 41
2026/02/05 07:52:12.583, NVIDIA Thor, 3 %, [N/A], [N/A], 40
2026/02/05 07:52:13.585, NVIDIA Thor, 98 %, [N/A], [N/A], 42
2026/02/05 07:52:14.589, NVIDIA Thor, 31 %, [N/A], [N/A], 42
2026/02/05 07:52:15.591, NVIDIA Thor, 3 %, [N/A], [N/A], 41
2026/02/05 07:52:16.593, NVIDIA Thor, 95 %, [N/A], [N/A], 42
2026/02/05 07:52:17.601, NVIDIA Thor, 98 %, [N/A], [N/A], 42
2026/02/05 07:52:18.603, NVIDIA Thor, 35 %, [N/A], [N/A], 41
2026/02/05 07:52:19.605, NVIDIA Thor, 2 %, [N/A], [N/A], 41
2026/02/05 07:52:20.607, NVIDIA Thor, 97 %, [N/A], [N/A], 42
2026/02/05 07:52:21.609, NVIDIA Thor, 1 %, [N/A], [N/A], 41
2026/02/05 07:52:22.611, NVIDIA Thor, 97 %, [N/A], [N/A], 42
2026/02/05 07:52:23.618, NVIDIA Thor, 18 %, [N/A], [N/A], 42
2026/02/05 07:52:24.619, NVIDIA Thor, 7 %, [N/A], [N/A], 41
2026/02/05 07:52:25.622, NVIDIA Thor, 6 %, [N/A], [N/A], 41
2026/02/05 07:52:26.623, NVIDIA Thor, 98 %, [N/A], [N/A], 43
2026/02/05 07:52:27.627, NVIDIA Thor, 78 %, [N/A], [N/A], 42
2026/02/05 07:52:28.629, NVIDIA Thor, 2 %, [N/A], [N/A], 41
2026/02/05 07:52:29.630, NVIDIA Thor, 74 %, [N/A], [N/A], 42
2026/02/05 07:52:30.634, NVIDIA Thor, 98 %, [N/A], [N/A], 43
2026/02/05 07:52:31.637, NVIDIA Thor, 98 %, [N/A], [N/A], 43
2026/02/05 07:52:32.639, NVIDIA Thor, 0 %, [N/A], [N/A], 41
2026/02/05 07:52:33.641, NVIDIA Thor, 98 %, [N/A], [N/A], 43
2026/02/05 07:52:34.643, NVIDIA Thor, 33 %, [N/A], [N/A], 42
2026/02/05 07:52:35.650, NVIDIA Thor, 98 %, [N/A], [N/A], 43
2026/02/05 07:52:36.654, NVIDIA Thor, 6 %, [N/A], [N/A], 42
2026/02/05 07:52:37.655, NVIDIA Thor, 90 %, [N/A], [N/A], 42
2026/02/05 07:52:38.658, NVIDIA Thor, 98 %, [N/A], [N/A], 43
2026/02/05 07:52:39.660, NVIDIA Thor, 4 %, [N/A], [N/A], 42
2026/02/05 07:52:40.661, NVIDIA Thor, 9 %, [N/A], [N/A], 42
2026/02/05 07:52:41.663, NVIDIA Thor, 97 %, [N/A], [N/A], 43
2026/02/05 07:52:42.670, NVIDIA Thor, 98 %, [N/A], [N/A], 44
2026/02/05 07:52:43.673, NVIDIA Thor, 9 %, [N/A], [N/A], 43
2026/02/05 07:52:44.674, NVIDIA Thor, 0 %, [N/A], [N/A], 42
2026/02/05 07:52:45.676, NVIDIA Thor, 97 %, [N/A], [N/A], 43
2026/02/05 07:52:46.679, NVIDIA Thor, 98 %, [N/A], [N/A], 43
2026/02/05 07:52:47.681, NVIDIA Thor, 12 %, [N/A], [N/A], 41
2026/02/05 07:52:48.688, NVIDIA Thor, 97 %, [N/A], [N/A], 43
2026/02/05 07:52:49.694, NVIDIA Thor, 10 %, [N/A], [N/A], 42
2026/02/05 07:52:50.696, NVIDIA Thor, 2 %, [N/A], [N/A], 42
2026/02/05 07:52:51.697, NVIDIA Thor, 98 %, [N/A], [N/A], 43
2026/02/05 07:52:52.702, NVIDIA Thor, 3 %, [N/A], [N/A], 42
2026/02/05 07:52:53.703, NVIDIA Thor, 10 %, [N/A], [N/A], 42
2026/02/05 07:52:54.705, NVIDIA Thor, 2 %, [N/A], [N/A], 42
2026/02/05 07:52:55.706, NVIDIA Thor, 97 %, [N/A], [N/A], 44
2026/02/05 07:52:56.715, NVIDIA Thor, 10 %, [N/A], [N/A], 43
2026/02/05 07:52:57.717, NVIDIA Thor, 94 %, [N/A], [N/A], 43
2026/02/05 07:52:58.723, NVIDIA Thor, 4 %, [N/A], [N/A], 43
2026/02/05 07:52:59.725, NVIDIA Thor, 1 %, [N/A], [N/A], 43
2026/02/05 07:53:00.727, NVIDIA Thor, 3 %, [N/A], [N/A], 42
2026/02/05 07:53:01.729, NVIDIA Thor, 59 %, [N/A], [N/A], 43
2026/02/05 07:53:02.734, NVIDIA Thor, 1 %, [N/A], [N/A], 42
2026/02/05 07:53:03.735, NVIDIA Thor, 98 %, [N/A], [N/A], 44
2026/02/05 07:53:04.737, NVIDIA Thor, 3 %, [N/A], [N/A], 42
2026/02/05 07:53:05.739, NVIDIA Thor, 97 %, [N/A], [N/A], 44
2026/02/05 07:53:06.742, NVIDIA Thor, 1 %, [N/A], [N/A], 43
2026/02/05 07:53:07.743, NVIDIA Thor, 9 %, [N/A], [N/A], 43
2026/02/05 07:53:08.745, NVIDIA Thor, 0 %, [N/A], [N/A], 43
2026/02/05 07:53:09.746, NVIDIA Thor, 5 %, [N/A], [N/A], 43
2026/02/05 07:53:10.749, NVIDIA Thor, 1 %, [N/A], [N/A], 42
2026/02/05 07:53:11.750, NVIDIA Thor, 98 %, [N/A], [N/A], 44
2026/02/05 07:53:12.754, NVIDIA Thor, 4 %, [N/A], [N/A], 43
2026/02/05 07:53:13.755, NVIDIA Thor, 20 %, [N/A], [N/A], 43
2026/02/05 07:53:14.764, NVIDIA Thor, 98 %, [N/A], [N/A], 44
2026/02/05 07:53:15.766, NVIDIA Thor, 2 %, [N/A], [N/A], 43
2026/02/05 07:53:16.768, NVIDIA Thor, 0 %, [N/A], [N/A], 42
2026/02/05 07:53:17.770, NVIDIA Thor, 98 %, [N/A], [N/A], 44
2026/02/05 07:53:18.772, NVIDIA Thor, 0 %, [N/A], [N/A], 43
2026/02/05 07:53:19.773, NVIDIA Thor, 98 %, [N/A], [N/A], 44
2026/02/05 07:53:20.777, NVIDIA Thor, 2 %, [N/A], [N/A], 43
2026/02/05 07:53:21.779, NVIDIA Thor, 3 %, [N/A], [N/A], 43
2026/02/05 07:53:22.781, NVIDIA Thor, 90 %, [N/A], [N/A], 44
2026/02/05 07:53:23.784, NVIDIA Thor, 98 %, [N/A], [N/A], 45
2026/02/05 07:53:24.786, NVIDIA Thor, 97 %, [N/A], [N/A], 45
2026/02/05 07:53:25.790, NVIDIA Thor, 10 %, [N/A], [N/A], 43
2026/02/05 07:53:26.792, NVIDIA Thor, 4 %, [N/A], [N/A], 43
2026/02/05 07:53:27.793, NVIDIA Thor, 97 %, [N/A], [N/A], 44
2026/02/05 07:53:28.796, NVIDIA Thor, 47 %, [N/A], [N/A], 44
2026/02/05 07:53:29.797, NVIDIA Thor, 0 %, [N/A], [N/A], 43
2026/02/05 07:53:30.799, NVIDIA Thor, 2 %, [N/A], [N/A], 43
2026/02/05 07:53:31.801, NVIDIA Thor, 0 %, [N/A], [N/A], 43
2026/02/05 07:53:32.802, NVIDIA Thor, 91 %, [N/A], [N/A], 44
2026/02/05 07:53:33.806, NVIDIA Thor, 98 %, [N/A], [N/A], 44
2026/02/05 07:53:34.809, NVIDIA Thor, 6 %, [N/A], [N/A], 44
2026/02/05 07:53:35.810, NVIDIA Thor, 7 %, [N/A], [N/A], 43
2026/02/05 07:53:36.811, NVIDIA Thor, 98 %, [N/A], [N/A], 45
2026/02/05 07:53:37.817, NVIDIA Thor, 62 %, [N/A], [N/A], 44
2026/02/05 07:53:38.819, NVIDIA Thor, 10 %, [N/A], [N/A], 44
2026/02/05 07:53:39.820, NVIDIA Thor, 71 %, [N/A], [N/A], 44
2026/02/05 07:53:40.822, NVIDIA Thor, 98 %, [N/A], [N/A], 45
2026/02/05 07:53:41.824, NVIDIA Thor, 2 %, [N/A], [N/A], 43
2026/02/05 07:53:42.826, NVIDIA Thor, 97 %, [N/A], [N/A], 45
2026/02/05 07:53:43.835, NVIDIA Thor, 7 %, [N/A], [N/A], 44
2026/02/05 07:53:44.838, NVIDIA Thor, 2 %, [N/A], [N/A], 44
2026/02/05 07:53:45.840, NVIDIA Thor, 2 %, [N/A], [N/A], 43
2026/02/05 07:53:46.847, NVIDIA Thor, 98 %, [N/A], [N/A], 45
2026/02/05 07:53:47.852, NVIDIA Thor, 8 %, [N/A], [N/A], 44
2026/02/05 07:53:48.854, NVIDIA Thor, 98 %, [N/A], [N/A], 45
2026/02/05 07:53:49.858, NVIDIA Thor, 98 %, [N/A], [N/A], 45
2026/02/05 07:53:50.861, NVIDIA Thor, 3 %, [N/A], [N/A], 44
2026/02/05 07:53:51.862, NVIDIA Thor, 0 %, [N/A], [N/A], 43
2026/02/05 07:53:52.864, NVIDIA Thor, 97 %, [N/A], [N/A], 45
2026/02/05 07:53:53.869, NVIDIA Thor, 8 %, [N/A], [N/A], 44
2026/02/05 07:53:54.870, NVIDIA Thor, 2 %, [N/A], [N/A], 44
2026/02/05 07:53:55.872, NVIDIA Thor, 98 %, [N/A], [N/A], 45
2026/02/05 07:53:56.878, NVIDIA Thor, 11 %, [N/A], [N/A], 44
2026/02/05 07:53:57.879, NVIDIA Thor, 95 %, [N/A], [N/A], 45
2026/02/05 07:53:58.884, NVIDIA Thor, 97 %, [N/A], [N/A], 46
2026/02/05 07:53:59.887, NVIDIA Thor, 97 %, [N/A], [N/A], 45
2026/02/05 07:54:00.890, NVIDIA Thor, 10 %, [N/A], [N/A], 44
2026/02/05 07:54:01.891, NVIDIA Thor, 6 %, [N/A], [N/A], 44
2026/02/05 07:54:02.893, NVIDIA Thor, 97 %, [N/A], [N/A], 45
2026/02/05 07:54:03.898, NVIDIA Thor, 61 %, [N/A], [N/A], 45
2026/02/05 07:54:04.900, NVIDIA Thor, 1 %, [N/A], [N/A], 44
2026/02/05 07:54:05.901, NVIDIA Thor, 97 %, [N/A], [N/A], 46
2026/02/05 07:54:06.905, NVIDIA Thor, 97 %, [N/A], [N/A], 45
2026/02/05 07:54:07.907, NVIDIA Thor, 7 %, [N/A], [N/A], 44
2026/02/05 07:54:08.909, NVIDIA Thor, 97 %, [N/A], [N/A], 45
2026/02/05 07:54:09.915, NVIDIA Thor, 9 %, [N/A], [N/A], 45
2026/02/05 07:54:10.917, NVIDIA Thor, 95 %, [N/A], [N/A], 45
2026/02/05 07:54:11.920, NVIDIA Thor, 85 %, [N/A], [N/A], 46
2026/02/05 07:54:12.922, NVIDIA Thor, 0 %, [N/A], [N/A], 44
2026/02/05 07:54:13.923, NVIDIA Thor, 97 %, [N/A], [N/A], 46
2026/02/05 07:54:14.927, NVIDIA Thor, 21 %, [N/A], [N/A], 44
2026/02/05 07:54:15.929, NVIDIA Thor, 5 %, [N/A], [N/A], 44
2026/02/05 07:54:16.931, NVIDIA Thor, 98 %, [N/A], [N/A], 45
2026/02/05 07:54:17.934, NVIDIA Thor, 98 %, [N/A], [N/A], 46
2026/02/05 07:54:18.937, NVIDIA Thor, 92 %, [N/A], [N/A], 45
2026/02/05 07:54:19.939, NVIDIA Thor, 8 %, [N/A], [N/A], 44
2026/02/05 07:54:20.941, NVIDIA Thor, 7 %, [N/A], [N/A], 44
2026/02/05 07:54:21.942, NVIDIA Thor, 10 %, [N/A], [N/A], 44
2026/02/05 07:54:22.944, NVIDIA Thor, 2 %, [N/A], [N/A], 44
2026/02/05 07:54:23.946, NVIDIA Thor, 35 %, [N/A], [N/A], 44
2026/02/05 07:54:24.952, NVIDIA Thor, 91 %, [N/A], [N/A], 45
2026/02/05 07:54:25.955, NVIDIA Thor, 1 %, [N/A], [N/A], 44
2026/02/05 07:54:26.957, NVIDIA Thor, 52 %, [N/A], [N/A], 45
2026/02/05 07:54:27.963, NVIDIA Thor, 97 %, [N/A], [N/A], 46
2026/02/05 07:54:28.970, NVIDIA Thor, 97 %, [N/A], [N/A], 46
2026/02/05 07:54:29.977, NVIDIA Thor, 98 %, [N/A], [N/A], 46
2026/02/05 07:54:30.979, NVIDIA Thor, 41 %, [N/A], [N/A], 44
2026/02/05 07:54:31.981, NVIDIA Thor, 43 %, [N/A], [N/A], 46
2026/02/05 07:54:32.982, NVIDIA Thor, 3 %, [N/A], [N/A], 44
2026/02/05 07:54:33.985, NVIDIA Thor, 0 %, [N/A], [N/A], 44
2026/02/05 07:54:34.986, NVIDIA Thor, 98 %, [N/A], [N/A], 46
2026/02/05 07:54:35.989, NVIDIA Thor, 3 %, [N/A], [N/A], 45
2026/02/05 07:54:36.990, NVIDIA Thor, 9 %, [N/A], [N/A], 45
2026/02/05 07:54:37.992, NVIDIA Thor, 1 %, [N/A], [N/A], 45
2026/02/05 07:54:38.994, NVIDIA Thor, 12 %, [N/A], [N/A], 45
2026/02/05 07:54:39.996, NVIDIA Thor, 97 %, [N/A], [N/A], 46
2026/02/05 07:54:40.999, NVIDIA Thor, 97 %, [N/A], [N/A], 46
2026/02/05 07:54:42.003, NVIDIA Thor, 93 %, [N/A], [N/A], 45
2026/02/05 07:54:43.006, NVIDIA Thor, 1 %, [N/A], [N/A], 44
2026/02/05 07:54:44.008, NVIDIA Thor, 2 %, [N/A], [N/A], 45
2026/02/05 07:54:45.009, NVIDIA Thor, 4 %, [N/A], [N/A], 45
2026/02/05 07:54:46.011, NVIDIA Thor, 0 %, [N/A], [N/A], 44
2026/02/05 07:54:47.013, NVIDIA Thor, 9 %, [N/A], [N/A], 45
2026/02/05 07:54:48.015, NVIDIA Thor, 0 %, [N/A], [N/A], 45
2026/02/05 07:54:49.017, NVIDIA Thor, 98 %, [N/A], [N/A], 46
2026/02/05 07:54:50.021, NVIDIA Thor, 62 %, [N/A], [N/A], 46
2026/02/05 07:54:51.023, NVIDIA Thor, 3 %, [N/A], [N/A], 45
2026/02/05 07:54:52.026, NVIDIA Thor, 98 %, [N/A], [N/A], 46
2026/02/05 07:54:53.029, NVIDIA Thor, 98 %, [N/A], [N/A], 46
2026/02/05 07:54:54.032, NVIDIA Thor, 3 %, [N/A], [N/A], 45
2026/02/05 07:54:55.033, NVIDIA Thor, 0 %, [N/A], [N/A], 45
2026/02/05 07:54:56.034, NVIDIA Thor, 98 %, [N/A], [N/A], 47
2026/02/05 07:54:57.036, NVIDIA Thor, 3 %, [N/A], [N/A], 46
2026/02/05 07:54:58.037, NVIDIA Thor, 8 %, [N/A], [N/A], 45
2026/02/05 07:54:59.039, NVIDIA Thor, 1 %, [N/A], [N/A], 45
2026/02/05 07:55:00.041, NVIDIA Thor, 95 %, [N/A], [N/A], 46
2026/02/05 07:55:01.045, NVIDIA Thor, 0 %, [N/A], [N/A], 45
2026/02/05 07:55:02.047, NVIDIA Thor, 9 %, [N/A], [N/A], 44
2026/02/05 07:55:03.050, NVIDIA Thor, 2 %, [N/A], [N/A], 45
2026/02/05 07:55:04.051, NVIDIA Thor, 98 %, [N/A], [N/A], 46
2026/02/05 07:55:05.058, NVIDIA Thor, 6 %, [N/A], [N/A], 46
2026/02/05 07:55:06.060, NVIDIA Thor, 0 %, [N/A], [N/A], 45
2026/02/05 07:55:07.061, NVIDIA Thor, 1 %, [N/A], [N/A], 45
2026/02/05 07:55:08.063, NVIDIA Thor, 1 %, [N/A], [N/A], 45
2026/02/05 07:55:09.065, NVIDIA Thor, 3 %, [N/A], [N/A], 45
2026/02/05 07:55:10.066, NVIDIA Thor, 98 %, [N/A], [N/A], 47
2026/02/05 07:55:11.069, NVIDIA Thor, 4 %, [N/A], [N/A], 45
2026/02/05 07:55:12.071, NVIDIA Thor, 95 %, [N/A], [N/A], 46
2026/02/05 07:55:13.073, NVIDIA Thor, 97 %, [N/A], [N/A], 47
2026/02/05 07:55:14.075, NVIDIA Thor, 98 %, [N/A], [N/A], 47
2026/02/05 07:55:15.077, NVIDIA Thor, 98 %, [N/A], [N/A], 47
2026/02/05 07:55:16.080, NVIDIA Thor, 1 %, [N/A], [N/A], 45
2026/02/05 07:55:17.082, NVIDIA Thor, 98 %, [N/A], [N/A], 46
2026/02/05 07:55:18.084, NVIDIA Thor, 6 %, [N/A], [N/A], 46
2026/02/05 07:55:19.085, NVIDIA Thor, 1 %, [N/A], [N/A], 45
2026/02/05 07:55:20.087, NVIDIA Thor, 93 %, [N/A], [N/A], 46
2026/02/05 07:55:21.090, NVIDIA Thor, 97 %, [N/A], [N/A], 46
2026/02/05 07:55:22.096, NVIDIA Thor, 97 %, [N/A], [N/A], 47
2026/02/05 07:55:23.100, NVIDIA Thor, 98 %, [N/A], [N/A], 47
2026/02/05 07:55:24.104, NVIDIA Thor, 4 %, [N/A], [N/A], 46
2026/02/05 07:55:25.106, NVIDIA Thor, 4 %, [N/A], [N/A], 45
2026/02/05 07:55:26.108, NVIDIA Thor, 98 %, [N/A], [N/A], 47
2026/02/05 07:55:27.112, NVIDIA Thor, 97 %, [N/A], [N/A], 47
2026/02/05 07:55:28.115, NVIDIA Thor, 98 %, [N/A], [N/A], 47
2026/02/05 07:55:29.121, NVIDIA Thor, 95 %, [N/A], [N/A], 46
2026/02/05 07:55:30.125, NVIDIA Thor, 90 %, [N/A], [N/A], 46
2026/02/05 07:55:31.128, NVIDIA Thor, 13 %, [N/A], [N/A], 45
2026/02/05 07:55:32.146, NVIDIA Thor, 2 %, [N/A], [N/A], 45
2026/02/05 07:55:33.148, NVIDIA Thor, 98 %, [N/A], [N/A], 47
2026/02/05 07:55:34.150, NVIDIA Thor, 0 %, [N/A], [N/A], 45
2026/02/05 07:55:35.151, NVIDIA Thor, 98 %, [N/A], [N/A], 47
2026/02/05 07:55:36.156, NVIDIA Thor, 98 %, [N/A], [N/A], 47
2026/02/05 07:55:37.158, NVIDIA Thor, 7 %, [N/A], [N/A], 46
2026/02/05 07:55:38.160, NVIDIA Thor, 76 %, [N/A], [N/A], 46
2026/02/05 07:55:39.162, NVIDIA Thor, 98 %, [N/A], [N/A], 47
2026/02/05 07:55:40.169, NVIDIA Thor, 2 %, [N/A], [N/A], 46
2026/02/05 07:55:41.170, NVIDIA Thor, 0 %, [N/A], [N/A], 46
2026/02/05 07:55:42.172, NVIDIA Thor, 97 %, [N/A], [N/A], 47
2026/02/05 07:55:43.178, NVIDIA Thor, 97 %, [N/A], [N/A], 47
2026/02/05 07:55:44.185, NVIDIA Thor, 95 %, [N/A], [N/A], 46
2026/02/05 07:55:45.188, NVIDIA Thor, 92 %, [N/A], [N/A], 46
2026/02/05 07:55:46.191, NVIDIA Thor, 2 %, [N/A], [N/A], 45
2026/02/05 07:55:47.192, NVIDIA Thor, 35 %, [N/A], [N/A], 45
2026/02/05 07:55:48.193, NVIDIA Thor, 4 %, [N/A], [N/A], 46
2026/02/05 07:55:49.195, NVIDIA Thor, 97 %, [N/A], [N/A], 47
2026/02/05 07:55:50.199, NVIDIA Thor, 98 %, [N/A], [N/A], 47
2026/02/05 07:55:51.201, NVIDIA Thor, 2 %, [N/A], [N/A], 46
2026/02/05 07:55:52.203, NVIDIA Thor, 96 %, [N/A], [N/A], 47
2026/02/05 07:55:53.209, NVIDIA Thor, 98 %, [N/A], [N/A], 47
2026/02/05 07:55:54.212, NVIDIA Thor, 10 %, [N/A], [N/A], 46
2026/02/05 07:55:55.214, NVIDIA Thor, 94 %, [N/A], [N/A], 47
2026/02/05 07:55:56.219, NVIDIA Thor, 10 %, [N/A], [N/A], 47
2026/02/05 07:55:57.221, NVIDIA Thor, 85 %, [N/A], [N/A], 46
2026/02/05 07:55:58.223, NVIDIA Thor, 98 %, [N/A], [N/A], 47
2026/02/05 07:55:59.227, NVIDIA Thor, 0 %, [N/A], [N/A], 46
2026/02/05 07:56:00.229, NVIDIA Thor, 4 %, [N/A], [N/A], 46
2026/02/05 07:56:01.230, NVIDIA Thor, 2 %, [N/A], [N/A], 45
2026/02/05 07:56:02.232, NVIDIA Thor, 96 %, [N/A], [N/A], 47
2026/02/05 07:56:03.237, NVIDIA Thor, 8 %, [N/A], [N/A], 47
2026/02/05 07:56:04.238, NVIDIA Thor, 0 %, [N/A], [N/A], 46
2026/02/05 07:56:05.242, NVIDIA Thor, 98 %, [N/A], [N/A], 47
2026/02/05 07:56:06.244, NVIDIA Thor, 10 %, [N/A], [N/A], 46
2026/02/05 07:56:07.245, NVIDIA Thor, 82 %, [N/A], [N/A], 46
2026/02/05 07:56:08.247, NVIDIA Thor, 97 %, [N/A], [N/A], 47
2026/02/05 07:56:09.249, NVIDIA Thor, 1 %, [N/A], [N/A], 46
2026/02/05 07:56:10.251, NVIDIA Thor, 97 %, [N/A], [N/A], 47
2026/02/05 07:56:11.254, NVIDIA Thor, 98 %, [N/A], [N/A], 48
2026/02/05 07:56:12.256, NVIDIA Thor, 2 %, [N/A], [N/A], 46
2026/02/05 07:56:13.258, NVIDIA Thor, 97 %, [N/A], [N/A], 47
2026/02/05 07:56:14.262, NVIDIA Thor, 97 %, [N/A], [N/A], 48
2026/02/05 07:56:15.264, NVIDIA Thor, 0 %, [N/A], [N/A], 46
2026/02/05 07:56:16.265, NVIDIA Thor, 14 %, [N/A], [N/A], 47
2026/02/05 07:56:17.267, NVIDIA Thor, 96 %, [N/A], [N/A], 47
2026/02/05 07:56:18.269, NVIDIA Thor, 97 %, [N/A], [N/A], 48
2026/02/05 07:56:19.271, NVIDIA Thor, 8 %, [N/A], [N/A], 46
2026/02/05 07:56:20.273, NVIDIA Thor, 97 %, [N/A], [N/A], 47
2026/02/05 07:56:21.279, NVIDIA Thor, 98 %, [N/A], [N/A], 48
2026/02/05 07:56:22.281, NVIDIA Thor, 7 %, [N/A], [N/A], 46
2026/02/05 07:56:23.283, NVIDIA Thor, 98 %, [N/A], [N/A], 48
2026/02/05 07:56:24.288, NVIDIA Thor, 60 %, [N/A], [N/A], 47
2026/02/05 07:56:25.289, NVIDIA Thor, 5 %, [N/A], [N/A], 46
2026/02/05 07:56:26.291, NVIDIA Thor, 82 %, [N/A], [N/A], 47
2026/02/05 07:56:27.293, NVIDIA Thor, 97 %, [N/A], [N/A], 48
2026/02/05 07:56:28.294, NVIDIA Thor, 1 %, [N/A], [N/A], 46
2026/02/05 07:56:29.296, NVIDIA Thor, 15 %, [N/A], [N/A], 46
2026/02/05 07:56:30.307, NVIDIA Thor, 0 %, [N/A], [N/A], 46
2026/02/05 07:56:31.308, NVIDIA Thor, 9 %, [N/A], [N/A], 46
2026/02/05 07:56:32.309, NVIDIA Thor, 90 %, [N/A], [N/A], 47
2026/02/05 07:56:33.313, NVIDIA Thor, 98 %, [N/A], [N/A], 48
2026/02/05 07:56:34.319, NVIDIA Thor, 98 %, [N/A], [N/A], 48
2026/02/05 07:56:35.323, NVIDIA Thor, 6 %, [N/A], [N/A], 47
2026/02/05 07:56:36.324, NVIDIA Thor, 5 %, [N/A], [N/A], 46
2026/02/05 07:56:37.325, NVIDIA Thor, 98 %, [N/A], [N/A], 48
2026/02/05 07:56:38.329, NVIDIA Thor, 1 %, [N/A], [N/A], 47
2026/02/05 07:56:39.331, NVIDIA Thor, 87 %, [N/A], [N/A], 47
2026/02/05 07:56:40.334, NVIDIA Thor, 40 %, [N/A], [N/A], 48
2026/02/05 07:56:41.335, NVIDIA Thor, 1 %, [N/A], [N/A], 46
2026/02/05 07:56:42.337, NVIDIA Thor, 98 %, [N/A], [N/A], 48
2026/02/05 07:56:43.339, NVIDIA Thor, 3 %, [N/A], [N/A], 47
2026/02/05 07:56:44.340, NVIDIA Thor, 2 %, [N/A], [N/A], 47
2026/02/05 07:56:45.342, NVIDIA Thor, 3 %, [N/A], [N/A], 46
2026/02/05 07:56:46.343, NVIDIA Thor, 81 %, [N/A], [N/A], 47
2026/02/05 07:56:47.346, NVIDIA Thor, 97 %, [N/A], [N/A], 48
2026/02/05 07:56:48.349, NVIDIA Thor, 8 %, [N/A], [N/A], 47
2026/02/05 07:56:49.351, NVIDIA Thor, 5 %, [N/A], [N/A], 47
2026/02/05 07:56:50.352, NVIDIA Thor, 58 %, [N/A], [N/A], 47
2026/02/05 07:56:51.359, NVIDIA Thor, 97 %, [N/A], [N/A], 48
2026/02/05 07:56:52.362, NVIDIA Thor, 98 %, [N/A], [N/A], 48
2026/02/05 07:56:53.363, NVIDIA Thor, 10 %, [N/A], [N/A], 47
2026/02/05 07:56:54.365, NVIDIA Thor, 0 %, [N/A], [N/A], 47
2026/02/05 07:56:55.366, NVIDIA Thor, 98 %, [N/A], [N/A], 48
2026/02/05 07:56:56.372, NVIDIA Thor, 14 %, [N/A], [N/A], 47
2026/02/05 07:56:57.373, NVIDIA Thor, 51 %, [N/A], [N/A], 47
2026/02/05 07:56:58.377, NVIDIA Thor, 74 %, [N/A], [N/A], 48
2026/02/05 07:56:59.378, NVIDIA Thor, 0 %, [N/A], [N/A], 46
2026/02/05 07:57:00.383, NVIDIA Thor, 38 %, [N/A], [N/A], 48
2026/02/05 07:57:01.385, NVIDIA Thor, 0 %, [N/A], [N/A], 46
2026/02/05 07:57:02.387, NVIDIA Thor, 97 %, [N/A], [N/A], 48
2026/02/05 07:57:03.391, NVIDIA Thor, 97 %, [N/A], [N/A], 48
2026/02/05 07:57:04.394, NVIDIA Thor, 1 %, [N/A], [N/A], 47
2026/02/05 07:57:05.396, NVIDIA Thor, 2 %, [N/A], [N/A], 47
2026/02/05 07:57:06.397, NVIDIA Thor, 97 %, [N/A], [N/A], 48
2026/02/05 07:57:07.403, NVIDIA Thor, 1 %, [N/A], [N/A], 47
2026/02/05 07:57:08.405, NVIDIA Thor, 96 %, [N/A], [N/A], 48
2026/02/05 07:57:09.408, NVIDIA Thor, 31 %, [N/A], [N/A], 48
2026/02/05 07:57:10.410, NVIDIA Thor, 1 %, [N/A], [N/A], 47
2026/02/05 07:57:11.411, NVIDIA Thor, 97 %, [N/A], [N/A], 49
2026/02/05 07:57:12.416, NVIDIA Thor, 1 %, [N/A], [N/A], 47
2026/02/05 07:57:13.417, NVIDIA Thor, 0 %, [N/A], [N/A], 46
2026/02/05 07:57:14.419, NVIDIA Thor, 12 %, [N/A], [N/A], 46
2026/02/05 07:57:15.420, NVIDIA Thor, 5 %, [N/A], [N/A], 47
2026/02/05 07:57:16.421, NVIDIA Thor, 6 %, [N/A], [N/A], 47
2026/02/05 07:57:17.423, NVIDIA Thor, 97 %, [N/A], [N/A], 48
2026/02/05 07:57:18.426, NVIDIA Thor, 1 %, [N/A], [N/A], 47
2026/02/05 07:57:19.428, NVIDIA Thor, 69 %, [N/A], [N/A], 47
2026/02/05 07:57:20.430, NVIDIA Thor, 97 %, [N/A], [N/A], 48
2026/02/05 07:57:21.433, NVIDIA Thor, 97 %, [N/A], [N/A], 48
2026/02/05 07:57:22.435, NVIDIA Thor, 1 %, [N/A], [N/A], 47
2026/02/05 07:57:23.436, NVIDIA Thor, 2 %, [N/A], [N/A], 47
2026/02/05 07:57:24.437, NVIDIA Thor, 98 %, [N/A], [N/A], 48
2026/02/05 07:57:25.444, NVIDIA Thor, 8 %, [N/A], [N/A], 47
2026/02/05 07:57:26.445, NVIDIA Thor, 0 %, [N/A], [N/A], 47
2026/02/05 07:57:27.447, NVIDIA Thor, 66 %, [N/A], [N/A], 47
2026/02/05 07:57:28.448, NVIDIA Thor, 70 %, [N/A], [N/A], 49
2026/02/05 07:57:29.450, NVIDIA Thor, 4 %, [N/A], [N/A], 47
2026/02/05 07:57:30.452, NVIDIA Thor, 97 %, [N/A], [N/A], 49
2026/02/05 07:57:31.457, NVIDIA Thor, 11 %, [N/A], [N/A], 47
2026/02/05 07:57:32.458, NVIDIA Thor, 96 %, [N/A], [N/A], 48
2026/02/05 07:57:33.464, NVIDIA Thor, 97 %, [N/A], [N/A], 49
2026/02/05 07:57:34.470, NVIDIA Thor, 1 %, [N/A], [N/A], 47
2026/02/05 07:57:35.471, NVIDIA Thor, 17 %, [N/A], [N/A], 47
2026/02/05 07:57:36.476, NVIDIA Thor, 98 %, [N/A], [N/A], 49
2026/02/05 07:57:37.478, NVIDIA Thor, 0 %, [N/A], [N/A], 47
2026/02/05 07:57:38.479, NVIDIA Thor, 3 %, [N/A], [N/A], 47
2026/02/05 07:57:39.480, NVIDIA Thor, 98 %, [N/A], [N/A], 49
2026/02/05 07:57:40.482, NVIDIA Thor, 4 %, [N/A], [N/A], 47
2026/02/05 07:57:41.485, NVIDIA Thor, 98 %, [N/A], [N/A], 49
2026/02/05 07:57:42.487, NVIDIA Thor, 1 %, [N/A], [N/A], 47
2026/02/05 07:57:43.488, NVIDIA Thor, 98 %, [N/A], [N/A], 48
2026/02/05 07:57:44.492, NVIDIA Thor, 33 %, [N/A], [N/A], 48
2026/02/05 07:57:45.494, NVIDIA Thor, 32 %, [N/A], [N/A], 48
2026/02/05 07:57:46.499, NVIDIA Thor, 25 %, [N/A], [N/A], 48
2026/02/05 07:57:47.501, NVIDIA Thor, 3 %, [N/A], [N/A], 47
2026/02/05 07:57:48.503, NVIDIA Thor, 98 %, [N/A], [N/A], 49
2026/02/05 07:57:49.507, NVIDIA Thor, 1 %, [N/A], [N/A], 48
2026/02/05 07:57:50.509, NVIDIA Thor, 97 %, [N/A], [N/A], 49
2026/02/05 07:57:51.513, NVIDIA Thor, 7 %, [N/A], [N/A], 47
2026/02/05 07:57:52.515, NVIDIA Thor, 0 %, [N/A], [N/A], 47
2026/02/05 07:57:53.518, NVIDIA Thor, 98 %, [N/A], [N/A], 49
2026/02/05 07:57:54.521, NVIDIA Thor, 16 %, [N/A], [N/A], 48
2026/02/05 07:57:55.522, NVIDIA Thor, 4 %, [N/A], [N/A], 47
2026/02/05 07:57:56.524, NVIDIA Thor, 98 %, [N/A], [N/A], 49
2026/02/05 07:57:57.528, NVIDIA Thor, 24 %, [N/A], [N/A], 48
2026/02/05 07:57:58.529, NVIDIA Thor, 0 %, [N/A], [N/A], 47
2026/02/05 07:57:59.531, NVIDIA Thor, 98 %, [N/A], [N/A], 49
2026/02/05 07:58:00.536, NVIDIA Thor, 7 %, [N/A], [N/A], 48
2026/02/05 07:58:01.537, NVIDIA Thor, 3 %, [N/A], [N/A], 47
2026/02/05 07:58:02.539, NVIDIA Thor, 98 %, [N/A], [N/A], 49
2026/02/05 07:58:03.541, NVIDIA Thor, 4 %, [N/A], [N/A], 48
2026/02/05 07:58:04.543, NVIDIA Thor, 74 %, [N/A], [N/A], 48
2026/02/05 07:58:05.546, NVIDIA Thor, 98 %, [N/A], [N/A], 49
2026/02/05 07:58:06.549, NVIDIA Thor, 8 %, [N/A], [N/A], 47
2026/02/05 07:58:07.551, NVIDIA Thor, 12 %, [N/A], [N/A], 48
2026/02/05 07:58:08.553, NVIDIA Thor, 83 %, [N/A], [N/A], 48
2026/02/05 07:58:09.555, NVIDIA Thor, 98 %, [N/A], [N/A], 49
2026/02/05 07:58:10.557, NVIDIA Thor, 2 %, [N/A], [N/A], 47
2026/02/05 07:58:11.559, NVIDIA Thor, 97 %, [N/A], [N/A], 49
2026/02/05 07:58:12.565, NVIDIA Thor, 1 %, [N/A], [N/A], 48
2026/02/05 07:58:13.566, NVIDIA Thor, 95 %, [N/A], [N/A], 49
2026/02/05 07:58:14.570, NVIDIA Thor, 7 %, [N/A], [N/A], 48
2026/02/05 07:58:15.572, NVIDIA Thor, 3 %, [N/A], [N/A], 47
2026/02/05 07:58:16.574, NVIDIA Thor, 97 %, [N/A], [N/A], 49
2026/02/05 07:58:17.578, NVIDIA Thor, 2 %, [N/A], [N/A], 48
2026/02/05 07:58:18.580, NVIDIA Thor, 1 %, [N/A], [N/A], 48
2026/02/05 07:58:19.581, NVIDIA Thor, 98 %, [N/A], [N/A], 49
2026/02/05 07:58:20.585, NVIDIA Thor, 0 %, [N/A], [N/A], 47
2026/02/05 07:58:21.587, NVIDIA Thor, 98 %, [N/A], [N/A], 49
2026/02/05 07:58:22.589, NVIDIA Thor, 2 %, [N/A], [N/A], 48
2026/02/05 07:58:23.591, NVIDIA Thor, 98 %, [N/A], [N/A], 49
2026/02/05 07:58:24.595, NVIDIA Thor, 98 %, [N/A], [N/A], 49
2026/02/05 07:58:25.597, NVIDIA Thor, 0 %, [N/A], [N/A], 48
2026/02/05 07:58:26.598, NVIDIA Thor, 98 %, [N/A], [N/A], 49
2026/02/05 07:58:27.600, NVIDIA Thor, 8 %, [N/A], [N/A], 49
2026/02/05 07:58:28.602, NVIDIA Thor, 2 %, [N/A], [N/A], 48
2026/02/05 07:58:29.603, NVIDIA Thor, 98 %, [N/A], [N/A], 49
2026/02/05 07:58:30.608, NVIDIA Thor, 3 %, [N/A], [N/A], 48
2026/02/05 07:58:31.609, NVIDIA Thor, 64 %, [N/A], [N/A], 48
2026/02/05 07:58:32.613, NVIDIA Thor, 98 %, [N/A], [N/A], 49
2026/02/05 07:58:33.615, NVIDIA Thor, 3 %, [N/A], [N/A], 48
2026/02/05 07:58:34.617, NVIDIA Thor, 2 %, [N/A], [N/A], 47
2026/02/05 07:58:35.618, NVIDIA Thor, 1 %, [N/A], [N/A], 47
2026/02/05 07:58:36.621, NVIDIA Thor, 2 %, [N/A], [N/A], 46
2026/02/05 07:58:37.625, NVIDIA Thor, 0 %, [N/A], [N/A], 46
2026/02/05 07:58:38.630, NVIDIA Thor, 0 %, [N/A], [N/A], 46
2026/02/05 07:58:39.634, NVIDIA Thor, 0 %, [N/A], [N/A], 46
2026/02/05 07:58:40.639, NVIDIA Thor, 0 %, [N/A], [N/A], 46
2026/02/05 07:58:41.651, NVIDIA Thor, 0 %, [N/A], [N/A], 46
2026/02/05 07:58:42.656, NVIDIA Thor, 16 %, [N/A], [N/A], 46
2026/02/05 07:58:43.657, NVIDIA Thor, 36 %, [N/A], [N/A], 46
2026/02/05 07:58:44.659, NVIDIA Thor, 97 %, [N/A], [N/A], 47
2026/02/05 07:58:45.663, NVIDIA Thor, 7 %, [N/A], [N/A], 47
2026/02/05 07:58:46.664, NVIDIA Thor, 98 %, [N/A], [N/A], 48
2026/02/05 07:58:47.670, NVIDIA Thor, 96 %, [N/A], [N/A], 48
2026/02/05 07:58:48.673, NVIDIA Thor, 97 %, [N/A], [N/A], 48
2026/02/05 07:58:49.675, NVIDIA Thor, 2 %, [N/A], [N/A], 47
2026/02/05 07:58:50.677, NVIDIA Thor, 13 %, [N/A], [N/A], 48
2026/02/05 07:58:51.678, NVIDIA Thor, 98 %, [N/A], [N/A], 48
2026/02/05 07:58:52.681, NVIDIA Thor, 96 %, [N/A], [N/A], 48
2026/02/05 07:58:53.685, NVIDIA Thor, 2 %, [N/A], [N/A], 47
2026/02/05 07:58:54.686, NVIDIA Thor, 2 %, [N/A], [N/A], 47
2026/02/05 07:58:55.688, NVIDIA Thor, 18 %, [N/A], [N/A], 48
2026/02/05 07:58:56.690, NVIDIA Thor, 30 %, [N/A], [N/A], 48
2026/02/05 07:58:57.691, NVIDIA Thor, 1 %, [N/A], [N/A], 48
2026/02/05 07:58:58.693, NVIDIA Thor, 2 %, [N/A], [N/A], 47
2026/02/05 07:58:59.694, NVIDIA Thor, 96 %, [N/A], [N/A], 48
2026/02/05 07:59:00.697, NVIDIA Thor, 7 %, [N/A], [N/A], 48
2026/02/05 07:59:01.699, NVIDIA Thor, 97 %, [N/A], [N/A], 49
2026/02/05 07:59:02.703, NVIDIA Thor, 7 %, [N/A], [N/A], 47
2026/02/05 07:59:03.704, NVIDIA Thor, 96 %, [N/A], [N/A], 49
2026/02/05 07:59:04.707, NVIDIA Thor, 0 %, [N/A], [N/A], 47
2026/02/05 07:59:05.709, NVIDIA Thor, 7 %, [N/A], [N/A], 48
2026/02/05 07:59:06.710, NVIDIA Thor, 91 %, [N/A], [N/A], 49
2026/02/05 07:59:07.712, NVIDIA Thor, 70 %, [N/A], [N/A], 48
2026/02/05 07:59:08.714, NVIDIA Thor, 0 %, [N/A], [N/A], 47
2026/02/05 07:59:09.715, NVIDIA Thor, 0 %, [N/A], [N/A], 48
2026/02/05 07:59:10.717, NVIDIA Thor, 98 %, [N/A], [N/A], 49
2026/02/05 07:59:11.719, NVIDIA Thor, 97 %, [N/A], [N/A], 49
2026/02/05 07:59:12.725, NVIDIA Thor, 98 %, [N/A], [N/A], 49
2026/02/05 07:59:13.729, NVIDIA Thor, 98 %, [N/A], [N/A], 49
2026/02/05 07:59:14.731, NVIDIA Thor, 97 %, [N/A], [N/A], 49
2026/02/05 07:59:15.733, NVIDIA Thor, 2 %, [N/A], [N/A], 48
2026/02/05 07:59:16.736, NVIDIA Thor, 1 %, [N/A], [N/A], 48
2026/02/05 07:59:17.737, NVIDIA Thor, 98 %, [N/A], [N/A], 49
2026/02/05 07:59:18.740, NVIDIA Thor, 1 %, [N/A], [N/A], 48
2026/02/05 07:59:19.742, NVIDIA Thor, 97 %, [N/A], [N/A], 49
2026/02/05 07:59:20.744, NVIDIA Thor, 5 %, [N/A], [N/A], 47
2026/02/05 07:59:21.746, NVIDIA Thor, 98 %, [N/A], [N/A], 50
2026/02/05 07:59:22.748, NVIDIA Thor, 97 %, [N/A], [N/A], 49
2026/02/05 07:59:23.750, NVIDIA Thor, 88 %, [N/A], [N/A], 49
2026/02/05 07:59:24.752, NVIDIA Thor, 64 %, [N/A], [N/A], 49
2026/02/05 07:59:25.754, NVIDIA Thor, 3 %, [N/A], [N/A], 48
2026/02/05 07:59:26.756, NVIDIA Thor, 98 %, [N/A], [N/A], 49
2026/02/05 07:59:27.761, NVIDIA Thor, 78 %, [N/A], [N/A], 48
2026/02/05 07:59:28.763, NVIDIA Thor, 45 %, [N/A], [N/A], 48
2026/02/05 07:59:29.767, NVIDIA Thor, 3 %, [N/A], [N/A], 48
2026/02/05 07:59:30.768, NVIDIA Thor, 3 %, [N/A], [N/A], 48
2026/02/05 07:59:31.770, NVIDIA Thor, 4 %, [N/A], [N/A], 48
2026/02/05 07:59:32.771, NVIDIA Thor, 0 %, [N/A], [N/A], 48
2026/02/05 07:59:33.773, NVIDIA Thor, 1 %, [N/A], [N/A], 48
2026/02/05 07:59:34.774, NVIDIA Thor, 98 %, [N/A], [N/A], 49
2026/02/05 07:59:35.777, NVIDIA Thor, 0 %, [N/A], [N/A], 48
2026/02/05 07:59:36.778, NVIDIA Thor, 97 %, [N/A], [N/A], 50
2026/02/05 07:59:37.781, NVIDIA Thor, 0 %, [N/A], [N/A], 48
2026/02/05 07:59:38.787, NVIDIA Thor, 2 %, [N/A], [N/A], 48
2026/02/05 07:59:39.795, NVIDIA Thor, 98 %, [N/A], [N/A], 49
2026/02/05 07:59:40.797, NVIDIA Thor, 98 %, [N/A], [N/A], 49
2026/02/05 07:59:41.801, NVIDIA Thor, 0 %, [N/A], [N/A], 48
2026/02/05 07:59:42.802, NVIDIA Thor, 9 %, [N/A], [N/A], 49
2026/02/05 07:59:43.804, NVIDIA Thor, 98 %, [N/A], [N/A], 50
2026/02/05 07:59:44.806, NVIDIA Thor, 97 %, [N/A], [N/A], 50
2026/02/05 07:59:45.809, NVIDIA Thor, 97 %, [N/A], [N/A], 50
2026/02/05 07:59:46.813, NVIDIA Thor, 41 %, [N/A], [N/A], 49
2026/02/05 07:59:47.818, NVIDIA Thor, 4 %, [N/A], [N/A], 48
2026/02/05 07:59:48.819, NVIDIA Thor, 97 %, [N/A], [N/A], 50
2026/02/05 07:59:49.821, NVIDIA Thor, 98 %, [N/A], [N/A], 50
2026/02/05 07:59:50.823, NVIDIA Thor, 97 %, [N/A], [N/A], 50
2026/02/05 07:59:51.827, NVIDIA Thor, 79 %, [N/A], [N/A], 49
2026/02/05 07:59:52.829, NVIDIA Thor, 2 %, [N/A], [N/A], 49
2026/02/05 07:59:53.831, NVIDIA Thor, 4 %, [N/A], [N/A], 49
2026/02/05 07:59:54.832, NVIDIA Thor, 2 %, [N/A], [N/A], 48
2026/02/05 07:59:55.833, NVIDIA Thor, 16 %, [N/A], [N/A], 49
2026/02/05 07:59:56.835, NVIDIA Thor, 98 %, [N/A], [N/A], 50
2026/02/05 07:59:57.838, NVIDIA Thor, 98 %, [N/A], [N/A], 50
2026/02/05 07:59:58.840, NVIDIA Thor, 96 %, [N/A], [N/A], 50
2026/02/05 07:59:59.844, NVIDIA Thor, 0 %, [N/A], [N/A], 49
2026/02/05 08:00:00.846, NVIDIA Thor, 4 %, [N/A], [N/A], 49
2026/02/05 08:00:01.847, NVIDIA Thor, 8 %, [N/A], [N/A], 49
2026/02/05 08:00:02.849, NVIDIA Thor, 97 %, [N/A], [N/A], 50
2026/02/05 08:00:03.851, NVIDIA Thor, 97 %, [N/A], [N/A], 50
2026/02/05 08:00:04.854, NVIDIA Thor, 0 %, [N/A], [N/A], 49
2026/02/05 08:00:05.856, NVIDIA Thor, 5 %, [N/A], [N/A], 49
2026/02/05 08:00:06.857, NVIDIA Thor, 1 %, [N/A], [N/A], 49
2026/02/05 08:00:07.858, NVIDIA Thor, 43 %, [N/A], [N/A], 50
2026/02/05 08:00:08.860, NVIDIA Thor, 98 %, [N/A], [N/A], 50
2026/02/05 08:00:09.862, NVIDIA Thor, 97 %, [N/A], [N/A], 50
2026/02/05 08:00:10.865, NVIDIA Thor, 1 %, [N/A], [N/A], 48
2026/02/05 08:00:11.866, NVIDIA Thor, 97 %, [N/A], [N/A], 50
2026/02/05 08:00:12.872, NVIDIA Thor, 45 %, [N/A], [N/A], 49
2026/02/05 08:00:13.880, NVIDIA Thor, 1 %, [N/A], [N/A], 49
2026/02/05 08:00:14.881, NVIDIA Thor, 3 %, [N/A], [N/A], 49
2026/02/05 08:00:15.883, NVIDIA Thor, 98 %, [N/A], [N/A], 50
2026/02/05 08:00:16.885, NVIDIA Thor, 98 %, [N/A], [N/A], 51
2026/02/05 08:00:17.888, NVIDIA Thor, 97 %, [N/A], [N/A], 50
2026/02/05 08:00:18.894, NVIDIA Thor, 0 %, [N/A], [N/A], 49
2026/02/05 08:00:19.895, NVIDIA Thor, 6 %, [N/A], [N/A], 49
2026/02/05 08:00:20.897, NVIDIA Thor, 8 %, [N/A], [N/A], 49
2026/02/05 08:00:21.899, NVIDIA Thor, 98 %, [N/A], [N/A], 50
2026/02/05 08:00:22.902, NVIDIA Thor, 98 %, [N/A], [N/A], 51
2026/02/05 08:00:23.904, NVIDIA Thor, 98 %, [N/A], [N/A], 50
2026/02/05 08:00:24.907, NVIDIA Thor, 52 %, [N/A], [N/A], 49
2026/02/05 08:00:25.911, NVIDIA Thor, 0 %, [N/A], [N/A], 48
2026/02/05 08:00:26.914, NVIDIA Thor, 0 %, [N/A], [N/A], 48
2026/02/05 08:00:27.915, NVIDIA Thor, 98 %, [N/A], [N/A], 50
2026/02/05 08:00:28.917, NVIDIA Thor, 97 %, [N/A], [N/A], 50
2026/02/05 08:00:29.921, NVIDIA Thor, 3 %, [N/A], [N/A], 49
2026/02/05 08:00:30.923, NVIDIA Thor, 21 %, [N/A], [N/A], 50
2026/02/05 08:00:31.924, NVIDIA Thor, 98 %, [N/A], [N/A], 50
2026/02/05 08:00:32.926, NVIDIA Thor, 98 %, [N/A], [N/A], 51
2026/02/05 08:00:33.932, NVIDIA Thor, 98 %, [N/A], [N/A], 50
2026/02/05 08:00:34.935, NVIDIA Thor, 79 %, [N/A], [N/A], 49
2026/02/05 08:00:35.939, NVIDIA Thor, 0 %, [N/A], [N/A], 49
2026/02/05 08:00:36.940, NVIDIA Thor, 1 %, [N/A], [N/A], 49
2026/02/05 08:00:37.942, NVIDIA Thor, 18 %, [N/A], [N/A], 50
2026/02/05 08:00:38.943, NVIDIA Thor, 98 %, [N/A], [N/A], 51
2026/02/05 08:00:39.946, NVIDIA Thor, 98 %, [N/A], [N/A], 51
2026/02/05 08:00:40.948, NVIDIA Thor, 98 %, [N/A], [N/A], 51
2026/02/05 08:00:41.950, NVIDIA Thor, 98 %, [N/A], [N/A], 51
2026/02/05 08:00:42.954, NVIDIA Thor, 4 %, [N/A], [N/A], 49
2026/02/05 08:00:43.955, NVIDIA Thor, 97 %, [N/A], [N/A], 51
2026/02/05 08:00:44.957, NVIDIA Thor, 98 %, [N/A], [N/A], 51
2026/02/05 08:00:45.963, NVIDIA Thor, 98 %, [N/A], [N/A], 51
2026/02/05 08:00:46.966, NVIDIA Thor, 98 %, [N/A], [N/A], 51
2026/02/05 08:00:47.971, NVIDIA Thor, 98 %, [N/A], [N/A], 51
2026/02/05 08:00:48.978, NVIDIA Thor, 97 %, [N/A], [N/A], 51
2026/02/05 08:00:49.983, NVIDIA Thor, 97 %, [N/A], [N/A], 50
2026/02/05 08:00:50.986, NVIDIA Thor, 65 %, [N/A], [N/A], 50
2026/02/05 08:00:51.990, NVIDIA Thor, 1 %, [N/A], [N/A], 49
2026/02/05 08:00:52.991, NVIDIA Thor, 40 %, [N/A], [N/A], 50
2026/02/05 08:00:53.993, NVIDIA Thor, 98 %, [N/A], [N/A], 51
2026/02/05 08:00:54.995, NVIDIA Thor, 98 %, [N/A], [N/A], 51
2026/02/05 08:00:55.998, NVIDIA Thor, 97 %, [N/A], [N/A], 51
2026/02/05 08:00:57.002, NVIDIA Thor, 0 %, [N/A], [N/A], 49
2026/02/05 08:00:58.003, NVIDIA Thor, 7 %, [N/A], [N/A], 49
2026/02/05 08:00:59.005, NVIDIA Thor, 2 %, [N/A], [N/A], 49
2026/02/05 08:01:00.006, NVIDIA Thor, 3 %, [N/A], [N/A], 50
2026/02/05 08:01:01.008, NVIDIA Thor, 1 %, [N/A], [N/A], 50
2026/02/05 08:01:02.010, NVIDIA Thor, 7 %, [N/A], [N/A], 50
2026/02/05 08:01:03.011, NVIDIA Thor, 97 %, [N/A], [N/A], 51
2026/02/05 08:01:04.014, NVIDIA Thor, 98 %, [N/A], [N/A], 51
2026/02/05 08:01:05.020, NVIDIA Thor, 95 %, [N/A], [N/A], 51
2026/02/05 08:01:06.024, NVIDIA Thor, 0 %, [N/A], [N/A], 49
2026/02/05 08:01:07.026, NVIDIA Thor, 4 %, [N/A], [N/A], 50
2026/02/05 08:01:08.027, NVIDIA Thor, 98 %, [N/A], [N/A], 51
2026/02/05 08:01:09.031, NVIDIA Thor, 97 %, [N/A], [N/A], 51
2026/02/05 08:01:10.035, NVIDIA Thor, 3 %, [N/A], [N/A], 49
2026/02/05 08:01:11.039, NVIDIA Thor, 3 %, [N/A], [N/A], 50
2026/02/05 08:01:12.041, NVIDIA Thor, 27 %, [N/A], [N/A], 50
2026/02/05 08:01:13.042, NVIDIA Thor, 97 %, [N/A], [N/A], 51
2026/02/05 08:01:14.046, NVIDIA Thor, 0 %, [N/A], [N/A], 49
2026/02/05 08:01:15.048, NVIDIA Thor, 94 %, [N/A], [N/A], 49
2026/02/05 08:01:16.049, NVIDIA Thor, 0 %, [N/A], [N/A], 49
2026/02/05 08:01:17.051, NVIDIA Thor, 9 %, [N/A], [N/A], 50
2026/02/05 08:01:18.053, NVIDIA Thor, 9 %, [N/A], [N/A], 50
2026/02/05 08:01:19.055, NVIDIA Thor, 98 %, [N/A], [N/A], 51
2026/02/05 08:01:20.057, NVIDIA Thor, 98 %, [N/A], [N/A], 51
2026/02/05 08:01:21.061, NVIDIA Thor, 97 %, [N/A], [N/A], 51
2026/02/05 08:01:22.064, NVIDIA Thor, 92 %, [N/A], [N/A], 50
2026/02/05 08:01:23.069, NVIDIA Thor, 0 %, [N/A], [N/A], 49
2026/02/05 08:01:24.071, NVIDIA Thor, 6 %, [N/A], [N/A], 50
2026/02/05 08:01:25.072, NVIDIA Thor, 12 %, [N/A], [N/A], 50
2026/02/05 08:01:26.074, NVIDIA Thor, 97 %, [N/A], [N/A], 51
2026/02/05 08:01:27.077, NVIDIA Thor, 98 %, [N/A], [N/A], 51
2026/02/05 08:01:28.080, NVIDIA Thor, 97 %, [N/A], [N/A], 51
2026/02/05 08:01:29.084, NVIDIA Thor, 5 %, [N/A], [N/A], 50
2026/02/05 08:01:30.086, NVIDIA Thor, 1 %, [N/A], [N/A], 49
2026/02/05 08:01:31.091, NVIDIA Thor, 1 %, [N/A], [N/A], 49
2026/02/05 08:01:32.093, NVIDIA Thor, 4 %, [N/A], [N/A], 50
2026/02/05 08:01:33.094, NVIDIA Thor, 63 %, [N/A], [N/A], 51
2026/02/05 08:01:34.095, NVIDIA Thor, 98 %, [N/A], [N/A], 51
2026/02/05 08:01:35.098, NVIDIA Thor, 97 %, [N/A], [N/A], 51
2026/02/05 08:01:36.103, NVIDIA Thor, 97 %, [N/A], [N/A], 51
2026/02/05 08:01:37.110, NVIDIA Thor, 90 %, [N/A], [N/A], 51
2026/02/05 08:01:38.112, NVIDIA Thor, 0 %, [N/A], [N/A], 50
2026/02/05 08:01:39.114, NVIDIA Thor, 3 %, [N/A], [N/A], 50
2026/02/05 08:01:40.115, NVIDIA Thor, 1 %, [N/A], [N/A], 50
2026/02/05 08:01:41.117, NVIDIA Thor, 17 %, [N/A], [N/A], 51
2026/02/05 08:01:42.118, NVIDIA Thor, 98 %, [N/A], [N/A], 51
2026/02/05 08:01:43.120, NVIDIA Thor, 97 %, [N/A], [N/A], 51
2026/02/05 08:01:44.122, NVIDIA Thor, 4 %, [N/A], [N/A], 50
2026/02/05 08:01:45.125, NVIDIA Thor, 6 %, [N/A], [N/A], 50
2026/02/05 08:01:46.127, NVIDIA Thor, 2 %, [N/A], [N/A], 49
2026/02/05 08:01:47.129, NVIDIA Thor, 2 %, [N/A], [N/A], 50
2026/02/05 08:01:48.130, NVIDIA Thor, 3 %, [N/A], [N/A], 50
2026/02/05 08:01:49.132, NVIDIA Thor, 75 %, [N/A], [N/A], 51
2026/02/05 08:01:50.134, NVIDIA Thor, 98 %, [N/A], [N/A], 51
2026/02/05 08:01:51.137, NVIDIA Thor, 98 %, [N/A], [N/A], 51
2026/02/05 08:01:52.141, NVIDIA Thor, 0 %, [N/A], [N/A], 50
2026/02/05 08:01:53.143, NVIDIA Thor, 2 %, [N/A], [N/A], 50
2026/02/05 08:01:54.144, NVIDIA Thor, 3 %, [N/A], [N/A], 50
2026/02/05 08:01:55.146, NVIDIA Thor, 98 %, [N/A], [N/A], 51
2026/02/05 08:01:56.149, NVIDIA Thor, 98 %, [N/A], [N/A], 51
2026/02/05 08:01:57.152, NVIDIA Thor, 98 %, [N/A], [N/A], 51
2026/02/05 08:01:58.156, NVIDIA Thor, 97 %, [N/A], [N/A], 51
2026/02/05 08:01:59.159, NVIDIA Thor, 97 %, [N/A], [N/A], 51
2026/02/05 08:02:00.163, NVIDIA Thor, 97 %, [N/A], [N/A], 51
2026/02/05 08:02:01.167, NVIDIA Thor, 33 %, [N/A], [N/A], 49
2026/02/05 08:02:02.171, NVIDIA Thor, 10 %, [N/A], [N/A], 49
2026/02/05 08:02:03.174, NVIDIA Thor, 97 %, [N/A], [N/A], 51
2026/02/05 08:02:04.178, NVIDIA Thor, 0 %, [N/A], [N/A], 50
2026/02/05 08:02:05.180, NVIDIA Thor, 2 %, [N/A], [N/A], 50
2026/02/05 08:02:06.181, NVIDIA Thor, 7 %, [N/A], [N/A], 50
2026/02/05 08:02:07.183, NVIDIA Thor, 98 %, [N/A], [N/A], 51
2026/02/05 08:02:08.185, NVIDIA Thor, 0 %, [N/A], [N/A], 50
2026/02/05 08:02:09.186, NVIDIA Thor, 98 %, [N/A], [N/A], 51
2026/02/05 08:02:10.189, NVIDIA Thor, 87 %, [N/A], [N/A], 51
2026/02/05 08:02:11.191, NVIDIA Thor, 4 %, [N/A], [N/A], 50
2026/02/05 08:02:12.192, NVIDIA Thor, 97 %, [N/A], [N/A], 51
2026/02/05 08:02:13.194, NVIDIA Thor, 97 %, [N/A], [N/A], 51
2026/02/05 08:02:14.200, NVIDIA Thor, 2 %, [N/A], [N/A], 50
2026/02/05 08:02:15.202, NVIDIA Thor, 98 %, [N/A], [N/A], 51
2026/02/05 08:02:16.204, NVIDIA Thor, 98 %, [N/A], [N/A], 51
2026/02/05 08:02:17.208, NVIDIA Thor, 0 %, [N/A], [N/A], 50
2026/02/05 08:02:18.210, NVIDIA Thor, 2 %, [N/A], [N/A], 49
2026/02/05 08:02:19.211, NVIDIA Thor, 58 %, [N/A], [N/A], 50
2026/02/05 08:02:20.217, NVIDIA Thor, 2 %, [N/A], [N/A], 50
2026/02/05 08:02:21.219, NVIDIA Thor, 5 %, [N/A], [N/A], 50
2026/02/05 08:02:22.221, NVIDIA Thor, 17 %, [N/A], [N/A], 51
2026/02/05 08:02:23.222, NVIDIA Thor, 98 %, [N/A], [N/A], 51
2026/02/05 08:02:24.225, NVIDIA Thor, 76 %, [N/A], [N/A], 50
2026/02/05 08:02:25.227, NVIDIA Thor, 1 %, [N/A], [N/A], 50
2026/02/05 08:02:26.229, NVIDIA Thor, 98 %, [N/A], [N/A], 52
2026/02/05 08:02:27.232, NVIDIA Thor, 3 %, [N/A], [N/A], 50
2026/02/05 08:02:28.234, NVIDIA Thor, 97 %, [N/A], [N/A], 51
2026/02/05 08:02:29.236, NVIDIA Thor, 60 %, [N/A], [N/A], 50
2026/02/05 08:02:30.239, NVIDIA Thor, 2 %, [N/A], [N/A], 50
2026/02/05 08:02:31.241, NVIDIA Thor, 98 %, [N/A], [N/A], 51
2026/02/05 08:02:32.246, NVIDIA Thor, 1 %, [N/A], [N/A], 50
2026/02/05 08:02:33.249, NVIDIA Thor, 16 %, [N/A], [N/A], 51
2026/02/05 08:02:34.250, NVIDIA Thor, 12 %, [N/A], [N/A], 50
2026/02/05 08:02:35.252, NVIDIA Thor, 6 %, [N/A], [N/A], 51
2026/02/05 08:02:36.253, NVIDIA Thor, 98 %, [N/A], [N/A], 51
2026/02/05 08:02:37.256, NVIDIA Thor, 98 %, [N/A], [N/A], 52
2026/02/05 08:02:38.259, NVIDIA Thor, 97 %, [N/A], [N/A], 51
2026/02/05 08:02:39.264, NVIDIA Thor, 38 %, [N/A], [N/A], 50
2026/02/05 08:02:40.269, NVIDIA Thor, 0 %, [N/A], [N/A], 50
2026/02/05 08:02:41.270, NVIDIA Thor, 7 %, [N/A], [N/A], 50
2026/02/05 08:02:42.272, NVIDIA Thor, 15 %, [N/A], [N/A], 51
2026/02/05 08:02:43.273, NVIDIA Thor, 98 %, [N/A], [N/A], 52
2026/02/05 08:02:44.275, NVIDIA Thor, 98 %, [N/A], [N/A], 52
2026/02/05 08:02:45.281, NVIDIA Thor, 97 %, [N/A], [N/A], 51
2026/02/05 08:02:46.285, NVIDIA Thor, 90 %, [N/A], [N/A], 51
2026/02/05 08:02:47.287, NVIDIA Thor, 0 %, [N/A], [N/A], 50
2026/02/05 08:02:48.289, NVIDIA Thor, 44 %, [N/A], [N/A], 51
2026/02/05 08:02:49.291, NVIDIA Thor, 3 %, [N/A], [N/A], 50
2026/02/05 08:02:50.299, NVIDIA Thor, 0 %, [N/A], [N/A], 49
2026/02/05 08:02:51.300, NVIDIA Thor, 98 %, [N/A], [N/A], 51
2026/02/05 08:02:52.302, NVIDIA Thor, 98 %, [N/A], [N/A], 51
2026/02/05 08:02:53.306, NVIDIA Thor, 0 %, [N/A], [N/A], 50
2026/02/05 08:02:54.307, NVIDIA Thor, 4 %, [N/A], [N/A], 50
2026/02/05 08:02:55.311, NVIDIA Thor, 5 %, [N/A], [N/A], 50
2026/02/05 08:02:56.313, NVIDIA Thor, 98 %, [N/A], [N/A], 51
2026/02/05 08:02:57.315, NVIDIA Thor, 2 %, [N/A], [N/A], 50
2026/02/05 08:02:58.316, NVIDIA Thor, 3 %, [N/A], [N/A], 50
2026/02/05 08:02:59.318, NVIDIA Thor, 97 %, [N/A], [N/A], 52
2026/02/05 08:03:00.321, NVIDIA Thor, 97 %, [N/A], [N/A], 52
2026/02/05 08:03:01.323, NVIDIA Thor, 98 %, [N/A], [N/A], 52
2026/02/05 08:03:02.328, NVIDIA Thor, 96 %, [N/A], [N/A], 51
2026/02/05 08:03:03.332, NVIDIA Thor, 75 %, [N/A], [N/A], 51
2026/02/05 08:03:04.335, NVIDIA Thor, 65 %, [N/A], [N/A], 51
2026/02/05 08:03:05.338, NVIDIA Thor, 60 %, [N/A], [N/A], 51
2026/02/05 08:03:06.341, NVIDIA Thor, 4 %, [N/A], [N/A], 50
2026/02/05 08:03:07.342, NVIDIA Thor, 98 %, [N/A], [N/A], 52
2026/02/05 08:03:08.346, NVIDIA Thor, 98 %, [N/A], [N/A], 52
2026/02/05 08:03:09.350, NVIDIA Thor, 89 %, [N/A], [N/A], 51
2026/02/05 08:03:10.353, NVIDIA Thor, 0 %, [N/A], [N/A], 50
2026/02/05 08:03:11.355, NVIDIA Thor, 1 %, [N/A], [N/A], 50
2026/02/05 08:03:12.357, NVIDIA Thor, 88 %, [N/A], [N/A], 51
2026/02/05 08:03:13.360, NVIDIA Thor, 0 %, [N/A], [N/A], 50
2026/02/05 08:03:14.362, NVIDIA Thor, 4 %, [N/A], [N/A], 50
2026/02/05 08:03:15.363, NVIDIA Thor, 4 %, [N/A], [N/A], 51
2026/02/05 08:03:16.364, NVIDIA Thor, 98 %, [N/A], [N/A], 52
2026/02/05 08:03:17.366, NVIDIA Thor, 98 %, [N/A], [N/A], 52
2026/02/05 08:03:18.368, NVIDIA Thor, 98 %, [N/A], [N/A], 52
2026/02/05 08:03:19.370, NVIDIA Thor, 97 %, [N/A], [N/A], 52
2026/02/05 08:03:20.372, NVIDIA Thor, 97 %, [N/A], [N/A], 52
2026/02/05 08:03:21.374, NVIDIA Thor, 1 %, [N/A], [N/A], 50
2026/02/05 08:03:22.376, NVIDIA Thor, 98 %, [N/A], [N/A], 52
2026/02/05 08:03:23.378, NVIDIA Thor, 98 %, [N/A], [N/A], 52
2026/02/05 08:03:24.381, NVIDIA Thor, 98 %, [N/A], [N/A], 52
2026/02/05 08:03:25.384, NVIDIA Thor, 96 %, [N/A], [N/A], 52
2026/02/05 08:03:26.390, NVIDIA Thor, 38 %, [N/A], [N/A], 51
2026/02/05 08:03:27.395, NVIDIA Thor, 4 %, [N/A], [N/A], 50
2026/02/05 08:03:28.397, NVIDIA Thor, 1 %, [N/A], [N/A], 50
2026/02/05 08:03:29.399, NVIDIA Thor, 2 %, [N/A], [N/A], 50
2026/02/05 08:03:30.400, NVIDIA Thor, 1 %, [N/A], [N/A], 50
2026/02/05 08:03:31.401, NVIDIA Thor, 98 %, [N/A], [N/A], 52
2026/02/05 08:03:32.406, NVIDIA Thor, 5 %, [N/A], [N/A], 50
2026/02/05 08:03:33.410, NVIDIA Thor, 98 %, [N/A], [N/A], 52
2026/02/05 08:03:34.413, NVIDIA Thor, 7 %, [N/A], [N/A], 50
2026/02/05 08:03:35.414, NVIDIA Thor, 3 %, [N/A], [N/A], 50
2026/02/05 08:03:36.417, NVIDIA Thor, 4 %, [N/A], [N/A], 51
2026/02/05 08:03:37.420, NVIDIA Thor, 4 %, [N/A], [N/A], 51
2026/02/05 08:03:38.421, NVIDIA Thor, 0 %, [N/A], [N/A], 50
2026/02/05 08:03:39.423, NVIDIA Thor, 11 %, [N/A], [N/A], 50
2026/02/05 08:03:40.425, NVIDIA Thor, 58 %, [N/A], [N/A], 51
2026/02/05 08:03:41.426, NVIDIA Thor, 98 %, [N/A], [N/A], 51
2026/02/05 08:03:42.430, NVIDIA Thor, 0 %, [N/A], [N/A], 50
2026/02/05 08:03:43.432, NVIDIA Thor, 1 %, [N/A], [N/A], 50
2026/02/05 08:03:44.435, NVIDIA Thor, 1 %, [N/A], [N/A], 50
2026/02/05 08:03:45.437, NVIDIA Thor, 98 %, [N/A], [N/A], 52
2026/02/05 08:03:46.439, NVIDIA Thor, 76 %, [N/A], [N/A], 51
2026/02/05 08:03:47.444, NVIDIA Thor, 4 %, [N/A], [N/A], 51
2026/02/05 08:03:48.445, NVIDIA Thor, 98 %, [N/A], [N/A], 52
2026/02/05 08:03:49.449, NVIDIA Thor, 98 %, [N/A], [N/A], 52
2026/02/05 08:03:50.452, NVIDIA Thor, 97 %, [N/A], [N/A], 52
2026/02/05 08:03:51.458, NVIDIA Thor, 94 %, [N/A], [N/A], 51
2026/02/05 08:03:52.460, NVIDIA Thor, 7 %, [N/A], [N/A], 51
2026/02/05 08:03:53.461, NVIDIA Thor, 21 %, [N/A], [N/A], 51
2026/02/05 08:03:54.463, NVIDIA Thor, 0 %, [N/A], [N/A], 50
2026/02/05 08:03:55.464, NVIDIA Thor, 13 %, [N/A], [N/A], 51
2026/02/05 08:03:56.466, NVIDIA Thor, 98 %, [N/A], [N/A], 52
2026/02/05 08:03:57.469, NVIDIA Thor, 98 %, [N/A], [N/A], 52
2026/02/05 08:03:58.472, NVIDIA Thor, 98 %, [N/A], [N/A], 52
2026/02/05 08:03:59.477, NVIDIA Thor, 98 %, [N/A], [N/A], 52
2026/02/05 08:04:00.484, NVIDIA Thor, 98 %, [N/A], [N/A], 52
2026/02/05 08:04:01.487, NVIDIA Thor, 1 %, [N/A], [N/A], 50
2026/02/05 08:04:02.489, NVIDIA Thor, 7 %, [N/A], [N/A], 51
2026/02/05 08:04:03.490, NVIDIA Thor, 10 %, [N/A], [N/A], 51
2026/02/05 08:04:04.492, NVIDIA Thor, 97 %, [N/A], [N/A], 52
2026/02/05 08:04:05.494, NVIDIA Thor, 98 %, [N/A], [N/A], 52
2026/02/05 08:04:06.497, NVIDIA Thor, 98 %, [N/A], [N/A], 52
2026/02/05 08:04:07.500, NVIDIA Thor, 98 %, [N/A], [N/A], 52
2026/02/05 08:04:08.503, NVIDIA Thor, 98 %, [N/A], [N/A], 52
2026/02/05 08:04:09.510, NVIDIA Thor, 97 %, [N/A], [N/A], 52
2026/02/05 08:04:10.514, NVIDIA Thor, 6 %, [N/A], [N/A], 50
2026/02/05 08:04:11.515, NVIDIA Thor, 98 %, [N/A], [N/A], 52
2026/02/05 08:04:12.519, NVIDIA Thor, 97 %, [N/A], [N/A], 52
2026/02/05 08:04:13.522, NVIDIA Thor, 68 %, [N/A], [N/A], 51
2026/02/05 08:04:14.524, NVIDIA Thor, 3 %, [N/A], [N/A], 51
2026/02/05 08:04:15.526, NVIDIA Thor, 4 %, [N/A], [N/A], 51
2026/02/05 08:04:16.527, NVIDIA Thor, 98 %, [N/A], [N/A], 52
2026/02/05 08:04:17.530, NVIDIA Thor, 98 %, [N/A], [N/A], 52
2026/02/05 08:04:18.533, NVIDIA Thor, 97 %, [N/A], [N/A], 52
2026/02/05 08:04:19.535, NVIDIA Thor, 0 %, [N/A], [N/A], 51
2026/02/05 08:04:20.538, NVIDIA Thor, 7 %, [N/A], [N/A], 51
2026/02/05 08:04:21.540, NVIDIA Thor, 97 %, [N/A], [N/A], 52
2026/02/05 08:04:22.542, NVIDIA Thor, 96 %, [N/A], [N/A], 52
2026/02/05 08:04:23.545, NVIDIA Thor, 2 %, [N/A], [N/A], 51
2026/02/05 08:04:24.546, NVIDIA Thor, 9 %, [N/A], [N/A], 51
2026/02/05 08:04:25.549, NVIDIA Thor, 0 %, [N/A], [N/A], 50
2026/02/05 08:04:26.550, NVIDIA Thor, 1 %, [N/A], [N/A], 50
2026/02/05 08:04:27.552, NVIDIA Thor, 15 %, [N/A], [N/A], 51
2026/02/05 08:04:28.554, NVIDIA Thor, 97 %, [N/A], [N/A], 52
2026/02/05 08:04:29.557, NVIDIA Thor, 0 %, [N/A], [N/A], 50
2026/02/05 08:04:30.559, NVIDIA Thor, 9 %, [N/A], [N/A], 51
2026/02/05 08:04:31.561, NVIDIA Thor, 97 %, [N/A], [N/A], 52
2026/02/05 08:04:32.563, NVIDIA Thor, 98 %, [N/A], [N/A], 52
2026/02/05 08:04:33.566, NVIDIA Thor, 98 %, [N/A], [N/A], 52
2026/02/05 08:04:34.572, NVIDIA Thor, 89 %, [N/A], [N/A], 51
2026/02/05 08:04:35.575, NVIDIA Thor, 0 %, [N/A], [N/A], 51
2026/02/05 08:04:36.576, NVIDIA Thor, 1 %, [N/A], [N/A], 51
2026/02/05 08:04:37.578, NVIDIA Thor, 3 %, [N/A], [N/A], 51
2026/02/05 08:04:38.580, NVIDIA Thor, 98 %, [N/A], [N/A], 52
2026/02/05 08:04:39.583, NVIDIA Thor, 96 %, [N/A], [N/A], 52
2026/02/05 08:04:40.587, NVIDIA Thor, 0 %, [N/A], [N/A], 51
2026/02/05 08:04:41.588, NVIDIA Thor, 3 %, [N/A], [N/A], 51
2026/02/05 08:04:42.590, NVIDIA Thor, 1 %, [N/A], [N/A], 50
2026/02/05 08:04:43.592, NVIDIA Thor, 0 %, [N/A], [N/A], 51
2026/02/05 08:04:44.594, NVIDIA Thor, 3 %, [N/A], [N/A], 51
2026/02/05 08:04:45.595, NVIDIA Thor, 9 %, [N/A], [N/A], 51
2026/02/05 08:04:46.598, NVIDIA Thor, 97 %, [N/A], [N/A], 52
2026/02/05 08:04:47.600, NVIDIA Thor, 97 %, [N/A], [N/A], 52
2026/02/05 08:04:48.603, NVIDIA Thor, 94 %, [N/A], [N/A], 52
2026/02/05 08:04:49.606, NVIDIA Thor, 0 %, [N/A], [N/A], 51
2026/02/05 08:04:50.608, NVIDIA Thor, 4 %, [N/A], [N/A], 51
2026/02/05 08:04:51.610, NVIDIA Thor, 9 %, [N/A], [N/A], 51
2026/02/05 08:04:52.611, NVIDIA Thor, 98 %, [N/A], [N/A], 52
2026/02/05 08:04:53.613, NVIDIA Thor, 97 %, [N/A], [N/A], 52
2026/02/05 08:04:54.616, NVIDIA Thor, 98 %, [N/A], [N/A], 52
2026/02/05 08:04:55.621, NVIDIA Thor, 98 %, [N/A], [N/A], 52
2026/02/05 08:04:56.624, NVIDIA Thor, 94 %, [N/A], [N/A], 52
2026/02/05 08:04:57.629, NVIDIA Thor, 4 %, [N/A], [N/A], 50
2026/02/05 08:04:58.631, NVIDIA Thor, 97 %, [N/A], [N/A], 52
2026/02/05 08:04:59.636, NVIDIA Thor, 94 %, [N/A], [N/A], 52
2026/02/05 08:05:00.641, NVIDIA Thor, 1 %, [N/A], [N/A], 51
2026/02/05 08:05:01.642, NVIDIA Thor, 7 %, [N/A], [N/A], 51
2026/02/05 08:05:02.644, NVIDIA Thor, 98 %, [N/A], [N/A], 52
2026/02/05 08:05:03.646, NVIDIA Thor, 98 %, [N/A], [N/A], 52
2026/02/05 08:05:04.650, NVIDIA Thor, 98 %, [N/A], [N/A], 53
2026/02/05 08:05:05.653, NVIDIA Thor, 97 %, [N/A], [N/A], 52
2026/02/05 08:05:06.655, NVIDIA Thor, 80 %, [N/A], [N/A], 52
2026/02/05 08:05:07.658, NVIDIA Thor, 97 %, [N/A], [N/A], 52
2026/02/05 08:05:08.661, NVIDIA Thor, 0 %, [N/A], [N/A], 51
2026/02/05 08:05:09.662, NVIDIA Thor, 97 %, [N/A], [N/A], 53
2026/02/05 08:05:10.665, NVIDIA Thor, 98 %, [N/A], [N/A], 52
2026/02/05 08:05:11.668, NVIDIA Thor, 0 %, [N/A], [N/A], 51
2026/02/05 08:05:12.669, NVIDIA Thor, 22 %, [N/A], [N/A], 52
2026/02/05 08:05:13.671, NVIDIA Thor, 14 %, [N/A], [N/A], 51
2026/02/05 08:05:14.686, NVIDIA Thor, 1 %, [N/A], [N/A], 50
2026/02/05 08:05:15.687, NVIDIA Thor, 97 %, [N/A], [N/A], 52
2026/02/05 08:05:16.692, NVIDIA Thor, 0 %, [N/A], [N/A], 51
2026/02/05 08:05:17.693, NVIDIA Thor, 5 %, [N/A], [N/A], 51
2026/02/05 08:05:18.695, NVIDIA Thor, 98 %, [N/A], [N/A], 52
2026/02/05 08:05:19.697, NVIDIA Thor, 98 %, [N/A], [N/A], 52
2026/02/05 08:05:20.700, NVIDIA Thor, 97 %, [N/A], [N/A], 52
2026/02/05 08:05:21.703, NVIDIA Thor, 1 %, [N/A], [N/A], 51
2026/02/05 08:05:22.706, NVIDIA Thor, 91 %, [N/A], [N/A], 52
2026/02/05 08:05:23.707, NVIDIA Thor, 98 %, [N/A], [N/A], 52
2026/02/05 08:05:24.710, NVIDIA Thor, 98 %, [N/A], [N/A], 52
2026/02/05 08:05:25.713, NVIDIA Thor, 97 %, [N/A], [N/A], 52
2026/02/05 08:05:26.716, NVIDIA Thor, 30 %, [N/A], [N/A], 51
2026/02/05 08:05:27.721, NVIDIA Thor, 1 %, [N/A], [N/A], 51
2026/02/05 08:05:28.723, NVIDIA Thor, 3 %, [N/A], [N/A], 51
2026/02/05 08:05:29.724, NVIDIA Thor, 98 %, [N/A], [N/A], 52
2026/02/05 08:05:30.726, NVIDIA Thor, 24 %, [N/A], [N/A], 51
2026/02/05 08:05:31.727, NVIDIA Thor, 97 %, [N/A], [N/A], 53
2026/02/05 08:05:32.731, NVIDIA Thor, 97 %, [N/A], [N/A], 52
2026/02/05 08:05:33.736, NVIDIA Thor, 84 %, [N/A], [N/A], 52
2026/02/05 08:05:34.738, NVIDIA Thor, 0 %, [N/A], [N/A], 51
2026/02/05 08:05:35.741, NVIDIA Thor, 4 %, [N/A], [N/A], 51
2026/02/05 08:05:36.742, NVIDIA Thor, 16 %, [N/A], [N/A], 52
2026/02/05 08:05:37.744, NVIDIA Thor, 97 %, [N/A], [N/A], 53
2026/02/05 08:05:38.749, NVIDIA Thor, 83 %, [N/A], [N/A], 51
2026/02/05 08:05:39.751, NVIDIA Thor, 2 %, [N/A], [N/A], 51
2026/02/05 08:05:40.753, NVIDIA Thor, 58 %, [N/A], [N/A], 52
2026/02/05 08:05:41.755, NVIDIA Thor, 97 %, [N/A], [N/A], 53
2026/02/05 08:05:42.761, NVIDIA Thor, 51 %, [N/A], [N/A], 51
2026/02/05 08:05:43.765, NVIDIA Thor, 3 %, [N/A], [N/A], 51
2026/02/05 08:05:44.766, NVIDIA Thor, 98 %, [N/A], [N/A], 52
2026/02/05 08:05:45.770, NVIDIA Thor, 85 %, [N/A], [N/A], 51
2026/02/05 08:05:46.772, NVIDIA Thor, 2 %, [N/A], [N/A], 50
2026/02/05 08:05:47.775, NVIDIA Thor, 95 %, [N/A], [N/A], 52
2026/02/05 08:05:48.781, NVIDIA Thor, 0 %, [N/A], [N/A], 51
2026/02/05 08:05:49.783, NVIDIA Thor, 5 %, [N/A], [N/A], 51
2026/02/05 08:05:50.785, NVIDIA Thor, 9 %, [N/A], [N/A], 51
2026/02/05 08:05:51.787, NVIDIA Thor, 97 %, [N/A], [N/A], 52
2026/02/05 08:05:52.790, NVIDIA Thor, 97 %, [N/A], [N/A], 52
2026/02/05 08:05:53.794, NVIDIA Thor, 95 %, [N/A], [N/A], 52
2026/02/05 08:05:54.800, NVIDIA Thor, 3 %, [N/A], [N/A], 51
2026/02/05 08:05:55.801, NVIDIA Thor, 16 %, [N/A], [N/A], 52
2026/02/05 08:05:56.803, NVIDIA Thor, 97 %, [N/A], [N/A], 53
2026/02/05 08:05:57.808, NVIDIA Thor, 94 %, [N/A], [N/A], 52
2026/02/05 08:05:58.811, NVIDIA Thor, 3 %, [N/A], [N/A], 51
2026/02/05 08:05:59.812, NVIDIA Thor, 14 %, [N/A], [N/A], 52
2026/02/05 08:06:00.814, NVIDIA Thor, 98 %, [N/A], [N/A], 53
2026/02/05 08:06:01.816, NVIDIA Thor, 16 %, [N/A], [N/A], 51
2026/02/05 08:06:02.823, NVIDIA Thor, 0 %, [N/A], [N/A], 50
2026/02/05 08:06:03.824, NVIDIA Thor, 97 %, [N/A], [N/A], 52
2026/02/05 08:06:04.829, NVIDIA Thor, 0 %, [N/A], [N/A], 51
2026/02/05 08:06:05.830, NVIDIA Thor, 8 %, [N/A], [N/A], 51
2026/02/05 08:06:06.832, NVIDIA Thor, 5 %, [N/A], [N/A], 51
2026/02/05 08:06:07.833, NVIDIA Thor, 51 %, [N/A], [N/A], 52
2026/02/05 08:06:08.835, NVIDIA Thor, 98 %, [N/A], [N/A], 52
2026/02/05 08:06:09.838, NVIDIA Thor, 98 %, [N/A], [N/A], 53
2026/02/05 08:06:10.840, NVIDIA Thor, 97 %, [N/A], [N/A], 53
2026/02/05 08:06:11.843, NVIDIA Thor, 97 %, [N/A], [N/A], 52
2026/02/05 08:06:12.850, NVIDIA Thor, 59 %, [N/A], [N/A], 51
2026/02/05 08:06:13.852, NVIDIA Thor, 0 %, [N/A], [N/A], 51
2026/02/05 08:06:14.854, NVIDIA Thor, 5 %, [N/A], [N/A], 51
2026/02/05 08:06:15.856, NVIDIA Thor, 4 %, [N/A], [N/A], 51
2026/02/05 08:06:16.857, NVIDIA Thor, 4 %, [N/A], [N/A], 52
2026/02/05 08:06:17.859, NVIDIA Thor, 97 %, [N/A], [N/A], 53
2026/02/05 08:06:18.862, NVIDIA Thor, 10 %, [N/A], [N/A], 51
2026/02/05 08:06:19.864, NVIDIA Thor, 2 %, [N/A], [N/A], 51
2026/02/05 08:06:20.865, NVIDIA Thor, 2 %, [N/A], [N/A], 51
2026/02/05 08:06:21.866, NVIDIA Thor, 3 %, [N/A], [N/A], 51
2026/02/05 08:06:22.868, NVIDIA Thor, 32 %, [N/A], [N/A], 52
2026/02/05 08:06:23.869, NVIDIA Thor, 98 %, [N/A], [N/A], 53
2026/02/05 08:06:24.873, NVIDIA Thor, 98 %, [N/A], [N/A], 52
2026/02/05 08:06:25.877, NVIDIA Thor, 55 %, [N/A], [N/A], 51
2026/02/05 08:06:26.881, NVIDIA Thor, 3 %, [N/A], [N/A], 51
2026/02/05 08:06:27.883, NVIDIA Thor, 8 %, [N/A], [N/A], 51
2026/02/05 08:06:28.884, NVIDIA Thor, 34 %, [N/A], [N/A], 52
2026/02/05 08:06:29.886, NVIDIA Thor, 97 %, [N/A], [N/A], 53
2026/02/05 08:06:30.890, NVIDIA Thor, 98 %, [N/A], [N/A], 53
2026/02/05 08:06:31.895, NVIDIA Thor, 90 %, [N/A], [N/A], 52
2026/02/05 08:06:32.898, NVIDIA Thor, 1 %, [N/A], [N/A], 51
2026/02/05 08:06:33.899, NVIDIA Thor, 1 %, [N/A], [N/A], 51
2026/02/05 08:06:34.905, NVIDIA Thor, 16 %, [N/A], [N/A], 51
2026/02/05 08:06:35.909, NVIDIA Thor, 78 %, [N/A], [N/A], 52
2026/02/05 08:06:36.915, NVIDIA Thor, 0 %, [N/A], [N/A], 51
2026/02/05 08:06:37.917, NVIDIA Thor, 7 %, [N/A], [N/A], 51
2026/02/05 08:06:38.918, NVIDIA Thor, 3 %, [N/A], [N/A], 51
2026/02/05 08:06:39.921, NVIDIA Thor, 7 %, [N/A], [N/A], 52
2026/02/05 08:06:40.922, NVIDIA Thor, 98 %, [N/A], [N/A], 53
2026/02/05 08:06:41.925, NVIDIA Thor, 97 %, [N/A], [N/A], 53
2026/02/05 08:06:42.928, NVIDIA Thor, 97 %, [N/A], [N/A], 53
2026/02/05 08:06:43.933, NVIDIA Thor, 97 %, [N/A], [N/A], 53
2026/02/05 08:06:44.937, NVIDIA Thor, 83 %, [N/A], [N/A], 52
2026/02/05 08:06:45.939, NVIDIA Thor, 0 %, [N/A], [N/A], 51
2026/02/05 08:06:46.941, NVIDIA Thor, 1 %, [N/A], [N/A], 51
2026/02/05 08:06:47.942, NVIDIA Thor, 2 %, [N/A], [N/A], 51
2026/02/05 08:06:48.944, NVIDIA Thor, 0 %, [N/A], [N/A], 51
2026/02/05 08:06:49.945, NVIDIA Thor, 0 %, [N/A], [N/A], 50
2026/02/05 08:06:50.947, NVIDIA Thor, 1 %, [N/A], [N/A], 50
2026/02/05 08:06:51.950, NVIDIA Thor, 0 %, [N/A], [N/A], 50
2026/02/05 08:06:52.953, NVIDIA Thor, 0 %, [N/A], [N/A], 49
2026/02/05 08:06:53.958, NVIDIA Thor, 0 %, [N/A], [N/A], 49
2026/02/05 08:06:54.961, NVIDIA Thor, 0 %, [N/A], [N/A], 49
2026/02/05 08:06:55.964, NVIDIA Thor, 0 %, [N/A], [N/A], 49
2026/02/05 08:06:56.967, NVIDIA Thor, 0 %, [N/A], [N/A], 49
2026/02/05 08:06:57.972, NVIDIA Thor, 0 %, [N/A], [N/A], 49
2026/02/05 08:06:58.973, NVIDIA Thor, 4 %, [N/A], [N/A], 50
2026/02/05 08:06:59.975, NVIDIA Thor, 6 %, [N/A], [N/A], 50
2026/02/05 08:07:00.976, NVIDIA Thor, 98 %, [N/A], [N/A], 51
2026/02/05 08:07:01.984, NVIDIA Thor, 73 %, [N/A], [N/A], 51
2026/02/05 08:07:02.986, NVIDIA Thor, 1 %, [N/A], [N/A], 50
2026/02/05 08:07:03.988, NVIDIA Thor, 7 %, [N/A], [N/A], 51
2026/02/05 08:07:04.990, NVIDIA Thor, 32 %, [N/A], [N/A], 51
2026/02/05 08:07:05.992, NVIDIA Thor, 97 %, [N/A], [N/A], 52
2026/02/05 08:07:06.994, NVIDIA Thor, 98 %, [N/A], [N/A], 52
2026/02/05 08:07:07.997, NVIDIA Thor, 5 %, [N/A], [N/A], 51
2026/02/05 08:07:08.999, NVIDIA Thor, 97 %, [N/A], [N/A], 52
2026/02/05 08:07:10.001, NVIDIA Thor, 98 %, [N/A], [N/A], 52
2026/02/05 08:07:11.004, NVIDIA Thor, 95 %, [N/A], [N/A], 52
2026/02/05 08:07:12.012, NVIDIA Thor, 0 %, [N/A], [N/A], 51
2026/02/05 08:07:13.013, NVIDIA Thor, 4 %, [N/A], [N/A], 51
2026/02/05 08:07:14.015, NVIDIA Thor, 7 %, [N/A], [N/A], 51
2026/02/05 08:07:15.017, NVIDIA Thor, 1 %, [N/A], [N/A], 50
2026/02/05 08:07:16.018, NVIDIA Thor, 97 %, [N/A], [N/A], 52
2026/02/05 08:07:17.022, NVIDIA Thor, 97 %, [N/A], [N/A], 52
2026/02/05 08:07:18.028, NVIDIA Thor, 37 %, [N/A], [N/A], 51
2026/02/05 08:07:19.033, NVIDIA Thor, 9 %, [N/A], [N/A], 51
2026/02/05 08:07:20.035, NVIDIA Thor, 7 %, [N/A], [N/A], 51
2026/02/05 08:07:21.037, NVIDIA Thor, 50 %, [N/A], [N/A], 52
2026/02/05 08:07:22.039, NVIDIA Thor, 98 %, [N/A], [N/A], 52
2026/02/05 08:07:23.041, NVIDIA Thor, 98 %, [N/A], [N/A], 52
2026/02/05 08:07:24.047, NVIDIA Thor, 87 %, [N/A], [N/A], 52
2026/02/05 08:07:25.051, NVIDIA Thor, 59 %, [N/A], [N/A], 51
2026/02/05 08:07:26.058, NVIDIA Thor, 0 %, [N/A], [N/A], 51
2026/02/05 08:07:27.059, NVIDIA Thor, 1 %, [N/A], [N/A], 51
2026/02/05 08:07:28.061, NVIDIA Thor, 6 %, [N/A], [N/A], 51
2026/02/05 08:07:29.062, NVIDIA Thor, 18 %, [N/A], [N/A], 52
2026/02/05 08:07:30.064, NVIDIA Thor, 97 %, [N/A], [N/A], 53
2026/02/05 08:07:31.066, NVIDIA Thor, 1 %, [N/A], [N/A], 51
2026/02/05 08:07:32.068, NVIDIA Thor, 3 %, [N/A], [N/A], 51
2026/02/05 08:07:33.069, NVIDIA Thor, 6 %, [N/A], [N/A], 52
2026/02/05 08:07:34.070, NVIDIA Thor, 20 %, [N/A], [N/A], 52
2026/02/05 08:07:35.073, NVIDIA Thor, 97 %, [N/A], [N/A], 53
2026/02/05 08:07:36.075, NVIDIA Thor, 98 %, [N/A], [N/A], 53
2026/02/05 08:07:37.078, NVIDIA Thor, 97 %, [N/A], [N/A], 52
2026/02/05 08:07:38.084, NVIDIA Thor, 62 %, [N/A], [N/A], 52
2026/02/05 08:07:39.086, NVIDIA Thor, 2 %, [N/A], [N/A], 51
2026/02/05 08:07:40.087, NVIDIA Thor, 9 %, [N/A], [N/A], 51
2026/02/05 08:07:41.088, NVIDIA Thor, 97 %, [N/A], [N/A], 53
2026/02/05 08:07:42.091, NVIDIA Thor, 98 %, [N/A], [N/A], 53
2026/02/05 08:07:43.092, NVIDIA Thor, 98 %, [N/A], [N/A], 53
2026/02/05 08:07:44.099, NVIDIA Thor, 97 %, [N/A], [N/A], 52
2026/02/05 08:07:45.106, NVIDIA Thor, 95 %, [N/A], [N/A], 52
2026/02/05 08:07:46.109, NVIDIA Thor, 0 %, [N/A], [N/A], 51
2026/02/05 08:07:47.121, NVIDIA Thor, 15 %, [N/A], [N/A], 51
2026/02/05 08:07:48.125, NVIDIA Thor, 0 %, [N/A], [N/A], 50
2026/02/05 08:07:49.126, NVIDIA Thor, 20 %, [N/A], [N/A], 52
2026/02/05 08:07:50.127, NVIDIA Thor, 98 %, [N/A], [N/A], 53
2026/02/05 08:07:51.131, NVIDIA Thor, 91 %, [N/A], [N/A], 52
2026/02/05 08:07:52.135, NVIDIA Thor, 8 %, [N/A], [N/A], 51
2026/02/05 08:07:53.139, NVIDIA Thor, 98 %, [N/A], [N/A], 53
2026/02/05 08:07:54.141, NVIDIA Thor, 4 %, [N/A], [N/A], 51
2026/02/05 08:07:55.143, NVIDIA Thor, 3 %, [N/A], [N/A], 52
2026/02/05 08:07:56.145, NVIDIA Thor, 98 %, [N/A], [N/A], 53
2026/02/05 08:07:57.147, NVIDIA Thor, 56 %, [N/A], [N/A], 52
2026/02/05 08:07:58.151, NVIDIA Thor, 10 %, [N/A], [N/A], 51
2026/02/05 08:07:59.152, NVIDIA Thor, 62 %, [N/A], [N/A], 52
2026/02/05 08:08:00.154, NVIDIA Thor, 96 %, [N/A], [N/A], 52
2026/02/05 08:08:01.158, NVIDIA Thor, 8 %, [N/A], [N/A], 51
2026/02/05 08:08:02.159, NVIDIA Thor, 97 %, [N/A], [N/A], 53
2026/02/05 08:08:03.163, NVIDIA Thor, 83 %, [N/A], [N/A], 52
2026/02/05 08:08:04.165, NVIDIA Thor, 3 %, [N/A], [N/A], 51
2026/02/05 08:08:05.167, NVIDIA Thor, 3 %, [N/A], [N/A], 51
2026/02/05 08:08:06.168, NVIDIA Thor, 0 %, [N/A], [N/A], 51
2026/02/05 08:08:07.170, NVIDIA Thor, 0 %, [N/A], [N/A], 51
2026/02/05 08:08:08.171, NVIDIA Thor, 2 %, [N/A], [N/A], 51
2026/02/05 08:08:09.172, NVIDIA Thor, 59 %, [N/A], [N/A], 52
2026/02/05 08:08:10.174, NVIDIA Thor, 0 %, [N/A], [N/A], 51
2026/02/05 08:08:11.175, NVIDIA Thor, 11 %, [N/A], [N/A], 52
2026/02/05 08:08:12.177, NVIDIA Thor, 97 %, [N/A], [N/A], 53
2026/02/05 08:08:13.180, NVIDIA Thor, 63 %, [N/A], [N/A], 52
2026/02/05 08:08:14.182, NVIDIA Thor, 2 %, [N/A], [N/A], 51
2026/02/05 08:08:15.184, NVIDIA Thor, 98 %, [N/A], [N/A], 53
2026/02/05 08:08:16.186, NVIDIA Thor, 98 %, [N/A], [N/A], 53
2026/02/05 08:08:17.189, NVIDIA Thor, 97 %, [N/A], [N/A], 53
2026/02/05 08:08:18.192, NVIDIA Thor, 94 %, [N/A], [N/A], 52
2026/02/05 08:08:19.197, NVIDIA Thor, 0 %, [N/A], [N/A], 51
2026/02/05 08:08:20.198, NVIDIA Thor, 2 %, [N/A], [N/A], 52
2026/02/05 08:08:21.199, NVIDIA Thor, 12 %, [N/A], [N/A], 52
2026/02/05 08:08:22.201, NVIDIA Thor, 1 %, [N/A], [N/A], 51
2026/02/05 08:08:23.202, NVIDIA Thor, 0 %, [N/A], [N/A], 51
2026/02/05 08:08:24.204, NVIDIA Thor, 9 %, [N/A], [N/A], 52
2026/02/05 08:08:25.206, NVIDIA Thor, 12 %, [N/A], [N/A], 52
2026/02/05 08:08:26.207, NVIDIA Thor, 98 %, [N/A], [N/A], 53
2026/02/05 08:08:27.210, NVIDIA Thor, 1 %, [N/A], [N/A], 51
2026/02/05 08:08:28.211, NVIDIA Thor, 7 %, [N/A], [N/A], 51
2026/02/05 08:08:29.213, NVIDIA Thor, 2 %, [N/A], [N/A], 52
2026/02/05 08:08:30.214, NVIDIA Thor, 60 %, [N/A], [N/A], 53
2026/02/05 08:08:31.217, NVIDIA Thor, 97 %, [N/A], [N/A], 53
2026/02/05 08:08:32.218, NVIDIA Thor, 98 %, [N/A], [N/A], 53
2026/02/05 08:08:33.220, NVIDIA Thor, 98 %, [N/A], [N/A], 53
2026/02/05 08:08:34.226, NVIDIA Thor, 97 %, [N/A], [N/A], 53
2026/02/05 08:08:35.229, NVIDIA Thor, 66 %, [N/A], [N/A], 52
2026/02/05 08:08:36.235, NVIDIA Thor, 2 %, [N/A], [N/A], 51
2026/02/05 08:08:37.237, NVIDIA Thor, 5 %, [N/A], [N/A], 52
2026/02/05 08:08:38.238, NVIDIA Thor, 97 %, [N/A], [N/A], 53
2026/02/05 08:08:39.240, NVIDIA Thor, 0 %, [N/A], [N/A], 51
2026/02/05 08:08:40.242, NVIDIA Thor, 98 %, [N/A], [N/A], 53
2026/02/05 08:08:41.245, NVIDIA Thor, 55 %, [N/A], [N/A], 52
2026/02/05 08:08:42.249, NVIDIA Thor, 98 %, [N/A], [N/A], 52
2026/02/05 08:08:43.252, NVIDIA Thor, 91 %, [N/A], [N/A], 52
2026/02/05 08:08:44.254, NVIDIA Thor, 2 %, [N/A], [N/A], 51
2026/02/05 08:08:45.255, NVIDIA Thor, 98 %, [N/A], [N/A], 53
2026/02/05 08:08:46.258, NVIDIA Thor, 86 %, [N/A], [N/A], 52
2026/02/05 08:08:47.260, NVIDIA Thor, 0 %, [N/A], [N/A], 51
2026/02/05 08:08:48.263, NVIDIA Thor, 3 %, [N/A], [N/A], 51
2026/02/05 08:08:49.265, NVIDIA Thor, 8 %, [N/A], [N/A], 52
2026/02/05 08:08:50.266, NVIDIA Thor, 16 %, [N/A], [N/A], 52
2026/02/05 08:08:51.268, NVIDIA Thor, 97 %, [N/A], [N/A], 53
2026/02/05 08:08:52.270, NVIDIA Thor, 98 %, [N/A], [N/A], 53
2026/02/05 08:08:53.273, NVIDIA Thor, 98 %, [N/A], [N/A], 53
2026/02/05 08:08:54.275, NVIDIA Thor, 97 %, [N/A], [N/A], 53
2026/02/05 08:08:55.279, NVIDIA Thor, 89 %, [N/A], [N/A], 52
2026/02/05 08:08:56.281, NVIDIA Thor, 21 %, [N/A], [N/A], 51
2026/02/05 08:08:57.282, NVIDIA Thor, 98 %, [N/A], [N/A], 53
2026/02/05 08:08:58.284, NVIDIA Thor, 98 %, [N/A], [N/A], 53
2026/02/05 08:08:59.286, NVIDIA Thor, 86 %, [N/A], [N/A], 52
2026/02/05 08:09:00.288, NVIDIA Thor, 8 %, [N/A], [N/A], 52
2026/02/05 08:09:01.290, NVIDIA Thor, 98 %, [N/A], [N/A], 53
2026/02/05 08:09:02.295, NVIDIA Thor, 97 %, [N/A], [N/A], 52
2026/02/05 08:09:03.301, NVIDIA Thor, 10 %, [N/A], [N/A], 52
2026/02/05 08:09:04.302, NVIDIA Thor, 97 %, [N/A], [N/A], 53
2026/02/05 08:09:05.306, NVIDIA Thor, 98 %, [N/A], [N/A], 53
2026/02/05 08:09:06.310, NVIDIA Thor, 97 %, [N/A], [N/A], 53
2026/02/05 08:09:07.315, NVIDIA Thor, 84 %, [N/A], [N/A], 52
2026/02/05 08:09:08.318, NVIDIA Thor, 0 %, [N/A], [N/A], 51
2026/02/05 08:09:09.320, NVIDIA Thor, 4 %, [N/A], [N/A], 52
2026/02/05 08:09:10.321, NVIDIA Thor, 6 %, [N/A], [N/A], 52
2026/02/05 08:09:11.322, NVIDIA Thor, 2 %, [N/A], [N/A], 52
2026/02/05 08:09:12.325, NVIDIA Thor, 85 %, [N/A], [N/A], 53
2026/02/05 08:09:13.326, NVIDIA Thor, 94 %, [N/A], [N/A], 52
2026/02/05 08:09:14.329, NVIDIA Thor, 96 %, [N/A], [N/A], 53
2026/02/05 08:09:15.335, NVIDIA Thor, 97 %, [N/A], [N/A], 53
2026/02/05 08:09:16.339, NVIDIA Thor, 0 %, [N/A], [N/A], 51
2026/02/05 08:09:17.341, NVIDIA Thor, 6 %, [N/A], [N/A], 52
2026/02/05 08:09:18.342, NVIDIA Thor, 97 %, [N/A], [N/A], 53
2026/02/05 08:09:19.345, NVIDIA Thor, 97 %, [N/A], [N/A], 53
2026/02/05 08:09:20.351, NVIDIA Thor, 98 %, [N/A], [N/A], 53
2026/02/05 08:09:21.356, NVIDIA Thor, 96 %, [N/A], [N/A], 53
2026/02/05 08:09:22.359, NVIDIA Thor, 0 %, [N/A], [N/A], 51
2026/02/05 08:09:23.360, NVIDIA Thor, 4 %, [N/A], [N/A], 52
2026/02/05 08:09:24.361, NVIDIA Thor, 4 %, [N/A], [N/A], 52
2026/02/05 08:09:25.362, NVIDIA Thor, 97 %, [N/A], [N/A], 53
2026/02/05 08:09:26.365, NVIDIA Thor, 98 %, [N/A], [N/A], 53
2026/02/05 08:09:27.367, NVIDIA Thor, 98 %, [N/A], [N/A], 53
2026/02/05 08:09:28.370, NVIDIA Thor, 98 %, [N/A], [N/A], 53
2026/02/05 08:09:29.372, NVIDIA Thor, 35 %, [N/A], [N/A], 51
2026/02/05 08:09:30.374, NVIDIA Thor, 2 %, [N/A], [N/A], 51
2026/02/05 08:09:31.375, NVIDIA Thor, 2 %, [N/A], [N/A], 51
2026/02/05 08:09:32.377, NVIDIA Thor, 17 %, [N/A], [N/A], 52
2026/02/05 08:09:33.379, NVIDIA Thor, 69 %, [N/A], [N/A], 53
2026/02/05 08:09:34.380, NVIDIA Thor, 98 %, [N/A], [N/A], 53
2026/02/05 08:09:35.382, NVIDIA Thor, 98 %, [N/A], [N/A], 53
2026/02/05 08:09:36.385, NVIDIA Thor, 0 %, [N/A], [N/A], 51
2026/02/05 08:09:37.387, NVIDIA Thor, 5 %, [N/A], [N/A], 52
2026/02/05 08:09:38.389, NVIDIA Thor, 5 %, [N/A], [N/A], 52
2026/02/05 08:09:39.390, NVIDIA Thor, 97 %, [N/A], [N/A], 53
2026/02/05 08:09:40.393, NVIDIA Thor, 95 %, [N/A], [N/A], 53
2026/02/05 08:09:41.398, NVIDIA Thor, 1 %, [N/A], [N/A], 52
2026/02/05 08:09:42.399, NVIDIA Thor, 98 %, [N/A], [N/A], 53
2026/02/05 08:09:43.402, NVIDIA Thor, 10 %, [N/A], [N/A], 52
2026/02/05 08:09:44.404, NVIDIA Thor, 98 %, [N/A], [N/A], 53
2026/02/05 08:09:45.407, NVIDIA Thor, 98 %, [N/A], [N/A], 53
2026/02/05 08:09:46.410, NVIDIA Thor, 14 %, [N/A], [N/A], 52
2026/02/05 08:09:47.423, NVIDIA Thor, 3 %, [N/A], [N/A], 52
2026/02/05 08:09:48.425, NVIDIA Thor, 7 %, [N/A], [N/A], 52
2026/02/05 08:09:49.426, NVIDIA Thor, 20 %, [N/A], [N/A], 52
2026/02/05 08:09:50.427, NVIDIA Thor, 98 %, [N/A], [N/A], 53
2026/02/05 08:09:51.430, NVIDIA Thor, 97 %, [N/A], [N/A], 53
2026/02/05 08:09:52.436, NVIDIA Thor, 87 %, [N/A], [N/A], 52
2026/02/05 08:09:53.438, NVIDIA Thor, 0 %, [N/A], [N/A], 52
2026/02/05 08:09:54.440, NVIDIA Thor, 4 %, [N/A], [N/A], 52
2026/02/05 08:09:55.442, NVIDIA Thor, 8 %, [N/A], [N/A], 52
2026/02/05 08:09:56.443, NVIDIA Thor, 98 %, [N/A], [N/A], 53
2026/02/05 08:09:57.446, NVIDIA Thor, 97 %, [N/A], [N/A], 53
2026/02/05 08:09:58.448, NVIDIA Thor, 0 %, [N/A], [N/A], 52
2026/02/05 08:09:59.450, NVIDIA Thor, 8 %, [N/A], [N/A], 52
2026/02/05 08:10:00.451, NVIDIA Thor, 11 %, [N/A], [N/A], 52
2026/02/05 08:10:01.453, NVIDIA Thor, 22 %, [N/A], [N/A], 52
2026/02/05 08:10:02.454, NVIDIA Thor, 97 %, [N/A], [N/A], 53
2026/02/05 08:10:03.455, NVIDIA Thor, 0 %, [N/A], [N/A], 51
2026/02/05 08:10:04.457, NVIDIA Thor, 0 %, [N/A], [N/A], 52
2026/02/05 08:10:05.458, NVIDIA Thor, 12 %, [N/A], [N/A], 52
2026/02/05 08:10:06.460, NVIDIA Thor, 10 %, [N/A], [N/A], 52
2026/02/05 08:10:07.461, NVIDIA Thor, 98 %, [N/A], [N/A], 53
2026/02/05 08:10:08.463, NVIDIA Thor, 98 %, [N/A], [N/A], 53
2026/02/05 08:10:09.468, NVIDIA Thor, 3 %, [N/A], [N/A], 52
2026/02/05 08:10:10.470, NVIDIA Thor, 3 %, [N/A], [N/A], 52
2026/02/05 08:10:11.471, NVIDIA Thor, 97 %, [N/A], [N/A], 53
2026/02/05 08:10:12.472, NVIDIA Thor, 98 %, [N/A], [N/A], 53
2026/02/05 08:10:13.477, NVIDIA Thor, 97 %, [N/A], [N/A], 53
2026/02/05 08:10:14.480, NVIDIA Thor, 10 %, [N/A], [N/A], 52
2026/02/05 08:10:15.482, NVIDIA Thor, 97 %, [N/A], [N/A], 53
2026/02/05 08:10:16.483, NVIDIA Thor, 98 %, [N/A], [N/A], 53
2026/02/05 08:10:17.486, NVIDIA Thor, 98 %, [N/A], [N/A], 53
2026/02/05 08:10:18.491, NVIDIA Thor, 88 %, [N/A], [N/A], 52
2026/02/05 08:10:19.493, NVIDIA Thor, 13 %, [N/A], [N/A], 52
2026/02/05 08:10:20.495, NVIDIA Thor, 0 %, [N/A], [N/A], 51
2026/02/05 08:10:21.497, NVIDIA Thor, 97 %, [N/A], [N/A], 53
2026/02/05 08:10:22.498, NVIDIA Thor, 97 %, [N/A], [N/A], 53
2026/02/05 08:10:23.502, NVIDIA Thor, 98 %, [N/A], [N/A], 53
2026/02/05 08:10:24.505, NVIDIA Thor, 32 %, [N/A], [N/A], 52
2026/02/05 08:10:25.511, NVIDIA Thor, 9 %, [N/A], [N/A], 52
2026/02/05 08:10:26.513, NVIDIA Thor, 98 %, [N/A], [N/A], 53
2026/02/05 08:10:27.515, NVIDIA Thor, 98 %, [N/A], [N/A], 53
2026/02/05 08:10:28.518, NVIDIA Thor, 98 %, [N/A], [N/A], 53
2026/02/05 08:10:29.520, NVIDIA Thor, 69 %, [N/A], [N/A], 52
2026/02/05 08:10:30.524, NVIDIA Thor, 0 %, [N/A], [N/A], 52
2026/02/05 08:10:31.525, NVIDIA Thor, 4 %, [N/A], [N/A], 52
2026/02/05 08:10:32.527, NVIDIA Thor, 6 %, [N/A], [N/A], 51
2026/02/05 08:10:33.528, NVIDIA Thor, 97 %, [N/A], [N/A], 53
2026/02/05 08:10:34.533, NVIDIA Thor, 98 %, [N/A], [N/A], 53
2026/02/05 08:10:35.536, NVIDIA Thor, 0 %, [N/A], [N/A], 51
2026/02/05 08:10:36.537, NVIDIA Thor, 52 %, [N/A], [N/A], 53
2026/02/05 08:10:37.538, NVIDIA Thor, 97 %, [N/A], [N/A], 53
2026/02/05 08:10:38.541, NVIDIA Thor, 89 %, [N/A], [N/A], 52
2026/02/05 08:10:39.543, NVIDIA Thor, 9 %, [N/A], [N/A], 52
2026/02/05 08:10:40.545, NVIDIA Thor, 98 %, [N/A], [N/A], 53
2026/02/05 08:10:41.547, NVIDIA Thor, 98 %, [N/A], [N/A], 53
2026/02/05 08:10:42.552, NVIDIA Thor, 95 %, [N/A], [N/A], 53
2026/02/05 08:10:43.559, NVIDIA Thor, 76 %, [N/A], [N/A], 52
2026/02/05 08:10:44.561, NVIDIA Thor, 0 %, [N/A], [N/A], 52
2026/02/05 08:10:45.563, NVIDIA Thor, 9 %, [N/A], [N/A], 52
2026/02/05 08:10:46.564, NVIDIA Thor, 55 %, [N/A], [N/A], 53
2026/02/05 08:10:47.566, NVIDIA Thor, 98 %, [N/A], [N/A], 53
2026/02/05 08:10:48.568, NVIDIA Thor, 98 %, [N/A], [N/A], 53
2026/02/05 08:10:49.572, NVIDIA Thor, 11 %, [N/A], [N/A], 51
2026/02/05 08:10:50.573, NVIDIA Thor, 64 %, [N/A], [N/A], 53
2026/02/05 08:10:51.575, NVIDIA Thor, 98 %, [N/A], [N/A], 53
2026/02/05 08:10:52.578, NVIDIA Thor, 85 %, [N/A], [N/A], 52
2026/02/05 08:10:53.582, NVIDIA Thor, 0 %, [N/A], [N/A], 52
2026/02/05 08:10:54.584, NVIDIA Thor, 2 %, [N/A], [N/A], 52
2026/02/05 08:10:55.586, NVIDIA Thor, 2 %, [N/A], [N/A], 52
2026/02/05 08:10:56.587, NVIDIA Thor, 14 %, [N/A], [N/A], 52
2026/02/05 08:10:57.589, NVIDIA Thor, 98 %, [N/A], [N/A], 53
2026/02/05 08:10:58.594, NVIDIA Thor, 97 %, [N/A], [N/A], 53
2026/02/05 08:10:59.600, NVIDIA Thor, 1 %, [N/A], [N/A], 52
2026/02/05 08:11:00.601, NVIDIA Thor, 2 %, [N/A], [N/A], 52
2026/02/05 08:11:01.603, NVIDIA Thor, 97 %, [N/A], [N/A], 53
2026/02/05 08:11:02.606, NVIDIA Thor, 97 %, [N/A], [N/A], 53
2026/02/05 08:11:03.611, NVIDIA Thor, 84 %, [N/A], [N/A], 52
2026/02/05 08:11:04.614, NVIDIA Thor, 3 %, [N/A], [N/A], 52
2026/02/05 08:11:05.616, NVIDIA Thor, 1 %, [N/A], [N/A], 51
2026/02/05 08:11:06.618, NVIDIA Thor, 1 %, [N/A], [N/A], 51
2026/02/05 08:11:07.623, NVIDIA Thor, 97 %, [N/A], [N/A], 53
2026/02/05 08:11:08.627, NVIDIA Thor, 0 %, [N/A], [N/A], 51
2026/02/05 08:11:09.628, NVIDIA Thor, 13 %, [N/A], [N/A], 52
2026/02/05 08:11:10.630, NVIDIA Thor, 97 %, [N/A], [N/A], 53
2026/02/05 08:11:11.632, NVIDIA Thor, 4 %, [N/A], [N/A], 52
2026/02/05 08:11:12.638, NVIDIA Thor, 30 %, [N/A], [N/A], 52
2026/02/05 08:11:13.641, NVIDIA Thor, 98 %, [N/A], [N/A], 53
2026/02/05 08:11:14.647, NVIDIA Thor, 97 %, [N/A], [N/A], 53
2026/02/05 08:11:15.650, NVIDIA Thor, 0 %, [N/A], [N/A], 52
2026/02/05 08:11:16.652, NVIDIA Thor, 97 %, [N/A], [N/A], 53
2026/02/05 08:11:17.654, NVIDIA Thor, 94 %, [N/A], [N/A], 53
2026/02/05 08:11:18.660, NVIDIA Thor, 2 %, [N/A], [N/A], 52
2026/02/05 08:11:19.661, NVIDIA Thor, 96 %, [N/A], [N/A], 53
2026/02/05 08:11:20.667, NVIDIA Thor, 3 %, [N/A], [N/A], 52
2026/02/05 08:11:21.670, NVIDIA Thor, 98 %, [N/A], [N/A], 53
2026/02/05 08:11:22.672, NVIDIA Thor, 91 %, [N/A], [N/A], 52
2026/02/05 08:11:23.676, NVIDIA Thor, 0 %, [N/A], [N/A], 51
2026/02/05 08:11:24.677, NVIDIA Thor, 98 %, [N/A], [N/A], 53
2026/02/05 08:11:25.682, NVIDIA Thor, 98 %, [N/A], [N/A], 53
2026/02/05 08:11:26.688, NVIDIA Thor, 73 %, [N/A], [N/A], 52
2026/02/05 08:11:27.690, NVIDIA Thor, 4 %, [N/A], [N/A], 52
2026/02/05 08:11:28.693, NVIDIA Thor, 10 %, [N/A], [N/A], 52
2026/02/05 08:11:29.695, NVIDIA Thor, 97 %, [N/A], [N/A], 53
2026/02/05 08:11:30.699, NVIDIA Thor, 46 %, [N/A], [N/A], 52
2026/02/05 08:11:31.703, NVIDIA Thor, 6 %, [N/A], [N/A], 52
2026/02/05 08:11:32.705, NVIDIA Thor, 97 %, [N/A], [N/A], 53
2026/02/05 08:11:33.712, NVIDIA Thor, 1 %, [N/A], [N/A], 52
2026/02/05 08:11:34.714, NVIDIA Thor, 98 %, [N/A], [N/A], 53
2026/02/05 08:11:35.717, NVIDIA Thor, 8 %, [N/A], [N/A], 52
2026/02/05 08:11:36.719, NVIDIA Thor, 97 %, [N/A], [N/A], 53
2026/02/05 08:11:37.725, NVIDIA Thor, 10 %, [N/A], [N/A], 52
2026/02/05 08:11:38.727, NVIDIA Thor, 4 %, [N/A], [N/A], 51
2026/02/05 08:11:39.729, NVIDIA Thor, 7 %, [N/A], [N/A], 52
2026/02/05 08:11:40.730, NVIDIA Thor, 98 %, [N/A], [N/A], 53
2026/02/05 08:11:41.737, NVIDIA Thor, 3 %, [N/A], [N/A], 51
2026/02/05 08:11:42.738, NVIDIA Thor, 12 %, [N/A], [N/A], 52
2026/02/05 08:11:43.740, NVIDIA Thor, 98 %, [N/A], [N/A], 53
2026/02/05 08:11:44.742, NVIDIA Thor, 98 %, [N/A], [N/A], 53
2026/02/05 08:11:45.749, NVIDIA Thor, 95 %, [N/A], [N/A], 53
2026/02/05 08:11:46.752, NVIDIA Thor, 3 %, [N/A], [N/A], 52
2026/02/05 08:11:47.754, NVIDIA Thor, 2 %, [N/A], [N/A], 52
2026/02/05 08:11:48.755, NVIDIA Thor, 98 %, [N/A], [N/A], 53
2026/02/05 08:11:49.758, NVIDIA Thor, 98 %, [N/A], [N/A], 53
2026/02/05 08:11:50.765, NVIDIA Thor, 1 %, [N/A], [N/A], 52
2026/02/05 08:11:51.766, NVIDIA Thor, 9 %, [N/A], [N/A], 52
2026/02/05 08:11:52.769, NVIDIA Thor, 97 %, [N/A], [N/A], 53
2026/02/05 08:11:53.771, NVIDIA Thor, 97 %, [N/A], [N/A], 53
2026/02/05 08:11:54.773, NVIDIA Thor, 97 %, [N/A], [N/A], 53
2026/02/05 08:11:55.780, NVIDIA Thor, 0 %, [N/A], [N/A], 52
2026/02/05 08:11:56.781, NVIDIA Thor, 3 %, [N/A], [N/A], 52
2026/02/05 08:11:57.783, NVIDIA Thor, 1 %, [N/A], [N/A], 51
2026/02/05 08:11:58.784, NVIDIA Thor, 6 %, [N/A], [N/A], 51
2026/02/05 08:11:59.786, NVIDIA Thor, 98 %, [N/A], [N/A], 53
2026/02/05 08:12:00.791, NVIDIA Thor, 77 %, [N/A], [N/A], 52
2026/02/05 08:12:01.795, NVIDIA Thor, 3 %, [N/A], [N/A], 52
2026/02/05 08:12:02.797, NVIDIA Thor, 97 %, [N/A], [N/A], 53
2026/02/05 08:12:03.801, NVIDIA Thor, 98 %, [N/A], [N/A], 53
2026/02/05 08:12:04.804, NVIDIA Thor, 1 %, [N/A], [N/A], 52
2026/02/05 08:12:05.805, NVIDIA Thor, 12 %, [N/A], [N/A], 52
2026/02/05 08:12:06.807, NVIDIA Thor, 98 %, [N/A], [N/A], 53
2026/02/05 08:12:07.811, NVIDIA Thor, 0 %, [N/A], [N/A], 52
2026/02/05 08:12:08.813, NVIDIA Thor, 10 %, [N/A], [N/A], 52
2026/02/05 08:12:09.814, NVIDIA Thor, 98 %, [N/A], [N/A], 53
2026/02/05 08:12:10.816, NVIDIA Thor, 94 %, [N/A], [N/A], 53
2026/02/05 08:12:11.820, NVIDIA Thor, 8 %, [N/A], [N/A], 52
2026/02/05 08:12:12.822, NVIDIA Thor, 98 %, [N/A], [N/A], 53
2026/02/05 08:12:13.825, NVIDIA Thor, 89 %, [N/A], [N/A], 52
2026/02/05 08:12:14.828, NVIDIA Thor, 98 %, [N/A], [N/A], 53
2026/02/05 08:12:15.831, NVIDIA Thor, 0 %, [N/A], [N/A], 51
2026/02/05 08:12:16.834, NVIDIA Thor, 98 %, [N/A], [N/A], 53
2026/02/05 08:12:17.836, NVIDIA Thor, 97 %, [N/A], [N/A], 54
2026/02/05 08:12:18.838, NVIDIA Thor, 95 %, [N/A], [N/A], 53
2026/02/05 08:12:19.842, NVIDIA Thor, 0 %, [N/A], [N/A], 52
2026/02/05 08:12:20.843, NVIDIA Thor, 5 %, [N/A], [N/A], 52
2026/02/05 08:12:21.845, NVIDIA Thor, 98 %, [N/A], [N/A], 53
2026/02/05 08:12:22.847, NVIDIA Thor, 97 %, [N/A], [N/A], 54
2026/02/05 08:12:23.849, NVIDIA Thor, 97 %, [N/A], [N/A], 53
2026/02/05 08:12:24.855, NVIDIA Thor, 0 %, [N/A], [N/A], 52
2026/02/05 08:12:25.857, NVIDIA Thor, 2 %, [N/A], [N/A], 52
2026/02/05 08:12:26.859, NVIDIA Thor, 37 %, [N/A], [N/A], 53
2026/02/05 08:12:27.860, NVIDIA Thor, 97 %, [N/A], [N/A], 54
2026/02/05 08:12:28.863, NVIDIA Thor, 97 %, [N/A], [N/A], 53
2026/02/05 08:12:29.869, NVIDIA Thor, 93 %, [N/A], [N/A], 53
2026/02/05 08:12:30.875, NVIDIA Thor, 4 %, [N/A], [N/A], 52
2026/02/05 08:12:31.876, NVIDIA Thor, 6 %, [N/A], [N/A], 52
2026/02/05 08:12:32.878, NVIDIA Thor, 0 %, [N/A], [N/A], 51
2026/02/05 08:12:33.879, NVIDIA Thor, 53 %, [N/A], [N/A], 52
2026/02/05 08:12:34.883, NVIDIA Thor, 1 %, [N/A], [N/A], 52
2026/02/05 08:12:35.886, NVIDIA Thor, 10 %, [N/A], [N/A], 52
2026/02/05 08:12:36.887, NVIDIA Thor, 98 %, [N/A], [N/A], 53
2026/02/05 08:12:37.891, NVIDIA Thor, 98 %, [N/A], [N/A], 54
2026/02/05 08:12:38.893, NVIDIA Thor, 96 %, [N/A], [N/A], 53
2026/02/05 08:12:39.898, NVIDIA Thor, 0 %, [N/A], [N/A], 52
2026/02/05 08:12:40.900, NVIDIA Thor, 15 %, [N/A], [N/A], 53
2026/02/05 08:12:41.901, NVIDIA Thor, 98 %, [N/A], [N/A], 54
2026/02/05 08:12:42.905, NVIDIA Thor, 75 %, [N/A], [N/A], 52
2026/02/05 08:12:43.908, NVIDIA Thor, 2 %, [N/A], [N/A], 52
2026/02/05 08:12:44.910, NVIDIA Thor, 18 %, [N/A], [N/A], 53
2026/02/05 08:12:45.911, NVIDIA Thor, 97 %, [N/A], [N/A], 53
2026/02/05 08:12:46.914, NVIDIA Thor, 98 %, [N/A], [N/A], 53
2026/02/05 08:12:47.917, NVIDIA Thor, 0 %, [N/A], [N/A], 52
2026/02/05 08:12:48.918, NVIDIA Thor, 1 %, [N/A], [N/A], 52
2026/02/05 08:12:49.921, NVIDIA Thor, 0 %, [N/A], [N/A], 51
2026/02/05 08:12:50.922, NVIDIA Thor, 98 %, [N/A], [N/A], 53
2026/02/05 08:12:51.926, NVIDIA Thor, 98 %, [N/A], [N/A], 53
2026/02/05 08:12:52.932, NVIDIA Thor, 87 %, [N/A], [N/A], 52
2026/02/05 08:12:53.937, NVIDIA Thor, 0 %, [N/A], [N/A], 52
2026/02/05 08:12:54.938, NVIDIA Thor, 3 %, [N/A], [N/A], 52
2026/02/05 08:12:55.940, NVIDIA Thor, 5 %, [N/A], [N/A], 52
2026/02/05 08:12:56.942, NVIDIA Thor, 98 %, [N/A], [N/A], 53
2026/02/05 08:12:57.944, NVIDIA Thor, 98 %, [N/A], [N/A], 53
2026/02/05 08:12:58.949, NVIDIA Thor, 97 %, [N/A], [N/A], 53
2026/02/05 08:12:59.952, NVIDIA Thor, 0 %, [N/A], [N/A], 52
2026/02/05 08:13:00.953, NVIDIA Thor, 3 %, [N/A], [N/A], 52
2026/02/05 08:13:01.955, NVIDIA Thor, 97 %, [N/A], [N/A], 53
2026/02/05 08:13:02.957, NVIDIA Thor, 98 %, [N/A], [N/A], 53
2026/02/05 08:13:03.960, NVIDIA Thor, 88 %, [N/A], [N/A], 53
2026/02/05 08:13:04.963, NVIDIA Thor, 7 %, [N/A], [N/A], 52
2026/02/05 08:13:05.965, NVIDIA Thor, 14 %, [N/A], [N/A], 53
2026/02/05 08:13:06.966, NVIDIA Thor, 0 %, [N/A], [N/A], 51
2026/02/05 08:13:07.969, NVIDIA Thor, 1 %, [N/A], [N/A], 52
2026/02/05 08:13:08.970, NVIDIA Thor, 3 %, [N/A], [N/A], 52
2026/02/05 08:13:09.973, NVIDIA Thor, 8 %, [N/A], [N/A], 52
2026/02/05 08:13:10.974, NVIDIA Thor, 16 %, [N/A], [N/A], 53
2026/02/05 08:13:11.977, NVIDIA Thor, 97 %, [N/A], [N/A], 53
2026/02/05 08:13:12.978, NVIDIA Thor, 98 %, [N/A], [N/A], 53
2026/02/05 08:13:13.981, NVIDIA Thor, 97 %, [N/A], [N/A], 53
2026/02/05 08:13:14.985, NVIDIA Thor, 81 %, [N/A], [N/A], 52
2026/02/05 08:13:15.987, NVIDIA Thor, 2 %, [N/A], [N/A], 52
2026/02/05 08:13:16.990, NVIDIA Thor, 3 %, [N/A], [N/A], 52
2026/02/05 08:13:17.991, NVIDIA Thor, 61 %, [N/A], [N/A], 53
2026/02/05 08:13:18.993, NVIDIA Thor, 98 %, [N/A], [N/A], 53
2026/02/05 08:13:19.995, NVIDIA Thor, 98 %, [N/A], [N/A], 54
2026/02/05 08:13:20.999, NVIDIA Thor, 97 %, [N/A], [N/A], 53
2026/02/05 08:13:22.003, NVIDIA Thor, 97 %, [N/A], [N/A], 53
2026/02/05 08:13:23.008, NVIDIA Thor, 0 %, [N/A], [N/A], 51
2026/02/05 08:13:24.009, NVIDIA Thor, 54 %, [N/A], [N/A], 53
2026/02/05 08:13:25.011, NVIDIA Thor, 92 %, [N/A], [N/A], 54
2026/02/05 08:13:26.012, NVIDIA Thor, 98 %, [N/A], [N/A], 53
2026/02/05 08:13:27.014, NVIDIA Thor, 97 %, [N/A], [N/A], 54
2026/02/05 08:13:28.018, NVIDIA Thor, 94 %, [N/A], [N/A], 53
2026/02/05 08:13:29.024, NVIDIA Thor, 1 %, [N/A], [N/A], 52
2026/02/05 08:13:30.026, NVIDIA Thor, 4 %, [N/A], [N/A], 52
2026/02/05 08:13:31.029, NVIDIA Thor, 97 %, [N/A], [N/A], 53
2026/02/05 08:13:32.030, NVIDIA Thor, 98 %, [N/A], [N/A], 54
2026/02/05 08:13:33.034, NVIDIA Thor, 97 %, [N/A], [N/A], 53
2026/02/05 08:13:34.040, NVIDIA Thor, 0 %, [N/A], [N/A], 52
2026/02/05 08:13:35.042, NVIDIA Thor, 2 %, [N/A], [N/A], 52
2026/02/05 08:13:36.044, NVIDIA Thor, 97 %, [N/A], [N/A], 53
2026/02/05 08:13:37.047, NVIDIA Thor, 97 %, [N/A], [N/A], 53
2026/02/05 08:13:38.052, NVIDIA Thor, 0 %, [N/A], [N/A], 52
2026/02/05 08:13:39.054, NVIDIA Thor, 2 %, [N/A], [N/A], 52
2026/02/05 08:13:40.057, NVIDIA Thor, 0 %, [N/A], [N/A], 51
2026/02/05 08:13:41.058, NVIDIA Thor, 98 %, [N/A], [N/A], 53
2026/02/05 08:13:42.060, NVIDIA Thor, 97 %, [N/A], [N/A], 53
2026/02/05 08:13:43.066, NVIDIA Thor, 3 %, [N/A], [N/A], 52
2026/02/05 08:13:44.069, NVIDIA Thor, 3 %, [N/A], [N/A], 52
2026/02/05 08:13:45.070, NVIDIA Thor, 98 %, [N/A], [N/A], 53
2026/02/05 08:13:46.073, NVIDIA Thor, 1 %, [N/A], [N/A], 52
2026/02/05 08:13:47.075, NVIDIA Thor, 98 %, [N/A], [N/A], 53
2026/02/05 08:13:48.077, NVIDIA Thor, 71 %, [N/A], [N/A], 52
2026/02/05 08:13:49.079, NVIDIA Thor, 7 %, [N/A], [N/A], 52
2026/02/05 08:13:50.081, NVIDIA Thor, 7 %, [N/A], [N/A], 51
2026/02/05 08:13:51.083, NVIDIA Thor, 98 %, [N/A], [N/A], 53
2026/02/05 08:13:52.086, NVIDIA Thor, 97 %, [N/A], [N/A], 53
2026/02/05 08:13:53.094, NVIDIA Thor, 72 %, [N/A], [N/A], 52
2026/02/05 08:13:54.096, NVIDIA Thor, 3 %, [N/A], [N/A], 52
2026/02/05 08:13:55.098, NVIDIA Thor, 98 %, [N/A], [N/A], 53
2026/02/05 08:13:56.100, NVIDIA Thor, 5 %, [N/A], [N/A], 52
2026/02/05 08:13:57.102, NVIDIA Thor, 4 %, [N/A], [N/A], 52
2026/02/05 08:13:58.103, NVIDIA Thor, 98 %, [N/A], [N/A], 53
2026/02/05 08:13:59.105, NVIDIA Thor, 98 %, [N/A], [N/A], 53
2026/02/05 08:14:00.111, NVIDIA Thor, 14 %, [N/A], [N/A], 52
2026/02/05 08:14:01.128, NVIDIA Thor, 3 %, [N/A], [N/A], 52
2026/02/05 08:14:02.130, NVIDIA Thor, 6 %, [N/A], [N/A], 53
2026/02/05 08:14:03.131, NVIDIA Thor, 97 %, [N/A], [N/A], 53
2026/02/05 08:14:04.133, NVIDIA Thor, 98 %, [N/A], [N/A], 54
2026/02/05 08:14:05.136, NVIDIA Thor, 97 %, [N/A], [N/A], 53
2026/02/05 08:14:06.143, NVIDIA Thor, 5 %, [N/A], [N/A], 52
2026/02/05 08:14:07.145, NVIDIA Thor, 98 %, [N/A], [N/A], 53
2026/02/05 08:14:08.148, NVIDIA Thor, 26 %, [N/A], [N/A], 52
2026/02/05 08:14:09.155, NVIDIA Thor, 7 %, [N/A], [N/A], 52
2026/02/05 08:14:10.159, NVIDIA Thor, 2 %, [N/A], [N/A], 52
2026/02/05 08:14:11.161, NVIDIA Thor, 96 %, [N/A], [N/A], 53
2026/02/05 08:14:12.165, NVIDIA Thor, 2 %, [N/A], [N/A], 52
2026/02/05 08:14:13.166, NVIDIA Thor, 49 %, [N/A], [N/A], 53
2026/02/05 08:14:14.167, NVIDIA Thor, 1 %, [N/A], [N/A], 51
2026/02/05 08:14:15.169, NVIDIA Thor, 0 %, [N/A], [N/A], 51
2026/02/05 08:14:16.171, NVIDIA Thor, 96 %, [N/A], [N/A], 53
2026/02/05 08:14:17.177, NVIDIA Thor, 0 %, [N/A], [N/A], 52
2026/02/05 08:14:18.178, NVIDIA Thor, 2 %, [N/A], [N/A], 52
2026/02/05 08:14:19.180, NVIDIA Thor, 2 %, [N/A], [N/A], 52
2026/02/05 08:14:20.182, NVIDIA Thor, 10 %, [N/A], [N/A], 52
2026/02/05 08:14:21.184, NVIDIA Thor, 15 %, [N/A], [N/A], 53
2026/02/05 08:14:22.185, NVIDIA Thor, 81 %, [N/A], [N/A], 53
2026/02/05 08:14:23.187, NVIDIA Thor, 97 %, [N/A], [N/A], 53
2026/02/05 08:14:24.189, NVIDIA Thor, 98 %, [N/A], [N/A], 54
2026/02/05 08:14:25.193, NVIDIA Thor, 97 %, [N/A], [N/A], 54
2026/02/05 08:14:26.198, NVIDIA Thor, 97 %, [N/A], [N/A], 53
2026/02/05 08:14:27.202, NVIDIA Thor, 94 %, [N/A], [N/A], 53
2026/02/05 08:14:28.205, NVIDIA Thor, 0 %, [N/A], [N/A], 52
2026/02/05 08:14:29.206, NVIDIA Thor, 5 %, [N/A], [N/A], 52
2026/02/05 08:14:30.208, NVIDIA Thor, 16 %, [N/A], [N/A], 53
2026/02/05 08:14:31.210, NVIDIA Thor, 1 %, [N/A], [N/A], 51
2026/02/05 08:14:32.211, NVIDIA Thor, 0 %, [N/A], [N/A], 52
2026/02/05 08:14:33.213, NVIDIA Thor, 2 %, [N/A], [N/A], 52
2026/02/05 08:14:34.214, NVIDIA Thor, 11 %, [N/A], [N/A], 52
2026/02/05 08:14:35.216, NVIDIA Thor, 98 %, [N/A], [N/A], 53
2026/02/05 08:14:36.218, NVIDIA Thor, 98 %, [N/A], [N/A], 53
2026/02/05 08:14:37.222, NVIDIA Thor, 97 %, [N/A], [N/A], 53
2026/02/05 08:14:38.225, NVIDIA Thor, 55 %, [N/A], [N/A], 52
2026/02/05 08:14:39.231, NVIDIA Thor, 2 %, [N/A], [N/A], 52
2026/02/05 08:14:40.233, NVIDIA Thor, 5 %, [N/A], [N/A], 52
2026/02/05 08:14:41.235, NVIDIA Thor, 4 %, [N/A], [N/A], 52
2026/02/05 08:14:42.236, NVIDIA Thor, 4 %, [N/A], [N/A], 52
2026/02/05 08:14:43.238, NVIDIA Thor, 23 %, [N/A], [N/A], 53
2026/02/05 08:14:44.239, NVIDIA Thor, 97 %, [N/A], [N/A], 53
2026/02/05 08:14:45.241, NVIDIA Thor, 97 %, [N/A], [N/A], 54
2026/02/05 08:14:46.243, NVIDIA Thor, 97 %, [N/A], [N/A], 54
2026/02/05 08:14:47.249, NVIDIA Thor, 12 %, [N/A], [N/A], 52
2026/02/05 08:14:48.252, NVIDIA Thor, 14 %, [N/A], [N/A], 53
2026/02/05 08:14:49.253, NVIDIA Thor, 98 %, [N/A], [N/A], 54
2026/02/05 08:14:50.255, NVIDIA Thor, 98 %, [N/A], [N/A], 54
2026/02/05 08:14:51.260, NVIDIA Thor, 98 %, [N/A], [N/A], 53
2026/02/05 08:14:52.267, NVIDIA Thor, 89 %, [N/A], [N/A], 53
2026/02/05 08:14:53.269, NVIDIA Thor, 1 %, [N/A], [N/A], 52
2026/02/05 08:14:54.271, NVIDIA Thor, 8 %, [N/A], [N/A], 52
2026/02/05 08:14:55.272, NVIDIA Thor, 12 %, [N/A], [N/A], 53
2026/02/05 08:14:56.273, NVIDIA Thor, 97 %, [N/A], [N/A], 54
2026/02/05 08:14:57.275, NVIDIA Thor, 97 %, [N/A], [N/A], 54
2026/02/05 08:14:58.279, NVIDIA Thor, 80 %, [N/A], [N/A], 52
2026/02/05 08:14:59.281, NVIDIA Thor, 8 %, [N/A], [N/A], 52
2026/02/05 08:15:00.282, NVIDIA Thor, 98 %, [N/A], [N/A], 53
2026/02/05 08:15:01.283, NVIDIA Thor, 98 %, [N/A], [N/A], 54
2026/02/05 08:15:02.287, NVIDIA Thor, 98 %, [N/A], [N/A], 54
2026/02/05 08:15:03.292, NVIDIA Thor, 95 %, [N/A], [N/A], 53
2026/02/05 08:15:04.299, NVIDIA Thor, 0 %, [N/A], [N/A], 51
2026/02/05 08:15:05.304, NVIDIA Thor, 0 %, [N/A], [N/A], 51
2026/02/05 08:15:06.306, NVIDIA Thor, 4 %, [N/A], [N/A], 50
2026/02/05 08:15:07.311, NVIDIA Thor, 0 %, [N/A], [N/A], 50
2026/02/05 08:15:08.314, NVIDIA Thor, 0 %, [N/A], [N/A], 50
2026/02/05 08:15:09.317, NVIDIA Thor, 0 %, [N/A], [N/A], 50
2026/02/05 08:15:10.322, NVIDIA Thor, 0 %, [N/A], [N/A], 50
2026/02/05 08:15:11.324, NVIDIA Thor, 0 %, [N/A], [N/A], 49
2026/02/05 08:15:12.329, NVIDIA Thor, 1 %, [N/A], [N/A], 50
2026/02/05 08:15:13.331, NVIDIA Thor, 0 %, [N/A], [N/A], 50
2026/02/05 08:15:14.333, NVIDIA Thor, 8 %, [N/A], [N/A], 51
2026/02/05 08:15:15.334, NVIDIA Thor, 97 %, [N/A], [N/A], 52
2026/02/05 08:15:16.339, NVIDIA Thor, 4 %, [N/A], [N/A], 51
2026/02/05 08:15:17.342, NVIDIA Thor, 98 %, [N/A], [N/A], 52
2026/02/05 08:15:18.345, NVIDIA Thor, 94 %, [N/A], [N/A], 52
2026/02/05 08:15:19.348, NVIDIA Thor, 4 %, [N/A], [N/A], 51
2026/02/05 08:15:20.350, NVIDIA Thor, 93 %, [N/A], [N/A], 52
2026/02/05 08:15:21.356, NVIDIA Thor, 2 %, [N/A], [N/A], 51
2026/02/05 08:15:22.358, NVIDIA Thor, 98 %, [N/A], [N/A], 52
2026/02/05 08:15:23.360, NVIDIA Thor, 97 %, [N/A], [N/A], 53
2026/02/05 08:15:24.364, NVIDIA Thor, 98 %, [N/A], [N/A], 52
2026/02/05 08:15:25.367, NVIDIA Thor, 42 %, [N/A], [N/A], 51
2026/02/05 08:15:26.374, NVIDIA Thor, 5 %, [N/A], [N/A], 51
2026/02/05 08:15:27.377, NVIDIA Thor, 57 %, [N/A], [N/A], 52
2026/02/05 08:15:28.379, NVIDIA Thor, 98 %, [N/A], [N/A], 53
2026/02/05 08:15:29.386, NVIDIA Thor, 61 %, [N/A], [N/A], 52
2026/02/05 08:15:30.391, NVIDIA Thor, 3 %, [N/A], [N/A], 51
2026/02/05 08:15:31.392, NVIDIA Thor, 97 %, [N/A], [N/A], 53
2026/02/05 08:15:32.395, NVIDIA Thor, 98 %, [N/A], [N/A], 53
2026/02/05 08:15:33.398, NVIDIA Thor, 90 %, [N/A], [N/A], 52
2026/02/05 08:15:34.401, NVIDIA Thor, 1 %, [N/A], [N/A], 51
2026/02/05 08:15:35.412, NVIDIA Thor, 36 %, [N/A], [N/A], 52
2026/02/05 08:15:36.414, NVIDIA Thor, 98 %, [N/A], [N/A], 53
2026/02/05 08:15:37.420, NVIDIA Thor, 1 %, [N/A], [N/A], 51
2026/02/05 08:15:38.422, NVIDIA Thor, 98 %, [N/A], [N/A], 53
2026/02/05 08:15:39.424, NVIDIA Thor, 1 %, [N/A], [N/A], 51
2026/02/05 08:15:40.426, NVIDIA Thor, 98 %, [N/A], [N/A], 53
2026/02/05 08:15:41.429, NVIDIA Thor, 0 %, [N/A], [N/A], 51
2026/02/05 08:15:42.430, NVIDIA Thor, 44 %, [N/A], [N/A], 53
2026/02/05 08:15:43.431, NVIDIA Thor, 0 %, [N/A], [N/A], 51
2026/02/05 08:15:44.433, NVIDIA Thor, 10 %, [N/A], [N/A], 52
2026/02/05 08:15:45.435, NVIDIA Thor, 98 %, [N/A], [N/A], 53
2026/02/05 08:15:46.436, NVIDIA Thor, 1 %, [N/A], [N/A], 51
2026/02/05 08:15:47.438, NVIDIA Thor, 77 %, [N/A], [N/A], 53
2026/02/05 08:15:48.439, NVIDIA Thor, 97 %, [N/A], [N/A], 53
2026/02/05 08:15:49.446, NVIDIA Thor, 1 %, [N/A], [N/A], 52
2026/02/05 08:15:50.448, NVIDIA Thor, 62 %, [N/A], [N/A], 52
2026/02/05 08:15:51.451, NVIDIA Thor, 98 %, [N/A], [N/A], 53
2026/02/05 08:15:52.453, NVIDIA Thor, 4 %, [N/A], [N/A], 52
2026/02/05 08:15:53.456, NVIDIA Thor, 97 %, [N/A], [N/A], 53
2026/02/05 08:15:54.461, NVIDIA Thor, 1 %, [N/A], [N/A], 51
2026/02/05 08:15:55.462, NVIDIA Thor, 13 %, [N/A], [N/A], 52
2026/02/05 08:15:56.465, NVIDIA Thor, 97 %, [N/A], [N/A], 53
2026/02/05 08:15:57.471, NVIDIA Thor, 68 %, [N/A], [N/A], 52
2026/02/05 08:15:58.474, NVIDIA Thor, 2 %, [N/A], [N/A], 52
2026/02/05 08:15:59.475, NVIDIA Thor, 98 %, [N/A], [N/A], 53
2026/02/05 08:16:00.478, NVIDIA Thor, 4 %, [N/A], [N/A], 51
2026/02/05 08:16:01.481, NVIDIA Thor, 98 %, [N/A], [N/A], 53
2026/02/05 08:16:02.483, NVIDIA Thor, 78 %, [N/A], [N/A], 52
2026/02/05 08:16:03.486, NVIDIA Thor, 0 %, [N/A], [N/A], 52
2026/02/05 08:16:04.487, NVIDIA Thor, 97 %, [N/A], [N/A], 53
2026/02/05 08:16:05.491, NVIDIA Thor, 83 %, [N/A], [N/A], 52
2026/02/05 08:16:06.493, NVIDIA Thor, 3 %, [N/A], [N/A], 52
2026/02/05 08:16:07.495, NVIDIA Thor, 98 %, [N/A], [N/A], 53
2026/02/05 08:16:08.497, NVIDIA Thor, 97 %, [N/A], [N/A], 53
2026/02/05 08:16:09.500, NVIDIA Thor, 5 %, [N/A], [N/A], 52
2026/02/05 08:16:10.501, NVIDIA Thor, 48 %, [N/A], [N/A], 53
2026/02/05 08:16:11.503, NVIDIA Thor, 97 %, [N/A], [N/A], 53
2026/02/05 08:16:12.508, NVIDIA Thor, 2 %, [N/A], [N/A], 52
2026/02/05 08:16:13.510, NVIDIA Thor, 1 %, [N/A], [N/A], 51
2026/02/05 08:16:14.511, NVIDIA Thor, 8 %, [N/A], [N/A], 52
2026/02/05 08:16:15.513, NVIDIA Thor, 98 %, [N/A], [N/A], 53
2026/02/05 08:16:16.515, NVIDIA Thor, 69 %, [N/A], [N/A], 52
2026/02/05 08:16:17.517, NVIDIA Thor, 4 %, [N/A], [N/A], 52
2026/02/05 08:16:18.519, NVIDIA Thor, 98 %, [N/A], [N/A], 53
2026/02/05 08:16:19.524, NVIDIA Thor, 2 %, [N/A], [N/A], 52
2026/02/05 08:16:20.526, NVIDIA Thor, 98 %, [N/A], [N/A], 53
2026/02/05 08:16:21.530, NVIDIA Thor, 0 %, [N/A], [N/A], 51
2026/02/05 08:16:22.532, NVIDIA Thor, 59 %, [N/A], [N/A], 53
2026/02/05 08:16:23.533, NVIDIA Thor, 98 %, [N/A], [N/A], 53
2026/02/05 08:16:24.539, NVIDIA Thor, 0 %, [N/A], [N/A], 52
2026/02/05 08:16:25.541, NVIDIA Thor, 98 %, [N/A], [N/A], 53
2026/02/05 08:16:26.543, NVIDIA Thor, 88 %, [N/A], [N/A], 52
2026/02/05 08:16:27.546, NVIDIA Thor, 5 %, [N/A], [N/A], 52
2026/02/05 08:16:28.547, NVIDIA Thor, 98 %, [N/A], [N/A], 53
2026/02/05 08:16:29.551, NVIDIA Thor, 3 %, [N/A], [N/A], 52
2026/02/05 08:16:30.553, NVIDIA Thor, 27 %, [N/A], [N/A], 53
2026/02/05 08:16:31.554, NVIDIA Thor, 98 %, [N/A], [N/A], 53
2026/02/05 08:16:32.559, NVIDIA Thor, 3 %, [N/A], [N/A], 52
2026/02/05 08:16:33.561, NVIDIA Thor, 51 %, [N/A], [N/A], 53
2026/02/05 08:16:34.563, NVIDIA Thor, 94 %, [N/A], [N/A], 53
2026/02/05 08:16:35.569, NVIDIA Thor, 3 %, [N/A], [N/A], 52
2026/02/05 08:16:36.580, NVIDIA Thor, 97 %, [N/A], [N/A], 53
2026/02/05 08:16:37.582, NVIDIA Thor, 2 %, [N/A], [N/A], 51
2026/02/05 08:16:38.584, NVIDIA Thor, 76 %, [N/A], [N/A], 53
2026/02/05 08:16:39.585, NVIDIA Thor, 97 %, [N/A], [N/A], 53
2026/02/05 08:16:40.591, NVIDIA Thor, 1 %, [N/A], [N/A], 52
2026/02/05 08:16:41.603, NVIDIA Thor, 97 %, [N/A], [N/A], 53
2026/02/05 08:16:42.605, NVIDIA Thor, 14 %, [N/A], [N/A], 52
2026/02/05 08:16:43.612, NVIDIA Thor, 13 %, [N/A], [N/A], 51
2026/02/05 08:16:44.632, NVIDIA Thor, 17 %, [N/A], [N/A], 51
2026/02/05 08:16:45.633, NVIDIA Thor, 97 %, [N/A], [N/A], 52
2026/02/05 08:16:46.648, NVIDIA Thor, 2 %, [N/A], [N/A], 52
2026/02/05 08:16:47.650, NVIDIA Thor, 98 %, [N/A], [N/A], 53
2026/02/05 08:16:48.652, NVIDIA Thor, 94 %, [N/A], [N/A], 52
2026/02/05 08:16:49.657, NVIDIA Thor, 3 %, [N/A], [N/A], 51
2026/02/05 08:16:50.659, NVIDIA Thor, 98 %, [N/A], [N/A], 53
2026/02/05 08:16:51.670, NVIDIA Thor, 1 %, [N/A], [N/A], 51
2026/02/05 08:16:52.672, NVIDIA Thor, 98 %, [N/A], [N/A], 53
2026/02/05 08:16:53.674, NVIDIA Thor, 83 %, [N/A], [N/A], 52
2026/02/05 08:16:54.676, NVIDIA Thor, 3 %, [N/A], [N/A], 52
2026/02/05 08:16:55.678, NVIDIA Thor, 98 %, [N/A], [N/A], 53
2026/02/05 08:16:56.681, NVIDIA Thor, 89 %, [N/A], [N/A], 52
2026/02/05 08:16:57.684, NVIDIA Thor, 48 %, [N/A], [N/A], 53
2026/02/05 08:16:58.686, NVIDIA Thor, 0 %, [N/A], [N/A], 51
2026/02/05 08:16:59.688, NVIDIA Thor, 97 %, [N/A], [N/A], 53
2026/02/05 08:17:00.690, NVIDIA Thor, 0 %, [N/A], [N/A], 51
2026/02/05 08:17:01.693, NVIDIA Thor, 4 %, [N/A], [N/A], 52
2026/02/05 08:17:02.694, NVIDIA Thor, 97 %, [N/A], [N/A], 53
2026/02/05 08:17:03.696, NVIDIA Thor, 2 %, [N/A], [N/A], 51
2026/02/05 08:17:04.698, NVIDIA Thor, 98 %, [N/A], [N/A], 53
2026/02/05 08:17:05.700, NVIDIA Thor, 97 %, [N/A], [N/A], 53
2026/02/05 08:17:06.702, NVIDIA Thor, 29 %, [N/A], [N/A], 52
2026/02/05 08:17:07.709, NVIDIA Thor, 8 %, [N/A], [N/A], 52
2026/02/05 08:17:08.711, NVIDIA Thor, 98 %, [N/A], [N/A], 53
2026/02/05 08:17:09.717, NVIDIA Thor, 3 %, [N/A], [N/A], 51
2026/02/05 08:17:10.719, NVIDIA Thor, 97 %, [N/A], [N/A], 53
2026/02/05 08:17:11.721, NVIDIA Thor, 3 %, [N/A], [N/A], 52
2026/02/05 08:17:12.723, NVIDIA Thor, 98 %, [N/A], [N/A], 53
2026/02/05 08:17:13.726, NVIDIA Thor, 14 %, [N/A], [N/A], 52
2026/02/05 08:17:14.733, NVIDIA Thor, 8 %, [N/A], [N/A], 51
2026/02/05 08:17:15.734, NVIDIA Thor, 91 %, [N/A], [N/A], 52
2026/02/05 08:17:16.737, NVIDIA Thor, 3 %, [N/A], [N/A], 52
2026/02/05 08:17:17.738, NVIDIA Thor, 98 %, [N/A], [N/A], 53
2026/02/05 08:17:18.742, NVIDIA Thor, 97 %, [N/A], [N/A], 53
2026/02/05 08:17:19.747, NVIDIA Thor, 1 %, [N/A], [N/A], 51
2026/02/05 08:17:20.749, NVIDIA Thor, 16 %, [N/A], [N/A], 52
2026/02/05 08:17:21.751, NVIDIA Thor, 97 %, [N/A], [N/A], 53
2026/02/05 08:17:22.755, NVIDIA Thor, 1 %, [N/A], [N/A], 52
2026/02/05 08:17:23.757, NVIDIA Thor, 98 %, [N/A], [N/A], 53
2026/02/05 08:17:24.762, NVIDIA Thor, 97 %, [N/A], [N/A], 53
2026/02/05 08:17:25.765, NVIDIA Thor, 1 %, [N/A], [N/A], 52
2026/02/05 08:17:26.767, NVIDIA Thor, 0 %, [N/A], [N/A], 51
2026/02/05 08:17:27.768, NVIDIA Thor, 1 %, [N/A], [N/A], 51
2026/02/05 08:17:28.771, NVIDIA Thor, 97 %, [N/A], [N/A], 52
2026/02/05 08:17:29.774, NVIDIA Thor, 97 %, [N/A], [N/A], 53
2026/02/05 08:17:30.780, NVIDIA Thor, 98 %, [N/A], [N/A], 53
2026/02/05 08:17:31.783, NVIDIA Thor, 3 %, [N/A], [N/A], 52
2026/02/05 08:17:32.785, NVIDIA Thor, 4 %, [N/A], [N/A], 52
2026/02/05 08:17:33.786, NVIDIA Thor, 0 %, [N/A], [N/A], 51
2026/02/05 08:17:34.788, NVIDIA Thor, 98 %, [N/A], [N/A], 53
2026/02/05 08:17:35.795, NVIDIA Thor, 48 %, [N/A], [N/A], 53
2026/02/05 08:17:36.796, NVIDIA Thor, 1 %, [N/A], [N/A], 51
2026/02/05 08:17:37.798, NVIDIA Thor, 82 %, [N/A], [N/A], 52
2026/02/05 08:17:38.800, NVIDIA Thor, 98 %, [N/A], [N/A], 53
2026/02/05 08:17:39.802, NVIDIA Thor, 0 %, [N/A], [N/A], 52
2026/02/05 08:17:40.804, NVIDIA Thor, 1 %, [N/A], [N/A], 51
2026/02/05 08:17:41.806, NVIDIA Thor, 98 %, [N/A], [N/A], 53
2026/02/05 08:17:42.811, NVIDIA Thor, 97 %, [N/A], [N/A], 53
2026/02/05 08:17:43.814, NVIDIA Thor, 0 %, [N/A], [N/A], 52
2026/02/05 08:17:44.816, NVIDIA Thor, 5 %, [N/A], [N/A], 51
2026/02/05 08:17:45.818, NVIDIA Thor, 1 %, [N/A], [N/A], 51
2026/02/05 08:17:46.819, NVIDIA Thor, 32 %, [N/A], [N/A], 51
2026/02/05 08:17:47.821, NVIDIA Thor, 0 %, [N/A], [N/A], 51
2026/02/05 08:17:48.822, NVIDIA Thor, 2 %, [N/A], [N/A], 52
2026/02/05 08:17:49.824, NVIDIA Thor, 97 %, [N/A], [N/A], 53
2026/02/05 08:17:50.826, NVIDIA Thor, 94 %, [N/A], [N/A], 52
2026/02/05 08:17:51.831, NVIDIA Thor, 5 %, [N/A], [N/A], 52
2026/02/05 08:17:52.832, NVIDIA Thor, 77 %, [N/A], [N/A], 52
2026/02/05 08:17:53.834, NVIDIA Thor, 42 %, [N/A], [N/A], 52
2026/02/05 08:17:54.835, NVIDIA Thor, 1 %, [N/A], [N/A], 51
2026/02/05 08:17:55.838, NVIDIA Thor, 97 %, [N/A], [N/A], 53
2026/02/05 08:17:56.840, NVIDIA Thor, 33 %, [N/A], [N/A], 52
2026/02/05 08:17:57.842, NVIDIA Thor, 7 %, [N/A], [N/A], 51
2026/02/05 08:17:58.843, NVIDIA Thor, 7 %, [N/A], [N/A], 51
2026/02/05 08:17:59.845, NVIDIA Thor, 3 %, [N/A], [N/A], 51
2026/02/05 08:18:00.846, NVIDIA Thor, 87 %, [N/A], [N/A], 52
2026/02/05 08:18:01.851, NVIDIA Thor, 98 %, [N/A], [N/A], 53
2026/02/05 08:18:02.853, NVIDIA Thor, 3 %, [N/A], [N/A], 52
2026/02/05 08:18:03.854, NVIDIA Thor, 2 %, [N/A], [N/A], 51
2026/02/05 08:18:04.856, NVIDIA Thor, 85 %, [N/A], [N/A], 52
2026/02/05 08:18:05.859, NVIDIA Thor, 98 %, [N/A], [N/A], 52
2026/02/05 08:18:06.864, NVIDIA Thor, 98 %, [N/A], [N/A], 53
2026/02/05 08:18:07.866, NVIDIA Thor, 0 %, [N/A], [N/A], 51
2026/02/05 08:18:08.869, NVIDIA Thor, 0 %, [N/A], [N/A], 51
2026/02/05 08:18:09.871, NVIDIA Thor, 97 %, [N/A], [N/A], 53
2026/02/05 08:18:10.874, NVIDIA Thor, 3 %, [N/A], [N/A], 52
2026/02/05 08:18:11.876, NVIDIA Thor, 7 %, [N/A], [N/A], 51
2026/02/05 08:18:12.878, NVIDIA Thor, 63 %, [N/A], [N/A], 52
2026/02/05 08:18:13.881, NVIDIA Thor, 98 %, [N/A], [N/A], 53
2026/02/05 08:18:14.883, NVIDIA Thor, 2 %, [N/A], [N/A], 52
2026/02/05 08:18:15.886, NVIDIA Thor, 88 %, [N/A], [N/A], 52
2026/02/05 08:18:16.889, NVIDIA Thor, 1 %, [N/A], [N/A], 52
2026/02/05 08:18:17.891, NVIDIA Thor, 3 %, [N/A], [N/A], 51
2026/02/05 08:18:18.894, NVIDIA Thor, 0 %, [N/A], [N/A], 51
2026/02/05 08:18:19.895, NVIDIA Thor, 33 %, [N/A], [N/A], 51
2026/02/05 08:18:20.897, NVIDIA Thor, 98 %, [N/A], [N/A], 53
2026/02/05 08:18:21.899, NVIDIA Thor, 75 %, [N/A], [N/A], 52
2026/02/05 08:18:22.901, NVIDIA Thor, 16 %, [N/A], [N/A], 52
2026/02/05 08:18:23.903, NVIDIA Thor, 8 %, [N/A], [N/A], 52
2026/02/05 08:18:24.906, NVIDIA Thor, 12 %, [N/A], [N/A], 52
2026/02/05 08:18:25.907, NVIDIA Thor, 4 %, [N/A], [N/A], 52
2026/02/05 08:18:26.909, NVIDIA Thor, 7 %, [N/A], [N/A], 52
2026/02/05 08:18:27.910, NVIDIA Thor, 14 %, [N/A], [N/A], 52
2026/02/05 08:18:28.913, NVIDIA Thor, 13 %, [N/A], [N/A], 52
2026/02/05 08:18:29.914, NVIDIA Thor, 45 %, [N/A], [N/A], 53
2026/02/05 08:18:30.915, NVIDIA Thor, 98 %, [N/A], [N/A], 53
2026/02/05 08:18:31.917, NVIDIA Thor, 97 %, [N/A], [N/A], 53
2026/02/05 08:18:32.919, NVIDIA Thor, 98 %, [N/A], [N/A], 53
2026/02/05 08:18:33.922, NVIDIA Thor, 43 %, [N/A], [N/A], 53
2026/02/05 08:18:34.924, NVIDIA Thor, 9 %, [N/A], [N/A], 52
2026/02/05 08:18:35.926, NVIDIA Thor, 5 %, [N/A], [N/A], 52
2026/02/05 08:18:36.928, NVIDIA Thor, 48 %, [N/A], [N/A], 52
2026/02/05 08:18:37.934, NVIDIA Thor, 97 %, [N/A], [N/A], 53
2026/02/05 08:18:38.938, NVIDIA Thor, 98 %, [N/A], [N/A], 53
2026/02/05 08:18:39.942, NVIDIA Thor, 97 %, [N/A], [N/A], 53
2026/02/05 08:18:40.945, NVIDIA Thor, 98 %, [N/A], [N/A], 53
2026/02/05 08:18:41.949, NVIDIA Thor, 98 %, [N/A], [N/A], 54
2026/02/05 08:18:42.952, NVIDIA Thor, 98 %, [N/A], [N/A], 53
2026/02/05 08:18:43.955, NVIDIA Thor, 81 %, [N/A], [N/A], 53
2026/02/05 08:18:44.957, NVIDIA Thor, 9 %, [N/A], [N/A], 52
2026/02/05 08:18:45.959, NVIDIA Thor, 1 %, [N/A], [N/A], 51
2026/02/05 08:18:46.960, NVIDIA Thor, 82 %, [N/A], [N/A], 53
2026/02/05 08:18:47.963, NVIDIA Thor, 98 %, [N/A], [N/A], 54
2026/02/05 08:18:48.967, NVIDIA Thor, 98 %, [N/A], [N/A], 53
2026/02/05 08:18:49.973, NVIDIA Thor, 98 %, [N/A], [N/A], 54
2026/02/05 08:18:50.975, NVIDIA Thor, 98 %, [N/A], [N/A], 54
2026/02/05 08:18:51.977, NVIDIA Thor, 97 %, [N/A], [N/A], 53
2026/02/05 08:18:52.979, NVIDIA Thor, 98 %, [N/A], [N/A], 53
2026/02/05 08:18:53.982, NVIDIA Thor, 98 %, [N/A], [N/A], 54
2026/02/05 08:18:54.986, NVIDIA Thor, 98 %, [N/A], [N/A], 53
2026/02/05 08:18:55.988, NVIDIA Thor, 98 %, [N/A], [N/A], 53
2026/02/05 08:18:56.991, NVIDIA Thor, 98 %, [N/A], [N/A], 54
2026/02/05 08:18:57.993, NVIDIA Thor, 98 %, [N/A], [N/A], 54
2026/02/05 08:18:58.996, NVIDIA Thor, 98 %, [N/A], [N/A], 53
2026/02/05 08:18:59.999, NVIDIA Thor, 97 %, [N/A], [N/A], 53
2026/02/05 08:19:01.001, NVIDIA Thor, 34 %, [N/A], [N/A], 53
2026/02/05 08:19:02.002, NVIDIA Thor, 49 %, [N/A], [N/A], 53
2026/02/05 08:19:03.004, NVIDIA Thor, 7 %, [N/A], [N/A], 52
2026/02/05 08:19:04.005, NVIDIA Thor, 5 %, [N/A], [N/A], 52
2026/02/05 08:19:05.007, NVIDIA Thor, 11 %, [N/A], [N/A], 52
2026/02/05 08:19:06.009, NVIDIA Thor, 8 %, [N/A], [N/A], 52
2026/02/05 08:19:07.011, NVIDIA Thor, 5 %, [N/A], [N/A], 52
2026/02/05 08:19:08.013, NVIDIA Thor, 12 %, [N/A], [N/A], 52
2026/02/05 08:19:09.015, NVIDIA Thor, 53 %, [N/A], [N/A], 52
2026/02/05 08:19:10.017, NVIDIA Thor, 98 %, [N/A], [N/A], 54
2026/02/05 08:19:11.022, NVIDIA Thor, 97 %, [N/A], [N/A], 54
2026/02/05 08:19:12.026, NVIDIA Thor, 22 %, [N/A], [N/A], 53
2026/02/05 08:19:13.027, NVIDIA Thor, 8 %, [N/A], [N/A], 52
2026/02/05 08:19:14.029, NVIDIA Thor, 55 %, [N/A], [N/A], 53
2026/02/05 08:19:15.032, NVIDIA Thor, 97 %, [N/A], [N/A], 54
2026/02/05 08:19:16.037, NVIDIA Thor, 97 %, [N/A], [N/A], 54
2026/02/05 08:19:17.040, NVIDIA Thor, 8 %, [N/A], [N/A], 53
2026/02/05 08:19:18.041, NVIDIA Thor, 4 %, [N/A], [N/A], 52
2026/02/05 08:19:19.043, NVIDIA Thor, 3 %, [N/A], [N/A], 52
2026/02/05 08:19:20.045, NVIDIA Thor, 97 %, [N/A], [N/A], 54
2026/02/05 08:19:21.050, NVIDIA Thor, 97 %, [N/A], [N/A], 54
2026/02/05 08:19:22.053, NVIDIA Thor, 97 %, [N/A], [N/A], 54
2026/02/05 08:19:23.055, NVIDIA Thor, 14 %, [N/A], [N/A], 53
2026/02/05 08:19:24.057, NVIDIA Thor, 8 %, [N/A], [N/A], 52
2026/02/05 08:19:25.059, NVIDIA Thor, 6 %, [N/A], [N/A], 52
2026/02/05 08:19:26.060, NVIDIA Thor, 5 %, [N/A], [N/A], 52
2026/02/05 08:19:27.062, NVIDIA Thor, 6 %, [N/A], [N/A], 53
2026/02/05 08:19:28.064, NVIDIA Thor, 7 %, [N/A], [N/A], 53
2026/02/05 08:19:29.066, NVIDIA Thor, 19 %, [N/A], [N/A], 53
2026/02/05 08:19:30.067, NVIDIA Thor, 35 %, [N/A], [N/A], 53
2026/02/05 08:19:31.069, NVIDIA Thor, 97 %, [N/A], [N/A], 53
2026/02/05 08:19:32.072, NVIDIA Thor, 98 %, [N/A], [N/A], 54
2026/02/05 08:19:33.074, NVIDIA Thor, 10 %, [N/A], [N/A], 53
2026/02/05 08:19:34.075, NVIDIA Thor, 12 %, [N/A], [N/A], 52
2026/02/05 08:19:35.078, NVIDIA Thor, 6 %, [N/A], [N/A], 52
2026/02/05 08:19:36.079, NVIDIA Thor, 13 %, [N/A], [N/A], 53
2026/02/05 08:19:37.081, NVIDIA Thor, 8 %, [N/A], [N/A], 53
2026/02/05 08:19:38.082, NVIDIA Thor, 11 %, [N/A], [N/A], 53
2026/02/05 08:19:39.084, NVIDIA Thor, 0 %, [N/A], [N/A], 51
2026/02/05 08:19:40.086, NVIDIA Thor, 0 %, [N/A], [N/A], 51
2026/02/05 08:19:41.087, NVIDIA Thor, 97 %, [N/A], [N/A], 54
2026/02/05 08:19:42.093, NVIDIA Thor, 98 %, [N/A], [N/A], 53
2026/02/05 08:19:43.096, NVIDIA Thor, 98 %, [N/A], [N/A], 54
2026/02/05 08:19:44.098, NVIDIA Thor, 98 %, [N/A], [N/A], 53
2026/02/05 08:19:45.100, NVIDIA Thor, 98 %, [N/A], [N/A], 53
2026/02/05 08:19:46.102, NVIDIA Thor, 29 %, [N/A], [N/A], 53
2026/02/05 08:19:47.104, NVIDIA Thor, 8 %, [N/A], [N/A], 52
2026/02/05 08:19:48.105, NVIDIA Thor, 0 %, [N/A], [N/A], 52
2026/02/05 08:19:49.106, NVIDIA Thor, 97 %, [N/A], [N/A], 53
2026/02/05 08:19:50.113, NVIDIA Thor, 97 %, [N/A], [N/A], 54
2026/02/05 08:19:51.115, NVIDIA Thor, 4 %, [N/A], [N/A], 52
2026/02/05 08:19:52.117, NVIDIA Thor, 3 %, [N/A], [N/A], 52
2026/02/05 08:19:53.119, NVIDIA Thor, 4 %, [N/A], [N/A], 52
2026/02/05 08:19:54.121, NVIDIA Thor, 0 %, [N/A], [N/A], 52
2026/02/05 08:19:55.122, NVIDIA Thor, 73 %, [N/A], [N/A], 53
2026/02/05 08:19:56.125, NVIDIA Thor, 94 %, [N/A], [N/A], 53
2026/02/05 08:19:57.129, NVIDIA Thor, 97 %, [N/A], [N/A], 54
2026/02/05 08:19:58.132, NVIDIA Thor, 98 %, [N/A], [N/A], 54
2026/02/05 08:19:59.135, NVIDIA Thor, 7 %, [N/A], [N/A], 53
2026/02/05 08:20:00.136, NVIDIA Thor, 5 %, [N/A], [N/A], 52
2026/02/05 08:20:01.138, NVIDIA Thor, 0 %, [N/A], [N/A], 52
2026/02/05 08:20:02.140, NVIDIA Thor, 0 %, [N/A], [N/A], 52
2026/02/05 08:20:03.141, NVIDIA Thor, 68 %, [N/A], [N/A], 53
2026/02/05 08:20:04.144, NVIDIA Thor, 88 %, [N/A], [N/A], 53
2026/02/05 08:20:05.147, NVIDIA Thor, 97 %, [N/A], [N/A], 53
2026/02/05 08:20:06.150, NVIDIA Thor, 1 %, [N/A], [N/A], 52
2026/02/05 08:20:07.152, NVIDIA Thor, 98 %, [N/A], [N/A], 54
2026/02/05 08:20:08.156, NVIDIA Thor, 3 %, [N/A], [N/A], 52
2026/02/05 08:20:09.158, NVIDIA Thor, 94 %, [N/A], [N/A], 53
2026/02/05 08:20:10.161, NVIDIA Thor, 98 %, [N/A], [N/A], 54
2026/02/05 08:20:11.165, NVIDIA Thor, 97 %, [N/A], [N/A], 54
2026/02/05 08:20:12.169, NVIDIA Thor, 4 %, [N/A], [N/A], 53
2026/02/05 08:20:13.171, NVIDIA Thor, 4 %, [N/A], [N/A], 52
2026/02/05 08:20:14.172, NVIDIA Thor, 0 %, [N/A], [N/A], 52
2026/02/05 08:20:15.173, NVIDIA Thor, 0 %, [N/A], [N/A], 52
2026/02/05 08:20:16.175, NVIDIA Thor, 71 %, [N/A], [N/A], 53
2026/02/05 08:20:17.178, NVIDIA Thor, 97 %, [N/A], [N/A], 54
2026/02/05 08:20:18.181, NVIDIA Thor, 97 %, [N/A], [N/A], 53
2026/02/05 08:20:19.187, NVIDIA Thor, 93 %, [N/A], [N/A], 53
2026/02/05 08:20:20.192, NVIDIA Thor, 98 %, [N/A], [N/A], 54
2026/02/05 08:20:21.195, NVIDIA Thor, 97 %, [N/A], [N/A], 53
2026/02/05 08:20:22.197, NVIDIA Thor, 79 %, [N/A], [N/A], 53
2026/02/05 08:20:23.200, NVIDIA Thor, 1 %, [N/A], [N/A], 52
2026/02/05 08:20:24.201, NVIDIA Thor, 2 %, [N/A], [N/A], 52
2026/02/05 08:20:25.203, NVIDIA Thor, 5 %, [N/A], [N/A], 52
2026/02/05 08:20:26.205, NVIDIA Thor, 0 %, [N/A], [N/A], 52
2026/02/05 08:20:27.207, NVIDIA Thor, 95 %, [N/A], [N/A], 53
2026/02/05 08:20:28.210, NVIDIA Thor, 97 %, [N/A], [N/A], 53
2026/02/05 08:20:29.213, NVIDIA Thor, 92 %, [N/A], [N/A], 53
2026/02/05 08:20:30.219, NVIDIA Thor, 92 %, [N/A], [N/A], 53
2026/02/05 08:20:31.225, NVIDIA Thor, 82 %, [N/A], [N/A], 53
2026/02/05 08:20:32.228, NVIDIA Thor, 0 %, [N/A], [N/A], 52
2026/02/05 08:20:33.230, NVIDIA Thor, 0 %, [N/A], [N/A], 52
2026/02/05 08:20:34.233, NVIDIA Thor, 93 %, [N/A], [N/A], 53
2026/02/05 08:20:35.239, NVIDIA Thor, 97 %, [N/A], [N/A], 54
2026/02/05 08:20:36.245, NVIDIA Thor, 98 %, [N/A], [N/A], 54
2026/02/05 08:20:37.247, NVIDIA Thor, 97 %, [N/A], [N/A], 54
2026/02/05 08:20:38.250, NVIDIA Thor, 84 %, [N/A], [N/A], 54
2026/02/05 08:20:39.252, NVIDIA Thor, 12 %, [N/A], [N/A], 53
2026/02/05 08:20:40.255, NVIDIA Thor, 49 %, [N/A], [N/A], 53
2026/02/05 08:20:41.258, NVIDIA Thor, 97 %, [N/A], [N/A], 54
2026/02/05 08:20:42.261, NVIDIA Thor, 97 %, [N/A], [N/A], 54
2026/02/05 08:20:43.264, NVIDIA Thor, 97 %, [N/A], [N/A], 54
2026/02/05 08:20:44.270, NVIDIA Thor, 98 %, [N/A], [N/A], 54
2026/02/05 08:20:45.273, NVIDIA Thor, 98 %, [N/A], [N/A], 54
2026/02/05 08:20:46.276, NVIDIA Thor, 98 %, [N/A], [N/A], 54
2026/02/05 08:20:47.278, NVIDIA Thor, 97 %, [N/A], [N/A], 54
2026/02/05 08:20:48.280, NVIDIA Thor, 97 %, [N/A], [N/A], 54
2026/02/05 08:20:49.283, NVIDIA Thor, 6 %, [N/A], [N/A], 53
2026/02/05 08:20:50.284, NVIDIA Thor, 4 %, [N/A], [N/A], 52
2026/02/05 08:20:51.286, NVIDIA Thor, 98 %, [N/A], [N/A], 54
2026/02/05 08:20:52.291, NVIDIA Thor, 97 %, [N/A], [N/A], 54
2026/02/05 08:20:53.293, NVIDIA Thor, 7 %, [N/A], [N/A], 53
2026/02/05 08:20:54.294, NVIDIA Thor, 98 %, [N/A], [N/A], 54
2026/02/05 08:20:55.298, NVIDIA Thor, 97 %, [N/A], [N/A], 54
2026/02/05 08:20:56.300, NVIDIA Thor, 31 %, [N/A], [N/A], 53
2026/02/05 08:20:57.302, NVIDIA Thor, 8 %, [N/A], [N/A], 53
2026/02/05 08:20:58.304, NVIDIA Thor, 0 %, [N/A], [N/A], 52
2026/02/05 08:20:59.306, NVIDIA Thor, 1 %, [N/A], [N/A], 51
2026/02/05 08:21:00.308, NVIDIA Thor, 1 %, [N/A], [N/A], 51
2026/02/05 08:21:01.309, NVIDIA Thor, 98 %, [N/A], [N/A], 52
2026/02/05 08:21:02.315, NVIDIA Thor, 2 %, [N/A], [N/A], 52
2026/02/05 08:21:03.316, NVIDIA Thor, 98 %, [N/A], [N/A], 53
2026/02/05 08:21:04.319, NVIDIA Thor, 98 %, [N/A], [N/A], 53
2026/02/05 08:21:05.327, NVIDIA Thor, 0 %, [N/A], [N/A], 52
2026/02/05 08:21:06.328, NVIDIA Thor, 4 %, [N/A], [N/A], 52
2026/02/05 08:21:07.330, NVIDIA Thor, 41 %, [N/A], [N/A], 53
2026/02/05 08:21:08.332, NVIDIA Thor, 98 %, [N/A], [N/A], 53
2026/02/05 08:21:09.334, NVIDIA Thor, 97 %, [N/A], [N/A], 53
2026/02/05 08:21:10.340, NVIDIA Thor, 0 %, [N/A], [N/A], 52
2026/02/05 08:21:11.342, NVIDIA Thor, 0 %, [N/A], [N/A], 52
2026/02/05 08:21:12.343, NVIDIA Thor, 3 %, [N/A], [N/A], 52
2026/02/05 08:21:13.346, NVIDIA Thor, 2 %, [N/A], [N/A], 52
2026/02/05 08:21:14.348, NVIDIA Thor, 6 %, [N/A], [N/A], 52
2026/02/05 08:21:15.349, NVIDIA Thor, 80 %, [N/A], [N/A], 53
2026/02/05 08:21:16.351, NVIDIA Thor, 98 %, [N/A], [N/A], 54
2026/02/05 08:21:17.355, NVIDIA Thor, 98 %, [N/A], [N/A], 53
2026/02/05 08:21:18.358, NVIDIA Thor, 98 %, [N/A], [N/A], 53
2026/02/05 08:21:19.360, NVIDIA Thor, 98 %, [N/A], [N/A], 53
2026/02/05 08:21:20.363, NVIDIA Thor, 98 %, [N/A], [N/A], 53
2026/02/05 08:21:21.366, NVIDIA Thor, 98 %, [N/A], [N/A], 54
2026/02/05 08:21:22.368, NVIDIA Thor, 21 %, [N/A], [N/A], 53
2026/02/05 08:21:23.369, NVIDIA Thor, 98 %, [N/A], [N/A], 53
2026/02/05 08:21:24.372, NVIDIA Thor, 98 %, [N/A], [N/A], 54
2026/02/05 08:21:25.375, NVIDIA Thor, 97 %, [N/A], [N/A], 54
2026/02/05 08:21:26.380, NVIDIA Thor, 15 %, [N/A], [N/A], 53
2026/02/05 08:21:27.381, NVIDIA Thor, 93 %, [N/A], [N/A], 54
2026/02/05 08:21:28.384, NVIDIA Thor, 0 %, [N/A], [N/A], 51
2026/02/05 08:21:29.385, NVIDIA Thor, 3 %, [N/A], [N/A], 52
2026/02/05 08:21:30.387, NVIDIA Thor, 13 %, [N/A], [N/A], 53
2026/02/05 08:21:31.398, NVIDIA Thor, 98 %, [N/A], [N/A], 53
2026/02/05 08:21:32.401, NVIDIA Thor, 98 %, [N/A], [N/A], 54
2026/02/05 08:21:33.405, NVIDIA Thor, 0 %, [N/A], [N/A], 52
2026/02/05 08:21:34.407, NVIDIA Thor, 9 %, [N/A], [N/A], 53
2026/02/05 08:21:35.409, NVIDIA Thor, 98 %, [N/A], [N/A], 53
2026/02/05 08:21:36.411, NVIDIA Thor, 97 %, [N/A], [N/A], 53
2026/02/05 08:21:37.414, NVIDIA Thor, 0 %, [N/A], [N/A], 52
2026/02/05 08:21:38.416, NVIDIA Thor, 15 %, [N/A], [N/A], 53
2026/02/05 08:21:39.417, NVIDIA Thor, 98 %, [N/A], [N/A], 54
2026/02/05 08:21:40.422, NVIDIA Thor, 97 %, [N/A], [N/A], 53
2026/02/05 08:21:41.425, NVIDIA Thor, 66 %, [N/A], [N/A], 52
2026/02/05 08:21:42.428, NVIDIA Thor, 0 %, [N/A], [N/A], 52
2026/02/05 08:21:43.429, NVIDIA Thor, 1 %, [N/A], [N/A], 52
2026/02/05 08:21:44.431, NVIDIA Thor, 7 %, [N/A], [N/A], 53
2026/02/05 08:21:45.433, NVIDIA Thor, 98 %, [N/A], [N/A], 53
2026/02/05 08:21:46.435, NVIDIA Thor, 2 %, [N/A], [N/A], 53
2026/02/05 08:21:47.436, NVIDIA Thor, 98 %, [N/A], [N/A], 54
2026/02/05 08:21:48.438, NVIDIA Thor, 98 %, [N/A], [N/A], 53
2026/02/05 08:21:49.440, NVIDIA Thor, 52 %, [N/A], [N/A], 52
2026/02/05 08:21:50.447, NVIDIA Thor, 1 %, [N/A], [N/A], 52
2026/02/05 08:21:51.449, NVIDIA Thor, 98 %, [N/A], [N/A], 53
2026/02/05 08:21:52.451, NVIDIA Thor, 6 %, [N/A], [N/A], 53
2026/02/05 08:21:53.454, NVIDIA Thor, 63 %, [N/A], [N/A], 53
2026/02/05 08:21:54.456, NVIDIA Thor, 97 %, [N/A], [N/A], 54
2026/02/05 08:21:55.458, NVIDIA Thor, 98 %, [N/A], [N/A], 54
2026/02/05 08:21:56.461, NVIDIA Thor, 14 %, [N/A], [N/A], 52
2026/02/05 08:21:57.474, NVIDIA Thor, 4 %, [N/A], [N/A], 51
2026/02/05 08:21:58.475, NVIDIA Thor, 97 %, [N/A], [N/A], 54
2026/02/05 08:21:59.477, NVIDIA Thor, 98 %, [N/A], [N/A], 53
2026/02/05 08:22:00.484, NVIDIA Thor, 87 %, [N/A], [N/A], 52
2026/02/05 08:22:01.486, NVIDIA Thor, 6 %, [N/A], [N/A], 52
2026/02/05 08:22:02.488, NVIDIA Thor, 98 %, [N/A], [N/A], 53
2026/02/05 08:22:03.490, NVIDIA Thor, 90 %, [N/A], [N/A], 53
2026/02/05 08:22:04.492, NVIDIA Thor, 98 %, [N/A], [N/A], 53
2026/02/05 08:22:05.494, NVIDIA Thor, 97 %, [N/A], [N/A], 53
2026/02/05 08:22:06.500, NVIDIA Thor, 5 %, [N/A], [N/A], 52
2026/02/05 08:22:07.502, NVIDIA Thor, 95 %, [N/A], [N/A], 53
2026/02/05 08:22:08.505, NVIDIA Thor, 3 %, [N/A], [N/A], 52
2026/02/05 08:22:09.507, NVIDIA Thor, 97 %, [N/A], [N/A], 53
2026/02/05 08:22:10.511, NVIDIA Thor, 77 %, [N/A], [N/A], 52
2026/02/05 08:22:11.515, NVIDIA Thor, 3 %, [N/A], [N/A], 52
2026/02/05 08:22:12.517, NVIDIA Thor, 98 %, [N/A], [N/A], 54
2026/02/05 08:22:13.522, NVIDIA Thor, 0 %, [N/A], [N/A], 52
2026/02/05 08:22:14.524, NVIDIA Thor, 3 %, [N/A], [N/A], 52
2026/02/05 08:22:15.525, NVIDIA Thor, 98 %, [N/A], [N/A], 54
2026/02/05 08:22:16.527, NVIDIA Thor, 63 %, [N/A], [N/A], 52
2026/02/05 08:22:17.532, NVIDIA Thor, 1 %, [N/A], [N/A], 52
2026/02/05 08:22:18.534, NVIDIA Thor, 2 %, [N/A], [N/A], 52
2026/02/05 08:22:19.535, NVIDIA Thor, 12 %, [N/A], [N/A], 53
2026/02/05 08:22:20.538, NVIDIA Thor, 41 %, [N/A], [N/A], 53
2026/02/05 08:22:21.539, NVIDIA Thor, 98 %, [N/A], [N/A], 53
2026/02/05 08:22:22.542, NVIDIA Thor, 97 %, [N/A], [N/A], 54
2026/02/05 08:22:23.544, NVIDIA Thor, 98 %, [N/A], [N/A], 54
2026/02/05 08:22:24.546, NVIDIA Thor, 98 %, [N/A], [N/A], 54
2026/02/05 08:22:25.552, NVIDIA Thor, 13 %, [N/A], [N/A], 52
2026/02/05 08:22:26.557, NVIDIA Thor, 43 %, [N/A], [N/A], 51
2026/02/05 08:22:27.560, NVIDIA Thor, 26 %, [N/A], [N/A], 51
2026/02/05 08:22:28.561, NVIDIA Thor, 0 %, [N/A], [N/A], 52
2026/02/05 08:22:29.562, NVIDIA Thor, 70 %, [N/A], [N/A], 52
2026/02/05 08:22:30.566, NVIDIA Thor, 97 %, [N/A], [N/A], 53
2026/02/05 08:22:31.568, NVIDIA Thor, 24 %, [N/A], [N/A], 53
2026/02/05 08:22:32.570, NVIDIA Thor, 2 %, [N/A], [N/A], 52
2026/02/05 08:22:33.572, NVIDIA Thor, 97 %, [N/A], [N/A], 54
2026/02/05 08:22:34.574, NVIDIA Thor, 65 %, [N/A], [N/A], 53
2026/02/05 08:22:35.576, NVIDIA Thor, 10 %, [N/A], [N/A], 53
2026/02/05 08:22:36.578, NVIDIA Thor, 81 %, [N/A], [N/A], 53
2026/02/05 08:22:37.580, NVIDIA Thor, 98 %, [N/A], [N/A], 54
2026/02/05 08:22:38.582, NVIDIA Thor, 2 %, [N/A], [N/A], 52
2026/02/05 08:22:39.584, NVIDIA Thor, 96 %, [N/A], [N/A], 54
2026/02/05 08:22:40.588, NVIDIA Thor, 3 %, [N/A], [N/A], 53
2026/02/05 08:22:41.590, NVIDIA Thor, 75 %, [N/A], [N/A], 53
2026/02/05 08:22:42.594, NVIDIA Thor, 1 %, [N/A], [N/A], 52
2026/02/05 08:22:43.595, NVIDIA Thor, 97 %, [N/A], [N/A], 54
2026/02/05 08:22:44.597, NVIDIA Thor, 0 %, [N/A], [N/A], 52
2026/02/05 08:22:45.599, NVIDIA Thor, 98 %, [N/A], [N/A], 54
2026/02/05 08:22:46.602, NVIDIA Thor, 2 %, [N/A], [N/A], 52
2026/02/05 08:22:47.605, NVIDIA Thor, 97 %, [N/A], [N/A], 54
2026/02/05 08:22:48.607, NVIDIA Thor, 97 %, [N/A], [N/A], 54
2026/02/05 08:22:49.610, NVIDIA Thor, 57 %, [N/A], [N/A], 53
2026/02/05 08:22:50.613, NVIDIA Thor, 97 %, [N/A], [N/A], 54
2026/02/05 08:22:51.615, NVIDIA Thor, 0 %, [N/A], [N/A], 52
2026/02/05 08:22:52.617, NVIDIA Thor, 98 %, [N/A], [N/A], 54
2026/02/05 08:22:53.620, NVIDIA Thor, 0 %, [N/A], [N/A], 53
2026/02/05 08:22:54.621, NVIDIA Thor, 98 %, [N/A], [N/A], 54
2026/02/05 08:22:55.623, NVIDIA Thor, 98 %, [N/A], [N/A], 54
2026/02/05 08:22:56.628, NVIDIA Thor, 0 %, [N/A], [N/A], 52
2026/02/05 08:22:57.630, NVIDIA Thor, 92 %, [N/A], [N/A], 53
2026/02/05 08:22:58.634, NVIDIA Thor, 98 %, [N/A], [N/A], 54
2026/02/05 08:22:59.637, NVIDIA Thor, 1 %, [N/A], [N/A], 53
2026/02/05 08:23:00.638, NVIDIA Thor, 97 %, [N/A], [N/A], 54
2026/02/05 08:23:01.641, NVIDIA Thor, 0 %, [N/A], [N/A], 52
2026/02/05 08:23:02.643, NVIDIA Thor, 98 %, [N/A], [N/A], 54
2026/02/05 08:23:03.645, NVIDIA Thor, 0 %, [N/A], [N/A], 53
2026/02/05 08:23:04.646, NVIDIA Thor, 98 %, [N/A], [N/A], 55
2026/02/05 08:23:05.652, NVIDIA Thor, 0 %, [N/A], [N/A], 53
2026/02/05 08:23:06.653, NVIDIA Thor, 98 %, [N/A], [N/A], 55
2026/02/05 08:23:07.658, NVIDIA Thor, 95 %, [N/A], [N/A], 54
2026/02/05 08:23:08.664, NVIDIA Thor, 97 %, [N/A], [N/A], 54
2026/02/05 08:23:09.667, NVIDIA Thor, 97 %, [N/A], [N/A], 54
2026/02/05 08:23:10.670, NVIDIA Thor, 82 %, [N/A], [N/A], 53
2026/02/05 08:23:11.672, NVIDIA Thor, 97 %, [N/A], [N/A], 54
2026/02/05 08:23:12.675, NVIDIA Thor, 98 %, [N/A], [N/A], 54
2026/02/05 08:23:13.677, NVIDIA Thor, 97 %, [N/A], [N/A], 54
2026/02/05 08:23:14.683, NVIDIA Thor, 6 %, [N/A], [N/A], 53
2026/02/05 08:23:15.686, NVIDIA Thor, 1 %, [N/A], [N/A], 52
2026/02/05 08:23:16.687, NVIDIA Thor, 1 %, [N/A], [N/A], 52
2026/02/05 08:23:17.690, NVIDIA Thor, 97 %, [N/A], [N/A], 54
2026/02/05 08:23:18.692, NVIDIA Thor, 5 %, [N/A], [N/A], 53
2026/02/05 08:23:19.694, NVIDIA Thor, 39 %, [N/A], [N/A], 54
2026/02/05 08:23:20.696, NVIDIA Thor, 97 %, [N/A], [N/A], 54
2026/02/05 08:23:21.699, NVIDIA Thor, 97 %, [N/A], [N/A], 54
2026/02/05 08:23:22.702, NVIDIA Thor, 94 %, [N/A], [N/A], 54
2026/02/05 08:23:23.708, NVIDIA Thor, 97 %, [N/A], [N/A], 54
2026/02/05 08:23:24.711, NVIDIA Thor, 12 %, [N/A], [N/A], 54
2026/02/05 08:23:25.714, NVIDIA Thor, 98 %, [N/A], [N/A], 54
2026/02/05 08:23:26.720, NVIDIA Thor, 14 %, [N/A], [N/A], 54
2026/02/05 08:23:27.722, NVIDIA Thor, 98 %, [N/A], [N/A], 54
2026/02/05 08:23:28.728, NVIDIA Thor, 25 %, [N/A], [N/A], 54
2026/02/05 08:23:29.730, NVIDIA Thor, 97 %, [N/A], [N/A], 55
2026/02/05 08:23:30.736, NVIDIA Thor, 6 %, [N/A], [N/A], 53
2026/02/05 08:23:31.737, NVIDIA Thor, 98 %, [N/A], [N/A], 54
2026/02/05 08:23:32.749, NVIDIA Thor, 96 %, [N/A], [N/A], 54
2026/02/05 08:23:33.753, NVIDIA Thor, 3 %, [N/A], [N/A], 53
2026/02/05 08:23:34.755, NVIDIA Thor, 98 %, [N/A], [N/A], 55
2026/02/05 08:23:35.759, NVIDIA Thor, 97 %, [N/A], [N/A], 54
2026/02/05 08:23:36.762, NVIDIA Thor, 0 %, [N/A], [N/A], 53
2026/02/05 08:23:37.763, NVIDIA Thor, 97 %, [N/A], [N/A], 54
2026/02/05 08:23:38.767, NVIDIA Thor, 2 %, [N/A], [N/A], 53
2026/02/05 08:23:39.769, NVIDIA Thor, 2 %, [N/A], [N/A], 53
2026/02/05 08:23:40.770, NVIDIA Thor, 0 %, [N/A], [N/A], 52
2026/02/05 08:23:41.771, NVIDIA Thor, 0 %, [N/A], [N/A], 52
2026/02/05 08:23:42.772, NVIDIA Thor, 0 %, [N/A], [N/A], 52
2026/02/05 08:23:43.774, NVIDIA Thor, 88 %, [N/A], [N/A], 53
2026/02/05 08:23:44.776, NVIDIA Thor, 98 %, [N/A], [N/A], 54
2026/02/05 08:23:45.779, NVIDIA Thor, 98 %, [N/A], [N/A], 54
2026/02/05 08:23:46.784, NVIDIA Thor, 98 %, [N/A], [N/A], 54
2026/02/05 08:23:47.786, NVIDIA Thor, 98 %, [N/A], [N/A], 54
2026/02/05 08:23:48.789, NVIDIA Thor, 98 %, [N/A], [N/A], 54
2026/02/05 08:23:49.795, NVIDIA Thor, 98 %, [N/A], [N/A], 54
2026/02/05 08:23:50.799, NVIDIA Thor, 98 %, [N/A], [N/A], 54
2026/02/05 08:23:51.802, NVIDIA Thor, 97 %, [N/A], [N/A], 54
2026/02/05 08:23:52.805, NVIDIA Thor, 97 %, [N/A], [N/A], 54
2026/02/05 08:23:53.808, NVIDIA Thor, 92 %, [N/A], [N/A], 54
2026/02/05 08:23:54.811, NVIDIA Thor, 98 %, [N/A], [N/A], 55
2026/02/05 08:23:55.814, NVIDIA Thor, 98 %, [N/A], [N/A], 54
2026/02/05 08:23:56.817, NVIDIA Thor, 97 %, [N/A], [N/A], 54
2026/02/05 08:23:57.823, NVIDIA Thor, 97 %, [N/A], [N/A], 54
2026/02/05 08:23:58.826, NVIDIA Thor, 97 %, [N/A], [N/A], 54
2026/02/05 08:23:59.828, NVIDIA Thor, 97 %, [N/A], [N/A], 54
2026/02/05 08:24:00.834, NVIDIA Thor, 98 %, [N/A], [N/A], 54
2026/02/05 08:24:01.836, NVIDIA Thor, 98 %, [N/A], [N/A], 54
2026/02/05 08:24:02.838, NVIDIA Thor, 98 %, [N/A], [N/A], 54
2026/02/05 08:24:03.841, NVIDIA Thor, 98 %, [N/A], [N/A], 54
2026/02/05 08:24:04.843, NVIDIA Thor, 98 %, [N/A], [N/A], 54
2026/02/05 08:24:05.845, NVIDIA Thor, 98 %, [N/A], [N/A], 54
2026/02/05 08:24:06.847, NVIDIA Thor, 97 %, [N/A], [N/A], 54
2026/02/05 08:24:07.849, NVIDIA Thor, 1 %, [N/A], [N/A], 52
2026/02/05 08:24:08.850, NVIDIA Thor, 98 %, [N/A], [N/A], 54
2026/02/05 08:24:09.852, NVIDIA Thor, 92 %, [N/A], [N/A], 54
2026/02/05 08:24:10.854, NVIDIA Thor, 98 %, [N/A], [N/A], 54
2026/02/05 08:24:11.857, NVIDIA Thor, 20 %, [N/A], [N/A], 53
2026/02/05 08:24:12.859, NVIDIA Thor, 18 %, [N/A], [N/A], 53
2026/02/05 08:24:13.861, NVIDIA Thor, 16 %, [N/A], [N/A], 53
2026/02/05 08:24:14.862, NVIDIA Thor, 5 %, [N/A], [N/A], 53
2026/02/05 08:24:15.865, NVIDIA Thor, 98 %, [N/A], [N/A], 54
2026/02/05 08:24:16.867, NVIDIA Thor, 84 %, [N/A], [N/A], 54
2026/02/05 08:24:17.869, NVIDIA Thor, 36 %, [N/A], [N/A], 53
2026/02/05 08:24:18.870, NVIDIA Thor, 10 %, [N/A], [N/A], 53
2026/02/05 08:24:19.883, NVIDIA Thor, 2 %, [N/A], [N/A], 53
2026/02/05 08:24:20.885, NVIDIA Thor, 13 %, [N/A], [N/A], 53
2026/02/05 08:24:21.886, NVIDIA Thor, 2 %, [N/A], [N/A], 53
2026/02/05 08:24:22.888, NVIDIA Thor, 2 %, [N/A], [N/A], 53
2026/02/05 08:24:23.889, NVIDIA Thor, 2 %, [N/A], [N/A], 53
2026/02/05 08:24:24.890, NVIDIA Thor, 5 %, [N/A], [N/A], 53
2026/02/05 08:24:25.892, NVIDIA Thor, 4 %, [N/A], [N/A], 53
2026/02/05 08:24:26.893, NVIDIA Thor, 4 %, [N/A], [N/A], 53
2026/02/05 08:24:27.894, NVIDIA Thor, 7 %, [N/A], [N/A], 53
2026/02/05 08:24:28.895, NVIDIA Thor, 2 %, [N/A], [N/A], 53
2026/02/05 08:24:29.897, NVIDIA Thor, 7 %, [N/A], [N/A], 53
2026/02/05 08:24:30.898, NVIDIA Thor, 6 %, [N/A], [N/A], 53
2026/02/05 08:24:31.901, NVIDIA Thor, 5 %, [N/A], [N/A], 53
2026/02/05 08:24:32.902, NVIDIA Thor, 2 %, [N/A], [N/A], 53
2026/02/05 08:24:33.905, NVIDIA Thor, 2 %, [N/A], [N/A], 53
2026/02/05 08:24:34.907, NVIDIA Thor, 1 %, [N/A], [N/A], 52
2026/02/05 08:24:35.908, NVIDIA Thor, 98 %, [N/A], [N/A], 54
2026/02/05 08:24:36.910, NVIDIA Thor, 23 %, [N/A], [N/A], 53
2026/02/05 08:24:37.911, NVIDIA Thor, 2 %, [N/A], [N/A], 53
2026/02/05 08:24:38.913, NVIDIA Thor, 0 %, [N/A], [N/A], 52
2026/02/05 08:24:39.915, NVIDIA Thor, 86 %, [N/A], [N/A], 53
2026/02/05 08:24:40.927, NVIDIA Thor, 98 %, [N/A], [N/A], 54
2026/02/05 08:24:41.931, NVIDIA Thor, 97 %, [N/A], [N/A], 54
2026/02/05 08:24:42.937, NVIDIA Thor, 96 %, [N/A], [N/A], 54
2026/02/05 08:24:43.941, NVIDIA Thor, 37 %, [N/A], [N/A], 53
2026/02/05 08:24:44.951, NVIDIA Thor, 1 %, [N/A], [N/A], 52
2026/02/05 08:24:45.953, NVIDIA Thor, 0 %, [N/A], [N/A], 52
2026/02/05 08:24:46.954, NVIDIA Thor, 6 %, [N/A], [N/A], 53
2026/02/05 08:24:47.957, NVIDIA Thor, 1 %, [N/A], [N/A], 53
2026/02/05 08:24:48.958, NVIDIA Thor, 87 %, [N/A], [N/A], 53
2026/02/05 08:24:49.960, NVIDIA Thor, 80 %, [N/A], [N/A], 53
2026/02/05 08:24:50.962, NVIDIA Thor, 95 %, [N/A], [N/A], 54
2026/02/05 08:24:51.967, NVIDIA Thor, 97 %, [N/A], [N/A], 54
2026/02/05 08:24:52.972, NVIDIA Thor, 97 %, [N/A], [N/A], 54
2026/02/05 08:24:53.975, NVIDIA Thor, 95 %, [N/A], [N/A], 54
2026/02/05 08:24:54.978, NVIDIA Thor, 96 %, [N/A], [N/A], 54
2026/02/05 08:24:55.984, NVIDIA Thor, 94 %, [N/A], [N/A], 54
2026/02/05 08:24:56.989, NVIDIA Thor, 0 %, [N/A], [N/A], 52
2026/02/05 08:24:57.990, NVIDIA Thor, 86 %, [N/A], [N/A], 53
2026/02/05 08:24:58.992, NVIDIA Thor, 95 %, [N/A], [N/A], 54
2026/02/05 08:24:59.999, NVIDIA Thor, 88 %, [N/A], [N/A], 53
2026/02/05 08:25:01.001, NVIDIA Thor, 94 %, [N/A], [N/A], 54
2026/02/05 08:25:02.007, NVIDIA Thor, 12 %, [N/A], [N/A], 52
2026/02/05 08:25:03.010, NVIDIA Thor, 2 %, [N/A], [N/A], 52
2026/02/05 08:25:04.011, NVIDIA Thor, 3 %, [N/A], [N/A], 52
2026/02/05 08:25:05.014, NVIDIA Thor, 23 %, [N/A], [N/A], 53
2026/02/05 08:25:06.016, NVIDIA Thor, 0 %, [N/A], [N/A], 52
2026/02/05 08:25:07.018, NVIDIA Thor, 97 %, [N/A], [N/A], 54
2026/02/05 08:25:08.022, NVIDIA Thor, 97 %, [N/A], [N/A], 54
2026/02/05 08:25:09.026, NVIDIA Thor, 98 %, [N/A], [N/A], 54
2026/02/05 08:25:10.031, NVIDIA Thor, 98 %, [N/A], [N/A], 54
2026/02/05 08:25:11.034, NVIDIA Thor, 98 %, [N/A], [N/A], 54
2026/02/05 08:25:12.038, NVIDIA Thor, 20 %, [N/A], [N/A], 53
2026/02/05 08:25:13.040, NVIDIA Thor, 8 %, [N/A], [N/A], 53
2026/02/05 08:25:14.042, NVIDIA Thor, 1 %, [N/A], [N/A], 52
2026/02/05 08:25:15.043, NVIDIA Thor, 98 %, [N/A], [N/A], 54
2026/02/05 08:25:16.045, NVIDIA Thor, 98 %, [N/A], [N/A], 54
2026/02/05 08:25:17.048, NVIDIA Thor, 98 %, [N/A], [N/A], 54
2026/02/05 08:25:18.051, NVIDIA Thor, 98 %, [N/A], [N/A], 54
2026/02/05 08:25:19.057, NVIDIA Thor, 98 %, [N/A], [N/A], 54
2026/02/05 08:25:20.063, NVIDIA Thor, 98 %, [N/A], [N/A], 54
2026/02/05 08:25:21.066, NVIDIA Thor, 98 %, [N/A], [N/A], 54
2026/02/05 08:25:22.069, NVIDIA Thor, 97 %, [N/A], [N/A], 54
2026/02/05 08:25:23.072, NVIDIA Thor, 66 %, [N/A], [N/A], 54
2026/02/05 08:25:24.074, NVIDIA Thor, 22 %, [N/A], [N/A], 53
2026/02/05 08:25:25.075, NVIDIA Thor, 5 %, [N/A], [N/A], 53
2026/02/05 08:25:26.077, NVIDIA Thor, 4 %, [N/A], [N/A], 53
2026/02/05 08:25:27.079, NVIDIA Thor, 3 %, [N/A], [N/A], 53
2026/02/05 08:25:28.081, NVIDIA Thor, 2 %, [N/A], [N/A], 53
2026/02/05 08:25:29.083, NVIDIA Thor, 0 %, [N/A], [N/A], 52
2026/02/05 08:25:30.085, NVIDIA Thor, 90 %, [N/A], [N/A], 53
2026/02/05 08:25:31.087, NVIDIA Thor, 97 %, [N/A], [N/A], 54
2026/02/05 08:25:32.090, NVIDIA Thor, 15 %, [N/A], [N/A], 53
2026/02/05 08:25:33.091, NVIDIA Thor, 4 %, [N/A], [N/A], 53
2026/02/05 08:25:34.093, NVIDIA Thor, 5 %, [N/A], [N/A], 53
2026/02/05 08:25:35.094, NVIDIA Thor, 3 %, [N/A], [N/A], 53
2026/02/05 08:25:36.096, NVIDIA Thor, 82 %, [N/A], [N/A], 53
2026/02/05 08:25:37.098, NVIDIA Thor, 98 %, [N/A], [N/A], 54
2026/02/05 08:25:38.100, NVIDIA Thor, 8 %, [N/A], [N/A], 53
2026/02/05 08:25:39.102, NVIDIA Thor, 0 %, [N/A], [N/A], 53
2026/02/05 08:25:40.104, NVIDIA Thor, 33 %, [N/A], [N/A], 53
2026/02/05 08:25:41.111, NVIDIA Thor, 97 %, [N/A], [N/A], 54
2026/02/05 08:25:42.113, NVIDIA Thor, 2 %, [N/A], [N/A], 53
2026/02/05 08:25:43.115, NVIDIA Thor, 4 %, [N/A], [N/A], 53
2026/02/05 08:25:44.117, NVIDIA Thor, 7 %, [N/A], [N/A], 53
2026/02/05 08:25:45.118, NVIDIA Thor, 6 %, [N/A], [N/A], 53
2026/02/05 08:25:46.120, NVIDIA Thor, 4 %, [N/A], [N/A], 53
2026/02/05 08:25:47.121, NVIDIA Thor, 5 %, [N/A], [N/A], 53
2026/02/05 08:25:48.123, NVIDIA Thor, 8 %, [N/A], [N/A], 53
2026/02/05 08:25:49.125, NVIDIA Thor, 7 %, [N/A], [N/A], 53
2026/02/05 08:25:50.126, NVIDIA Thor, 3 %, [N/A], [N/A], 53
2026/02/05 08:25:51.128, NVIDIA Thor, 5 %, [N/A], [N/A], 53
2026/02/05 08:25:52.130, NVIDIA Thor, 98 %, [N/A], [N/A], 54
2026/02/05 08:25:53.133, NVIDIA Thor, 4 %, [N/A], [N/A], 53
2026/02/05 08:25:54.135, NVIDIA Thor, 17 %, [N/A], [N/A], 53
2026/02/05 08:25:55.138, NVIDIA Thor, 2 %, [N/A], [N/A], 53
2026/02/05 08:25:56.139, NVIDIA Thor, 4 %, [N/A], [N/A], 52
2026/02/05 08:25:57.141, NVIDIA Thor, 0 %, [N/A], [N/A], 52
2026/02/05 08:25:58.142, NVIDIA Thor, 0 %, [N/A], [N/A], 52
2026/02/05 08:25:59.145, NVIDIA Thor, 0 %, [N/A], [N/A], 52
2026/02/05 08:26:00.146, NVIDIA Thor, 35 %, [N/A], [N/A], 53
2026/02/05 08:26:01.152, NVIDIA Thor, 2 %, [N/A], [N/A], 52
2026/02/05 08:26:02.153, NVIDIA Thor, 0 %, [N/A], [N/A], 53
2026/02/05 08:26:03.155, NVIDIA Thor, 97 %, [N/A], [N/A], 54
2026/02/05 08:26:04.158, NVIDIA Thor, 97 %, [N/A], [N/A], 54
2026/02/05 08:26:05.162, NVIDIA Thor, 97 %, [N/A], [N/A], 54
2026/02/05 08:26:06.164, NVIDIA Thor, 98 %, [N/A], [N/A], 54
2026/02/05 08:26:07.168, NVIDIA Thor, 66 %, [N/A], [N/A], 54
2026/02/05 08:26:08.169, NVIDIA Thor, 2 %, [N/A], [N/A], 53
2026/02/05 08:26:09.171, NVIDIA Thor, 94 %, [N/A], [N/A], 54
2026/02/05 08:26:10.176, NVIDIA Thor, 97 %, [N/A], [N/A], 54
2026/02/05 08:26:11.182, NVIDIA Thor, 0 %, [N/A], [N/A], 52
2026/02/05 08:26:12.183, NVIDIA Thor, 2 %, [N/A], [N/A], 53
2026/02/05 08:26:13.185, NVIDIA Thor, 1 %, [N/A], [N/A], 52
2026/02/05 08:26:14.186, NVIDIA Thor, 6 %, [N/A], [N/A], 53
2026/02/05 08:26:15.189, NVIDIA Thor, 6 %, [N/A], [N/A], 53
2026/02/05 08:26:16.191, NVIDIA Thor, 1 %, [N/A], [N/A], 53
2026/02/05 08:26:17.193, NVIDIA Thor, 1 %, [N/A], [N/A], 53
2026/02/05 08:26:18.194, NVIDIA Thor, 0 %, [N/A], [N/A], 52
2026/02/05 08:26:19.195, NVIDIA Thor, 0 %, [N/A], [N/A], 52
2026/02/05 08:26:20.197, NVIDIA Thor, 0 %, [N/A], [N/A], 53
2026/02/05 08:26:21.199, NVIDIA Thor, 0 %, [N/A], [N/A], 53
2026/02/05 08:26:22.200, NVIDIA Thor, 2 %, [N/A], [N/A], 52
2026/02/05 08:26:23.202, NVIDIA Thor, 40 %, [N/A], [N/A], 52
2026/02/05 08:26:24.203, NVIDIA Thor, 98 %, [N/A], [N/A], 54
2026/02/05 08:26:25.210, NVIDIA Thor, 98 %, [N/A], [N/A], 54
2026/02/05 08:26:26.218, NVIDIA Thor, 97 %, [N/A], [N/A], 54
2026/02/05 08:26:27.224, NVIDIA Thor, 95 %, [N/A], [N/A], 53
2026/02/05 08:26:28.228, NVIDIA Thor, 79 %, [N/A], [N/A], 53
2026/02/05 08:26:29.231, NVIDIA Thor, 0 %, [N/A], [N/A], 52
2026/02/05 08:26:30.233, NVIDIA Thor, 97 %, [N/A], [N/A], 54
2026/02/05 08:26:31.236, NVIDIA Thor, 97 %, [N/A], [N/A], 54
2026/02/05 08:26:32.240, NVIDIA Thor, 97 %, [N/A], [N/A], 54
2026/02/05 08:26:33.245, NVIDIA Thor, 97 %, [N/A], [N/A], 53
2026/02/05 08:26:34.249, NVIDIA Thor, 97 %, [N/A], [N/A], 54
2026/02/05 08:26:35.252, NVIDIA Thor, 97 %, [N/A], [N/A], 54
2026/02/05 08:26:36.256, NVIDIA Thor, 97 %, [N/A], [N/A], 54
2026/02/05 08:26:37.261, NVIDIA Thor, 96 %, [N/A], [N/A], 54
2026/02/05 08:26:38.266, NVIDIA Thor, 96 %, [N/A], [N/A], 54
2026/02/05 08:26:39.269, NVIDIA Thor, 97 %, [N/A], [N/A], 54
2026/02/05 08:26:40.271, NVIDIA Thor, 98 %, [N/A], [N/A], 54
2026/02/05 08:26:41.274, NVIDIA Thor, 98 %, [N/A], [N/A], 54
2026/02/05 08:26:42.276, NVIDIA Thor, 98 %, [N/A], [N/A], 54
2026/02/05 08:26:43.279, NVIDIA Thor, 97 %, [N/A], [N/A], 54
2026/02/05 08:26:44.281, NVIDIA Thor, 97 %, [N/A], [N/A], 54
2026/02/05 08:26:45.283, NVIDIA Thor, 21 %, [N/A], [N/A], 53
2026/02/05 08:26:46.285, NVIDIA Thor, 7 %, [N/A], [N/A], 53
2026/02/05 08:26:47.287, NVIDIA Thor, 56 %, [N/A], [N/A], 53
2026/02/05 08:26:48.291, NVIDIA Thor, 98 %, [N/A], [N/A], 54
2026/02/05 08:26:49.294, NVIDIA Thor, 1 %, [N/A], [N/A], 52
2026/02/05 08:26:50.295, NVIDIA Thor, 98 %, [N/A], [N/A], 54
2026/02/05 08:26:51.297, NVIDIA Thor, 97 %, [N/A], [N/A], 54
2026/02/05 08:26:52.299, NVIDIA Thor, 98 %, [N/A], [N/A], 54
2026/02/05 08:26:53.302, NVIDIA Thor, 97 %, [N/A], [N/A], 54
2026/02/05 08:26:54.304, NVIDIA Thor, 98 %, [N/A], [N/A], 54
2026/02/05 08:26:55.306, NVIDIA Thor, 98 %, [N/A], [N/A], 54
2026/02/05 08:26:56.309, NVIDIA Thor, 98 %, [N/A], [N/A], 54
2026/02/05 08:26:57.313, NVIDIA Thor, 98 %, [N/A], [N/A], 54
2026/02/05 08:26:58.315, NVIDIA Thor, 97 %, [N/A], [N/A], 54
2026/02/05 08:26:59.317, NVIDIA Thor, 97 %, [N/A], [N/A], 54
2026/02/05 08:27:00.323, NVIDIA Thor, 20 %, [N/A], [N/A], 54
2026/02/05 08:27:01.325, NVIDIA Thor, 34 %, [N/A], [N/A], 54
2026/02/05 08:27:02.327, NVIDIA Thor, 62 %, [N/A], [N/A], 54
2026/02/05 08:27:03.329, NVIDIA Thor, 98 %, [N/A], [N/A], 54
2026/02/05 08:27:04.331, NVIDIA Thor, 81 %, [N/A], [N/A], 54
2026/02/05 08:27:05.333, NVIDIA Thor, 11 %, [N/A], [N/A], 53
2026/02/05 08:27:06.334, NVIDIA Thor, 12 %, [N/A], [N/A], 53
2026/02/05 08:27:07.336, NVIDIA Thor, 8 %, [N/A], [N/A], 53
2026/02/05 08:27:08.338, NVIDIA Thor, 7 %, [N/A], [N/A], 53
2026/02/05 08:27:09.339, NVIDIA Thor, 1 %, [N/A], [N/A], 53
2026/02/05 08:27:10.341, NVIDIA Thor, 98 %, [N/A], [N/A], 55
2026/02/05 08:27:11.344, NVIDIA Thor, 9 %, [N/A], [N/A], 53
2026/02/05 08:27:12.345, NVIDIA Thor, 31 %, [N/A], [N/A], 54
2026/02/05 08:27:13.347, NVIDIA Thor, 97 %, [N/A], [N/A], 54
2026/02/05 08:27:14.349, NVIDIA Thor, 48 %, [N/A], [N/A], 54
2026/02/05 08:27:15.351, NVIDIA Thor, 5 %, [N/A], [N/A], 53
2026/02/05 08:27:16.352, NVIDIA Thor, 5 %, [N/A], [N/A], 52
2026/02/05 08:27:17.354, NVIDIA Thor, 0 %, [N/A], [N/A], 53
2026/02/05 08:27:18.355, NVIDIA Thor, 0 %, [N/A], [N/A], 53
2026/02/05 08:27:19.357, NVIDIA Thor, 9 %, [N/A], [N/A], 53
2026/02/05 08:27:20.359, NVIDIA Thor, 4 %, [N/A], [N/A], 53
2026/02/05 08:27:21.360, NVIDIA Thor, 16 %, [N/A], [N/A], 53
2026/02/05 08:27:22.362, NVIDIA Thor, 11 %, [N/A], [N/A], 53
2026/02/05 08:27:23.364, NVIDIA Thor, 98 %, [N/A], [N/A], 54
2026/02/05 08:27:24.366, NVIDIA Thor, 1 %, [N/A], [N/A], 53
2026/02/05 08:27:25.368, NVIDIA Thor, 0 %, [N/A], [N/A], 53
2026/02/05 08:27:26.370, NVIDIA Thor, 97 %, [N/A], [N/A], 54
2026/02/05 08:27:27.372, NVIDIA Thor, 11 %, [N/A], [N/A], 53
2026/02/05 08:27:28.373, NVIDIA Thor, 9 %, [N/A], [N/A], 53
2026/02/05 08:27:29.375, NVIDIA Thor, 10 %, [N/A], [N/A], 53
2026/02/05 08:27:30.377, NVIDIA Thor, 27 %, [N/A], [N/A], 54
2026/02/05 08:27:31.378, NVIDIA Thor, 29 %, [N/A], [N/A], 54
2026/02/05 08:27:32.380, NVIDIA Thor, 97 %, [N/A], [N/A], 54
2026/02/05 08:27:33.382, NVIDIA Thor, 2 %, [N/A], [N/A], 53
2026/02/05 08:27:34.383, NVIDIA Thor, 6 %, [N/A], [N/A], 53
2026/02/05 08:27:35.386, NVIDIA Thor, 14 %, [N/A], [N/A], 53
2026/02/05 08:27:36.387, NVIDIA Thor, 8 %, [N/A], [N/A], 53
2026/02/05 08:27:37.389, NVIDIA Thor, 3 %, [N/A], [N/A], 53
2026/02/05 08:27:38.391, NVIDIA Thor, 4 %, [N/A], [N/A], 53
2026/02/05 08:27:39.392, NVIDIA Thor, 9 %, [N/A], [N/A], 53
2026/02/05 08:27:40.394, NVIDIA Thor, 2 %, [N/A], [N/A], 53
2026/02/05 08:27:41.397, NVIDIA Thor, 1 %, [N/A], [N/A], 53
2026/02/05 08:27:42.398, NVIDIA Thor, 0 %, [N/A], [N/A], 52
2026/02/05 08:27:43.401, NVIDIA Thor, 33 %, [N/A], [N/A], 52
2026/02/05 08:27:44.402, NVIDIA Thor, 1 %, [N/A], [N/A], 53
2026/02/05 08:27:45.404, NVIDIA Thor, 4 %, [N/A], [N/A], 53
2026/02/05 08:27:46.406, NVIDIA Thor, 3 %, [N/A], [N/A], 53
2026/02/05 08:27:47.409, NVIDIA Thor, 3 %, [N/A], [N/A], 53
2026/02/05 08:27:48.410, NVIDIA Thor, 0 %, [N/A], [N/A], 52
2026/02/05 08:27:49.412, NVIDIA Thor, 0 %, [N/A], [N/A], 52
2026/02/05 08:27:50.414, NVIDIA Thor, 95 %, [N/A], [N/A], 54
2026/02/05 08:27:51.420, NVIDIA Thor, 98 %, [N/A], [N/A], 54
2026/02/05 08:27:52.424, NVIDIA Thor, 3 %, [N/A], [N/A], 53
2026/02/05 08:27:53.426, NVIDIA Thor, 97 %, [N/A], [N/A], 54
2026/02/05 08:27:54.431, NVIDIA Thor, 97 %, [N/A], [N/A], 54
2026/02/05 08:27:55.437, NVIDIA Thor, 98 %, [N/A], [N/A], 54
2026/02/05 08:27:56.443, NVIDIA Thor, 98 %, [N/A], [N/A], 54
2026/02/05 08:27:57.446, NVIDIA Thor, 4 %, [N/A], [N/A], 53
2026/02/05 08:27:58.449, NVIDIA Thor, 97 %, [N/A], [N/A], 54
2026/02/05 08:27:59.452, NVIDIA Thor, 98 %, [N/A], [N/A], 54
2026/02/05 08:28:00.459, NVIDIA Thor, 98 %, [N/A], [N/A], 54
2026/02/05 08:28:01.464, NVIDIA Thor, 97 %, [N/A], [N/A], 54
2026/02/05 08:28:02.467, NVIDIA Thor, 98 %, [N/A], [N/A], 54
2026/02/05 08:28:03.472, NVIDIA Thor, 98 %, [N/A], [N/A], 54
2026/02/05 08:28:04.478, NVIDIA Thor, 98 %, [N/A], [N/A], 54
2026/02/05 08:28:05.481, NVIDIA Thor, 97 %, [N/A], [N/A], 54
2026/02/05 08:28:06.484, NVIDIA Thor, 98 %, [N/A], [N/A], 54
2026/02/05 08:28:07.486, NVIDIA Thor, 0 %, [N/A], [N/A], 53
2026/02/05 08:28:08.488, NVIDIA Thor, 98 %, [N/A], [N/A], 54
2026/02/05 08:28:09.490, NVIDIA Thor, 0 %, [N/A], [N/A], 52
2026/02/05 08:28:10.492, NVIDIA Thor, 97 %, [N/A], [N/A], 54
2026/02/05 08:28:11.494, NVIDIA Thor, 39 %, [N/A], [N/A], 54
2026/02/05 08:28:12.496, NVIDIA Thor, 91 %, [N/A], [N/A], 54
2026/02/05 08:28:13.501, NVIDIA Thor, 17 %, [N/A], [N/A], 54
2026/02/05 08:28:14.503, NVIDIA Thor, 95 %, [N/A], [N/A], 54
2026/02/05 08:28:15.507, NVIDIA Thor, 6 %, [N/A], [N/A], 53
2026/02/05 08:28:16.509, NVIDIA Thor, 97 %, [N/A], [N/A], 55
2026/02/05 08:28:17.512, NVIDIA Thor, 3 %, [N/A], [N/A], 53
2026/02/05 08:28:18.514, NVIDIA Thor, 98 %, [N/A], [N/A], 55
2026/02/05 08:28:19.517, NVIDIA Thor, 6 %, [N/A], [N/A], 53
2026/02/05 08:28:20.519, NVIDIA Thor, 98 %, [N/A], [N/A], 55
2026/02/05 08:28:21.524, NVIDIA Thor, 2 %, [N/A], [N/A], 53
2026/02/05 08:28:22.526, NVIDIA Thor, 98 %, [N/A], [N/A], 55
2026/02/05 08:28:23.529, NVIDIA Thor, 98 %, [N/A], [N/A], 54
2026/02/05 08:28:24.532, NVIDIA Thor, 98 %, [N/A], [N/A], 55
2026/02/05 08:28:25.534, NVIDIA Thor, 97 %, [N/A], [N/A], 55
2026/02/05 08:28:26.537, NVIDIA Thor, 98 %, [N/A], [N/A], 55
2026/02/05 08:28:27.541, NVIDIA Thor, 98 %, [N/A], [N/A], 54
2026/02/05 08:28:28.543, NVIDIA Thor, 98 %, [N/A], [N/A], 55
2026/02/05 08:28:29.545, NVIDIA Thor, 97 %, [N/A], [N/A], 54
2026/02/05 08:28:30.548, NVIDIA Thor, 97 %, [N/A], [N/A], 54
2026/02/05 08:28:31.550, NVIDIA Thor, 0 %, [N/A], [N/A], 53
2026/02/05 08:28:32.551, NVIDIA Thor, 98 %, [N/A], [N/A], 55
2026/02/05 08:28:33.553, NVIDIA Thor, 1 %, [N/A], [N/A], 53
2026/02/05 08:28:34.555, NVIDIA Thor, 3 %, [N/A], [N/A], 52
2026/02/05 08:28:35.556, NVIDIA Thor, 8 %, [N/A], [N/A], 53
2026/02/05 08:28:36.558, NVIDIA Thor, 98 %, [N/A], [N/A], 55
2026/02/05 08:28:37.559, NVIDIA Thor, 4 %, [N/A], [N/A], 53
2026/02/05 08:28:38.561, NVIDIA Thor, 98 %, [N/A], [N/A], 55
2026/02/05 08:28:39.563, NVIDIA Thor, 2 %, [N/A], [N/A], 53
2026/02/05 08:28:40.571, NVIDIA Thor, 98 %, [N/A], [N/A], 55
2026/02/05 08:28:41.573, NVIDIA Thor, 0 %, [N/A], [N/A], 53
2026/02/05 08:28:42.574, NVIDIA Thor, 98 %, [N/A], [N/A], 55
2026/02/05 08:28:43.577, NVIDIA Thor, 2 %, [N/A], [N/A], 53
2026/02/05 08:28:44.578, NVIDIA Thor, 97 %, [N/A], [N/A], 55
2026/02/05 08:28:45.581, NVIDIA Thor, 0 %, [N/A], [N/A], 53
2026/02/05 08:28:46.582, NVIDIA Thor, 98 %, [N/A], [N/A], 55
2026/02/05 08:28:47.586, NVIDIA Thor, 4 %, [N/A], [N/A], 53
2026/02/05 08:28:48.587, NVIDIA Thor, 1 %, [N/A], [N/A], 53
2026/02/05 08:28:49.590, NVIDIA Thor, 97 %, [N/A], [N/A], 55
2026/02/05 08:28:50.592, NVIDIA Thor, 4 %, [N/A], [N/A], 53
2026/02/05 08:28:51.593, NVIDIA Thor, 4 %, [N/A], [N/A], 53
2026/02/05 08:28:52.595, NVIDIA Thor, 0 %, [N/A], [N/A], 53
2026/02/05 08:28:53.597, NVIDIA Thor, 97 %, [N/A], [N/A], 55
2026/02/05 08:28:54.599, NVIDIA Thor, 4 %, [N/A], [N/A], 53
2026/02/05 08:28:55.601, NVIDIA Thor, 0 %, [N/A], [N/A], 53
2026/02/05 08:28:56.602, NVIDIA Thor, 98 %, [N/A], [N/A], 55
2026/02/05 08:28:57.604, NVIDIA Thor, 0 %, [N/A], [N/A], 53
2026/02/05 08:28:58.606, NVIDIA Thor, 0 %, [N/A], [N/A], 52
2026/02/05 08:28:59.608, NVIDIA Thor, 3 %, [N/A], [N/A], 52
2026/02/05 08:29:00.609, NVIDIA Thor, 0 %, [N/A], [N/A], 51
2026/02/05 08:29:01.612, NVIDIA Thor, 0 %, [N/A], [N/A], 51
2026/02/05 08:29:02.618, NVIDIA Thor, 0 %, [N/A], [N/A], 51
2026/02/05 08:29:03.622, NVIDIA Thor, 0 %, [N/A], [N/A], 51
